names,research
"Agostinelli, Forest","Forest Agostinelli's research involves designing new artificial intelligence algorithms
                                 and applying these algorithms to problems in the sciences. Simultaneously, his research
                                 draws upon the sciences to provide inspiration for new artificial intelligence algorithms.|His research interests include:|Deep learning: Neural network architectures, learning activation functions|Reinforcement learning: deep RL, model-based RL|Search: Learning heuristics, large state spaces, theoretical guarantees|Interpretability/Explainability|His application interests include:|Logic: Puzzle solving, theorem proving|Bioinformatics: Circadian rhythms, protein folding|Neuroscience: Hippocampus and memory|High energy physics: Identifying exotic particles|Chemistry: Molecular optimization, retrosynthesis | Artificial Intelligence|Deep Learning|Reinforcement Learning|Heuristic Search|Logic"
"Ahmad, Iftikhar","['Previous position Senior Scientist , Sensor Electronic Technology , Inc . Ph . D . Texas Tech UniversityResearch interests growth and study of ultra wide bandgap semiconductors including high aluminum content AlGaN , boron nitride and gallium oxide , fabrication of novel high power electronic and photonic devices , and computer simulation of these devices']"
"Alexeev, Oleg S.","Catalytic processes on surfaces take place through sequences of elementary reactions
                                    involving adsorbed reactants, products, and reaction intermediates associated with
                                    active sites on the catalyst surface. Our research goals are focused on fundamental
                                    understanding of the structure of the metal-support interface, structures of metal
                                    clusters on supports, and the influence of promoters on the structure and catalytic
                                    properties of supported metal clusters and aggregates. The objectives of our research
                                    program are pursued through an application of a combination of various experimental
                                    methods to the characterization of catalytic materials. Spectroscopic techniques,
                                    including TPD, TPR, FTIR, XPS, HRTEM, XRD, UV-Visible, and EXAFS, are used to characterize
                                    active sites of catalysts and adsorbed species under actual conditions of catalysis.
                                    Considerable information gained from these techniques along with the chemisorption
                                    and catalytic data is used to establish the dependence of catalytic properties on
                                    metal cluster or particle sizes, the structure of active sites, and the structure
                                    of the metal-support interface."
"Ali, Mohammod","Conformal Antennas in Aerospace Applications – broadband, load bearing, reconfigurable
                                    antennas and phased arrays. 3D printing and additive manufacturing of antennas and
                                    RF structures.|Wireless power transfer and wireless sensing in infrastructure – wireless sensor design
                                    using RF/electromagnetic principles, such as interdigitated sensors for dielectrometry
                                    (cable insulation damage detection, moisture variation detection), and surface wave
                                    sensors for time frequency based reflectometry. Near and far field wireless power
                                    transfer for sensors in difficult to reach areas.|Antennas for Mobile Wireless Communications – Multiband or wideband antenna design
                                    for mobile wireless communications for handhelds, wearables, and base stations. Frequency
                                    and pattern reconfigurability, Multiple Input Multiple Output (MIMO), Specific Absorption
                                    Rate (SAR), platform integrated antennas.|Reconfigurable Antennas for mm-Wave – high performance phased array antennas for the
                                    handheld and wireless access points for 5G mm-Wave communications. Antenna design
                                    for Internet of Things (IoT).|Metamaterials and metasurfaces for Antennas and Signals – broadband metamaterials
                                    for conformal aircraft antennas, broadband absorption materials, cross-talk reduction
                                    in printed circuit boards."
"Alshareef, Ahmed A. ","Biomechanics plays an important role in understanding, preventing, and healing injury
                                 and disease in the human body. A fundamental understanding of the mechanics of biological
                                 tissues allows us to employ experimental and computational methods to assess mitigation
                                 strategies, as well as tailor patient-specific surgical and therapeutic interventions.
                                 Our lab's current research is aimed at:|Experimental characterization of biological tissue deformation and mechanics|Multi-physics biomechanics simulations of injury and disease using finite element
                                    models|Biomechanical ‘digital twins’ through patient-specific simulations to inform safety
                                    design and clinical decision-making|Statistical filtering and data-driven reduction methods to supplement sparse data
                                    and improve model prediction"
"Ammal, Salai C.","Heterogeneous Catalysis at Metal-Oxide Interfaces: This research focuses on enhancing our molecular understanding of heterogeneous
                                 catalysis at the three-phase boundary of a gas-phase, a reducible-oxide surface, and
                                 a noble metal cluster. We aim at identifying the unique activity and selectivity of
                                 these bifunctional catalysts for various reactions relevant to energy conversion.|Electrocatalysis in Solid Oxide Fuel Cells: Combined DFT and microkinetic modeling techniques are used to investigate the reaction
                                 kinetics of the electrochemical oxidation of fuels under anodic reaction conditions.
                                 Both, conventional Ni/YSZ cermet and novel perovskite oxides are investigated. Fundamental
                                 understanding of elementary reaction steps and kinetics of electrochemical reactions
                                 will permit the design and discovery of novel materials that are more tolerant to
                                 sulfur and carbon poisoning."
"Ammarell, Karen",Civil and Environmental Engineering
"Austin, Ryan","Systems Manager, Computing Infrastructure Director, Computer Science & Engineering"
"Azhar, Mohamad",Role of TGFbeta ligands in cardiovascular …
"Bailey, Robert",Computer Science and Engineering
"Bakos, Jason D. ","Dr. Bakos's research interests involve computer architecture at the circuit level,
                                    micro-architectural level, and system level. This includes VLSI design, design automation,
                                    system-level interconnects, reconfigurable computing and high-performance computing. | computer architecture|reconfigurable computing|heterogeneous computing|high performance computing|embedded systems"
"Baldwin, Randi",Computer Science and Engineering
"Balestrero, Jenny",Electrical Engineering
"Banerjee, Sourav ","Dr. Banerjee's expertise and research interest includes Computational NDE/SHM, Material
                                 State Awareness, Smart Structure/Energy Harvesting, Mechatronics/Robotics, Biomimetic
                                 and Metamaterials.|Banerjee’s Current Research is spanned across the following primary fields | Wave Propagation|Ultrasonics|Acoustics|Metamaterials|Biomedical"
"Barnett, Evan","Mechanical Engineering, Aerospace Engineering"
"Bartl, Johanna",Chemical Engineering
"Baus, Ronald",Civil and Environmental Engineering
"Bayoumi, Abdel-Moez E. ","['300 Main StreetRoom A223Columbia , SC 29208Dr . Bayoumi has about 40 years teaching , research and industry experience . He is currently the Director of the McNair Aerospace Center , Director of the Center for Predictive Maintenance , Associate Dean for Corporate Relations and Professor of Mechanical and Biomedical Engineering . Prior to joining USC , he was Professor of Mechanical and Aerospace Engineering at North Carolina State University , a project manager at Hewlett Packard Company , and Professor of Mechanical and Materials Engineering at Washington State University . He has been actively involved in developing strong programs in mechanical , biomedical , nuclear and aerospace engineering . His research activities have been focused in mechanical behavior of materials , tribology , diagnosis and prognosis and life predictions of mechanical systems , manufacturing processes , health monitoring systems , condition based maintenance , and digital transformation . Dr . Bayoumi has received more than 35M in funding from the US Department of Defense , US Department of Energy , US National Science Foundation and various US industries . He has published over 150 journal and conference papers']"
"Bays, Carter",Computer Science & Engineering
"Bedenbaugh, Janice",Integrated Information Technology
"Berge, Nicole D.",waste conversion|solid waste|nanomaterial fate|bioreactor landfills|waste to energy
"Besmann, Theodore  M.",Nuclear fuel and waste materials
"Bess, Bree",Engineering and Computing
"Blanchette, James  Otto","My research interests fall into the areas of: design of cell-instructive materials,
                                 delivery of therapeutics and tissue engineering. Specific projects include: developing
                                 responsive delivery systems to expand the spectrum of chemotherapeutics which can
                                 be administered orally; extending proper function of pancreatic islet cells following
                                 transplantation through genetic engineering and design of instructive hydrogel materials;
                                 tracking hypoxic signaling in three-dimensional cell aggregates; and transplantation
                                 of mesenchymal stem cells to enhance vascularization."
"Boltin, Nicholas D.","Dr. Boltin’s research focuses on developing decision support systems for the healthcare
                                 industry.  Data Science is an interdisciplinary field that employs techniques from
                                 many disciplines such as mathematics, statistics, information science and computer
                                 science.  The focus of our research is categorized into two broad areas: One, to glean
                                 information from data utilizing analytical techniques including data mining, statistical
                                 analysis, dimension reduction, supervised and unsupervised machine learning, as well
                                 as predictive modeling.  Two, design and evaluate translational informatic tools created
                                 to deploy sophisticated algorithms using the latest in software development and human
                                 computer interaction. | Artificial Intelligence|Machine Learning|predictive analytics|data mining|decision support systems"
"Booth, Kristen",DC Microgrids|Optimization of Power Electronics|Medium Frequency Medium Voltage Transformer Optimization|Electric Vehicle Charging Stations|Solid State Transformers|Reliability Testing of Wide Bandgap and Ultra WBG Semiconductors in Power Converters|AI-integrated Power Electronics | Power Electronics Reliability|Medium Frequency Transformer Optimization|Power Grid Resiliency
"Bowles, John ",Computer Science & Engineering
"Bradburn, J. Hugh",Civil and Environmental Engineering
"Bradley, Bill",Mechanical Engineering
"Bradshaw, Kimberly",Biomedical Engineering
"Brillhart, Allison",Engineering and Computing
"Brookshire, Robert G., Ph.D.",Applications of statistical methods and neural networks|Information systems pedagogy|Web usability | Information Technnology
"Buell, Duncan A.","Professor Buell's recent work has been in electronic voting systems and in digital
                                 humanities. He has been part of a team that is auditing election data in South Carolina
                                 and discovering problems in the process that lead to uncounted votes and to the absence
                                 of data to support the vote totals certified by the state. In digital humanities,
                                 he is co-supervising work on Ward One App, a critical interactive for iPhone about “urban renewal” in Columbia SC and the University
                                 of South Carolina’s role in evicting residents of the Ward One neighborhood adjacent
                                 to the university, and is engaged in the analysis of First Year English essays for
                                 linguistic characteristics and improvement of writing pedagogy.|Professor Buell's past research interests included the algorithms and architectures
                                 for performing computations, such as those in discrete mathematics and text/string
                                 processing, for which traditional computer architectures oriented toward floating-point
                                 computations normally perform at a significantly reduced efficiency. One class of
                                 such problems are those computational problems in number theory for which fast integer
                                 arithmetic, often multiprecision arithmetic, is necessary. Another broad class of
                                 problems are those for which ""custom computing machines"" were devised. These include
                                 bit-oriented computations such as those done in string processing, and image processing
                                 computations, for which one often needs substantial parallelism, but for which 8-bit
                                 or 12-bit arithmetic is often sufficient accuracy. At IDA/CCS he directed the Splash
                                 2 project building a custom computing machine that used Xilinx FPGAs as the compute
                                 elements and whose applications were programmed in VHDL."
"Busbee, Shawna","['research', 'computer', 'engineering']"
"Cacuci, Dan Gabriel",Mechanical Engineering
"Caicedo, Juan","Dr. Caicedo's area of specialization is in Structural Engineering with emphasis in
                                    Structural Dynamics. His research interests include both numerical and experimental
                                    research in the areas of structural dynamics, model updating, structural health monitoring,
                                    earthquake engineering and structural control. Dr. Caicedo is member of the American
                                    Society of Civil Engineers, the Earthquake Engineering Research Institute, George
                                    E. Brown Jr. Network for Earthquake Engineering Simulation, the Society of Experimental
                                    Mechanics and the American Society of Engineering Educators. | Computational Biology|Machine Learning|Computer Vision"
"Calderon, Andre",Engineering and Computing
"Calloway, T. Bond",Engineering and Computing
"Cannon, Robert",Computer Science and Engineering
"Carrilho, Leo ","['Dr . Leo Carrilho s research and interests include modeling and simulation of processes and phenomena in structural and thermal hydraulic design of PWR nuclear fuel and core components , using the FEA and the CFD methods .']"
"Carver, Wayne","The ventricular wall of the heart is composed of contractile muscle cells and non-muscle
                                 cell types including fibroblasts, endothelial cells and others. These cells are interconnected
                                 and supported by an elaborate extracellular matrix. Changes in the density and organization
                                 of the extracellular matrix are known to affect cardiovascular performance and have
                                 been correlated with heart disease. For instance, excessive accumulation of extracellular
                                 matrix or fibrosis is commonly associated with hypertension and myocardial infarction.
                                 Increased accumulation of extracellular matrix as seen during fibrosis results in
                                 a “stiffer” myocardium, which alters heart function.  The extracellular matrix in
                                 the heart is produced largely by cardiac fibroblasts.|The research in Dr. Carver’s lab is focused on understanding how fibroblast behavior
                                 and gene expression are regulated in the heart. We are particularly interested in
                                 how chronic exposure to alcohol as seen during alcohol abuse results in myocardial
                                 fibrosis. Cell culture and animal models are being used to examine the regulation
                                 of fibroblasts in cardiovascular disease."
"Chandrashekhar, MVS",Graphene|Chemistry|Plasmonics|SiC|Epitaxy
"Chao, Yuh J. ","['Dr . Chao s research and interests include theoretical and experimental studies on failure , fracture and fatigue of materials and structures , welding modeling for residual stress and distortion , impact mechanics for material characterization and failure criterion , biomechanics and nanomechanics , and the durability of PEM fuel cell systems . Cao , Yupeng Qian , Guian He , Yinbiao Niffenegger , Markus Chao , Yuh J , Constraint Assessment for Specimens Tested Under Uniaxial and Biaxial Loading Conditions , ASME Journal of Pressure Vessel Technology , 031401 7 , Vol . 140 , June 2018 . Wang Bo , Zhu Shiyang , Hao Peng , Bi Xiangju , DuKaifan , Chen Bingquan , Ma Xiangtao , Chao Yuh J . , Buckling of quasi perfect cylindrical shell under axial compression A combined experimental and numerical investigation , International Journal of Solids and Structures , 130 131 2018 232 247 .']"
"Chaudhry, Hanif","Dr. Chaudhry's area of specialization is water resource engineering with emphasis
                                    on the mathematical and physical modeling of steady and unsteady flows in closed conduits
                                    and open-channel. The research interests include both numerical and experimental investigations,
                                    such as modeling and laboratory studies on fluid transients in pipelines, on flood
                                    flows in rivers and channels, on levee breach, dam failure, and on scour around bridge
                                    piers, etc. | Hydraulic Engineering|Water Resources Engineering|Hydraulic Transients"
"Chen, Donna",Surface science|catalysis|physical chemistry
"Chen, Fanglin (Frank)",Solid Oxide Fuel Cells|Materials Science|Ceramics|Solid State Electrochemistry|Gas Separation Membrane
"Chen, Yinchao","Signal integrity for high speed circuits by using industrial standard tools, including
                                    HFSS, HSPICE, PSPICE, ADS, IBIS, and CADENCE ALLEGRO Viewer for analysis of board-level
                                    crosstalk, interconnects, connectors, packages, and vias, for modeling of behavioral
                                    buffers, for design of clock timing systems, and for analysis of power delivery networks.|Analysis and design of multi-band mobile handset printed inverted-F antennas (PIFAs)
                                    and base station antenna arrays by using the finite difference time domain (FDTD)
                                    method.|Analysis and design of RF, millimeter-wave, and microwave integrated circuits printed
                                    on multi-layer GaN based substrates by using the FDTD approach and the method of moments
                                    (MoM).|Bioelectromagnetic applications: prediction and detection of early breast cancers
                                    and EM interaction investigation between human bodies and mobile handsets by using
                                    the (FDTD) method.|Large target scattering RCS prediction by using higher-order, efficient Maxwell’s
                                    solvers, including the pseudospectral time domain (PSTD) approach, and multiresolution
                                    time domain (MRTD) scheme.|Wireless indoor and outdoor signal coverage study by using the PSTD MRTD approaches."
"Chen, Yuche",AI-augmented simulation|emerging technologies|data sensing and analytics
"Coman, Paul  T.","Development of mathematical modeling for improving the performance and safety in Li-ion
                                 batteries"
"Crichigno, Jorge","Design, implementation, and evaluation of Science DMZs|Effect of packet losses not due congestion on Science DMZs and high-speed, high-latency
                                    networks|Flow-based Intrusion Detection Systems|Network Function Virtualization: optimal routing and placement of network functions | P4|Science DMZ|IoT Security"
"Dalton, Travis",Integrated Information Technology
"Davis, Denise Sgroi",Medical and Healthcare Informatics|Data Modeling and Analytics of RWD|Big Data Analytics|Data-Driven Decision Making|Web and Information Technology
"Davis, James P",Computer Science & Engineering
"De Backer, Wout","Dr. De Backer’s research interest include continuous fiber thermoplastic additive
                                 manufacturing (FFF, 3D printing), structural design of thermoplastic composites and
                                 aircraft design.|The core focus of the 3D printing team lead by Dr. De Backer at the University of
                                 South Carolina is on multi-axis 3D printing with continuous fiber and engineering
                                 thermoplastic matrix. The team therefore has extensive background in 3D printer design,
                                 automation, and composite design and analysis, and uses both off-the-shelf and in-house
                                 developed FDM/FFF style printers. Our current staff of researchers, is focused in
                                 the field of Fused Filament Fabrication (FFF) Additive Manufacturing. The team also
                                 has experience in manufacturing engineering thermoplastic filament/feedstock for 3D
                                 printers within the required tolerances, using in-house developed pellet extrusion
                                 and tow pultrusion systems. Through our group's industry contracts, the researchers
                                 have close relationships with companies that directly use or implement the developments
                                 brought by the research."
"Delahunt, Natasha",Computer Science & Engineering
"Deng, Xiaomin ",Solid mechanics|finite element|modeling and simulation|manufacturing process simulation|molecular dynamics simulation
"DesChamps, Kachet","Biomedical Engineering, Chemical Engineering"
"Dickerson, John",Civil and Environmental Engineering
"Dillon, Anthony L","['Innovation Center550 Assembly Street , Suite 1300Office 1321Columbia , SC 29208Mr . Dillon is the Director of Internships for the Department of Integrated Information Technology and clinical instructor for undergraduate and graduate programs within the IIT and MHIT programs . He has worked within the private and public sectors as it related to educational technology and brings numerous business partnerships and relationships to the university .']"
"Dohan, David",Information Technology Services
"Dorrell, Kay",Engineering and Computing
"Dorrell, Vernon",Chemical Engineering
"Dotter, Rachel",Civil and Environmental Engineering
"Dougal, Roger A.","Power conversion and storage in fuel cells, batteries, and capacitors|Power routing and control in microgrids and renewable energy systems|Power electronic implementations of Smart Grid concepts|Modeling and simulation methods for integrated electrical, thermal, mechanical, and
                                    fluid systems|The application of computer gaming methods in engineering design environments|High-speed, distributed, multirate, hardware-interactive simulation environments|DC power systems, including power routing, reconfiguration, protection, and control"
"Downey, Austin",Digital Twins|Real-Time Systems|In Situ Sensing|Structural Health Monitoring|Structural Control
"Dryer, Frederick  L. ",Fuels|Combustion|Fire Safety|Chemical Kinetics|Propulsion
"DuBose, Krystal ","['research', 'computer', 'engineering']"
"Eastman, Caroline M. ","Professor Eastman's research interests focus on effective and efficient algorithms
                                    for information retrieval. When you want information, how easily and quickly can you
                                    find it? Is it useful and correct when you do find it? Her work in this area has addressed
                                    a broad spectrum of problems, from efficient file organizations to search interfaces
                                    and user interactions. She has also been working with colleagues on problems in database
                                    security. She is PI and co-director (with Professor Bowles) for an NSF Research Experiences
                                    for Undergraduates site."
"Ebner, Armin D.","Dr. Ebner's major research interest is the application of magnetic fields to the separation,
                                 collection and/or manipulation of magnetic particles from a fluid medium, with particular
                                 emphasis in the use of high gradient magnetic separation (HGMS) principles. This technique
                                 consists on the use of fine ferromagnetic elements that as a result of the application
                                 of an external magnetic field become energized and create magnetic gradients large
                                 enough to collect particles that because of their small size and/or low magnetism
                                 their collection cannot be otherwise realized. Today major emphasis and potential
                                 for HGMS is found in the medical area where the technique can be used to assist magnetic
                                 drug targeting for cancer treatment, restenosis, embolization control as well as for
                                 rapid detoxification.|Other research interests of Dr. Ebner are the development and understanding of complex
                                 hydrides for hydrogen storage and the development of new process designs (i.e, PSA
                                 and TSA) for gas separation processes. In terms of complex hydrides, major efforts
                                 are currently devoted to understanding the mechanistic role of catalysts such as Ti,
                                 Zr, V as well as that of co-dopants such as Fe, Ni and others in the observed enhanced
                                 kinetics of dehydrogenation and hydrogen regeneration of alanates. In terms of gas
                                 separation processes, efforts are concerted into CO2 removal for spatial air revitalization
                                 (NASA) and CO2 sequestration from flue-gas (EPA) using high temperature adsorbents
                                 (e.g., hydrotalcites)."
"Elia, Kim","['research', 'computer', 'engineering']"
"Embler, Laura ","['research', 'computer', 'engineering']"
"Evans, Colin","How do blood vessels respond when blocked or injured? Can this response be leveraged
                                    to treat inflammatory vascular diseases? The Evans Laboratory studies the vascular
                                    response to thrombosis with a view to improving treatments for inflammatory vascular
                                    diseases including acute respiratory distress syndrome.Using clinically relevant disease models and targeted gene editing and drug delivery
                                    techniques, the lab focuses on two discrete but related disease areas: (i) thrombus
                                    formation and resolution; and (ii) inflammatory lung injury and repair. Upcoming studies
                                    will target thrombosis-induced metabolic signaling pathways that control endothelial
                                    survival and proliferation for the treatment of sepsis-induced lung injury.The overall vision of the lab is to improve the understanding and treatment of inflammatory
                                    vascular diseases through translational studies of the vascular response to thrombosis.
                                    The lab is in a supportive and inclusive environment with emphasis on scientific excellence
                                    and professional development. Contact from prospective collaborators and lab members
                                    is welcome."
"Fan, Daping","The rupture of vulnerable atherosclerotic plaques and the resulting thrombosis are
                                 the direct causes of heart attack and stroke, the No. 1 and No. 3 killers in the United
                                 States and many other developed countries. Atherosclerosis is both a lipid deposit
                                 disease and a chronic inflammatory condition. Macrophages are the primary cholesterol
                                 sinks as well as dominant inflammation machines in atherogenesis. Macrophage foam
                                 cell formation and inflammatory responses form a vicious cycle and promote atherogenesis.
                                 The goal of the research in our laboratory is to develop strategies to disrupt the
                                 vicious cycle and promote the regression of atherosclerotic plaques through restoring
                                 macrophage cholesterol homeostasis and controlling macrophage inflammation.|Myeloid cells are the major cell component of the tumor microenvironment (TME), whose
                                 interaction with malignant cells determines the aggressiveness of the tumor. Myeloid
                                 cells in TME are mainly myeloid-derived suppressor cells (MDSCs), dendritic cells,
                                 and tumor-associated macrophages (TAMs). In advanced tumors, due to the unique features
                                 in TME including hypoxia, abundance in cytokines/chemokines and Toll-like receptor
                                 (TLR) ligands, and an unusual metabolic profile, a complex signaling network tunes
                                 the dynamics and function of the myeloid cells in favor of cancer progression. Our
                                 research is focused on understanding this signal network and developing strategies
                                 to manipulate it to improve cancer treatment."
"Fang, Ruixian","Thermal-hydraulic safety analysis of advanced small modular reactor
Predictive modeling, sensitivity/uncertainty method for critical/subcritical nuclear systems
Heat transfer and fluid flow with phase changes
Applied Computational Fluid Dynamic (CFD)
Thermal management of power electronics
Micro-channels and synthetic jets
System-level thermal modeling and simulation"
"Farkas, Csilla ","Dr. Farkas’ research interests include information security, data inference problem,
                                    financial and legal analysis of cyber crime, and security and privacy on the Semantic
                                    Web. Dr. Farkas actively participates in international scientific communities as program
                                    committee member and reviewer. | information security"
"Farouk, Tanvir   I.",Low temperature plasma|Combustion|Thermal-fluid Science|Multi-physics Modeling
"Fenner, Stephen A. ","Professor Fenner's research interests are in the core theoretical foundations of computing
                                    computability and computational complexity, especially quantum computing and information. | Theoretical Computer Science|Computational Complexity|Quantum Informatics"
"Fiedler, Kirk","Dr. Fiedler research interests include technology innovation, knowledge management,
                                    privacy, ethics and risk. | Business|computer science"
"Flora, Joseph","Dr. Flora’s main research interests are in molecular modeling for environmental reactions,
                                 computer modeling of water quality engineering processes, and processes for water
                                 quality engineering."
"Fu, Frank (Peng)",Engineering and Computing
"Fulmer, Stephen","['research', 'computer', 'engineering']"
"Gadala-Maria, Francis","The main theme of Prof. Gadala-Maria's research is relating the microstructure of
                                 materials to their macroscopic properties. The principal techniques used by him and
                                 his collaborators are rheological measurements and digital image processing. Past
                                 research projects include the correlation of the rheological and electrical properties
                                 of concentrated suspensions of non-colloidal particles to the shear-induced anisotropic
                                 arrangement of the suspended particles, and the effect of shear prior to curing on
                                 the arrangement of the inclusions and on the final properties of composite materials.
                                 The results from these projects may be useful in the manufacture of products as diverse
                                 as solid rocket propellants and bipolar plates for fuel cells. The technique developed
                                 to measure the orientation distribution of fibers in short-fiber composites may find
                                 application in the manufacture of products such as paper and non-woven textiles. Other
                                 projects include studies of the rheology of the solder pastes and other industrial
                                 materials, and the effect of the rheology of fresh concrete on the settlement of its
                                 aggregates before curing. Current projects include the rheology of bulk molding compounds,
                                 the rheology of natural polysaccharides, and the economics of the production of hydrogen
                                 from nuclear power."
"Gadow, Danielle",Engineering and Computing
"Garcia-Diaz, Brenda",Engineering and Computing
"Gassman, Sarah",geotechnical civil engineering
"Gatzke, Edward P.","Dr. Gatzke's research interests are in the area of process modeling, control, and
                                 optimization. Efficient operation of chemical processes requires a fundamental understanding
                                 of dynamic and nonlinear characteristics. A variety of controller formulations can
                                 be developed to reduce product variability and improve productivity. Estimation and
                                 diagnostic methods can be used to develop process information that cannot easily be
                                 directly acquired by instrumentation. Recently, new moving horizon formulations involving
                                 unknown values taking discrete values have been proposed. These applications require
                                 online solution to constrained mixed-integer optimization problems. Ongoing research
                                 efforts include parallel programming efforts for mixed-integer optimization, including
                                 parallel nonconvex nonseparable mixed-integer outer approximation and parallel nonconvex
                                 branch-and-reduce methods. Application areas of interest include particulate processing,
                                 bio-processes, and large scale systems."
"Gerdes, Jr., John H.",Web-based data miningKnowledge managementElectronic commerceDistance learningData security
"Ginjupally, Bhavana",Engineering and Computing
"Ginn, Herbert L.",Power electronics applications in energy systems|Power phenomena and compensation in non-sinusoidal systems|Power quality | Microgrids|power electronic converters|power quality|power theory
"Giurgiutiu (Jurjutzu), Victor","['Dr . Giurgiutiu s research interests span active materials , smart structures , structural health monitoring , mechatronics , and other multi physics applied mechanics topics . Dr . Giurgiutiu has published several books and book chapters and many journal articles and conference papers . He is Fellow of the Royal Aeronautical Society RAeS and of the American Society of Mechanical Engineers ASME . He is Associate Editor of the Aeronautical Journal of RAeS .']"
"Glenn Jr., Odell","“Fundamental Aspects of a Novel Technology for Abatement of Allergenic Proteins” involved
                                 the development of an approach to potentially reduce the potency of asthma triggers
                                 produced in an indoor environment. Allergens are bound to dry dust particles in a
                                 home. The effectiveness of using dry ice, essential oils with CO2 through CFD modeling
                                 and an ELISA assay was investigated.|My present passion is S.T.E.M education along with engineering education research.
                                 Investigating new and unique ways to teach undergraduates core fundamentals is key
                                 to both myself as an educator and to the student."
"Goharian, Erfan",Integrated Water Resources Modeling and Management|Systems Thinking and Analysis|Water-Energy-Food Nexus|Hydroinformatics|Multi-objective Optimization and Decision Making in Coupled Human-Natural Systems | Water Resources Systems|Flood Resilience|FIRO|Artificial Intelligence|Hydroinformatics
"Goodwin, Richard Lance",Developmental and Cell biology|Embryology|Histology|Biomedical Engineering
"Gower, R. Michael","Our research focuses on understanding the immune system in order to develop bio-instructive
                                 materials that stimulate specific immune responses. We aim to control immune cell
                                 migration to synthetic microenvironments that are engineered to program and expand
                                 regulatory immune cells as a therapeutic tool for inflammatory disease. This research
                                 utilizes controlled release of proteins, peptides, and small molecules via a biomaterial
                                 to direct regulatory immune cell differentiation, as characterized by epigenetic modification
                                 to DNA, transcriptional programs, protein expression, and immunosuppressive function.
                                 We employ these technologies in animal disease models with the long-term goal of developing
                                 translational therapies for atherosclerosis, diabetes, and cancer. | immunoengineering|Biomaterials"
"Graham, Sarah","['research', 'computer', 'engineering']"
"Gray, Joshua","['Experienced engineer with a diverse background ranging from educational instruction and mentoring roles , extensive experience in research and development environments , entrepreneurial start ups and community based non profit social work . Educational roles range from experience as a teaching assistant in graduate school chemical engineering laboratories , serving as a mentor and thesis committee member as an adjunct professor while working in the national laboratory system , and serving as a laboratory manager and instructor in the chemistry department at a state supported liberal arts university . R D experience primarily involves the application of electrochemical engineering to localized corrosion and sustainable energy applications . I have worked in such areas as materials compatibility and corrosion susceptibility of high temperature heat transfer fluids for solar energy , hydrogen storage and fuel cell applications , the development of alternative separations processes for used nuclear fuel , and battery component research and characterization . I participated in several start ups in the areas of fuel cell and hydrogen storage technologies , and am currently a co founder of a 501 c 3 nonprofit in the area of recovery from substance use disorder .']"
"Griffith, Donald","['research', 'computer', 'engineering']"
"Gross, Andrew J.",Solid Mechanics
"Gucwa, Joe","['research', 'computer', 'engineering']"
"Gumina, Sharon",Design Thinking and Agile Development|Relational Databases and Structured Query Language (SQL)|Programming|Operating Systems|PC Hardware/Software|Networking|IT Student Teaching and Learning and Curriculum Development
"Gürdal, Zafer ",Structural and Multidisciplinary Design …
"Hagan, Shawn","Chemical Engineering, Biomedical Engineering"
"Haj-Hariri, Hossein ",Advanced Manufacturing|Artificial Intelligence|Energy Storage Distribution|Intelligent Infrastructure|Nuclear Energy|Transforming Health Care | fluid mechanics|thermal management|applied mathematics
"Hamm,  L Larry",Mechanical Engineering
"Haon, Katie","['research', 'computer', 'engineering']"
"Hardaway, Chad","['research', 'computer', 'engineering']"
"Harik, Ramy",Future Factories|Process Planning|Automated Fiber Placement
"Hartmann, Thomas","['research', 'computer', 'engineering']"
"Henrich, Silke",['Biomedical Engineering1200 Catawba StRoom 202']
"Heyden, Andreas","Our primary research interests are in the areas of nanomaterial science and heterogeneous
                                 catalysis. Our goal is to use computer simulations to obtain a deeper - molecular
                                 - understanding of key issues in these areas, such as the self-assembly process in
                                 catalyst synthesis, the structure of small metal clusters on high-surface-area supports,
                                 and the structure-performance relationship of single-site heterogeneous catalysts.
                                 The goal of our research is to elucidate the physical effects that must be considered
                                 for the design and production of highly selective heterogeneous catalysts with a long
                                 lifetime. Due to the high selectivity and activity of designed catalytic materials,
                                 chemical processes can make better use of the world's limited resources and become
                                 more environmentally benign.|Despite significant advances in computer algorithms and the increasing availability
                                 of computational resources, molecular modeling and simulation of large, complex systems
                                 at the atomic level remains a challenge and is currently limited to relatively simple,
                                 well-defined materials. To enable simulations of complex systems that accurately reflect
                                 experimental observations, continued advances in modeling potential energy surfaces
                                 and statistical mechanical sampling are necessary. While studying systems relevant
                                 for catalysis, we develop new theoretical and computational tools for the investigation
                                 of these complex chemical systems. Our tool development efforts are at the interface
                                 between engineering, chemistry, and physics, and are rooted in classical, statistical,
                                 and quantum mechanics with a special focus on novel multiscale methods. | Computational Catalysis|Multiscale Modeling|Biomass Catalysis|Electro-Catalysis|Uncertainty Quantification"
"Heyward, Julia","['research', 'computer', 'engineering']"
"Hicks, Justin","['research', 'computer', 'engineering']"
"Higgs, Meredith",Electrical Engineering
"Hikmet, Neset","['Health Information Technology, Health Informatics, Information Systems']"
"Hipp, Brian",Computer Science & Engineering
"Holland, Charles E.",Chemical Engineering
"Hollis, Marshall","['research', 'computer', 'engineering']"
"Hoque, Shamia","Dr. Hoque’s research interests are on the development and application of mathematical
                                 models for fluid flow, pathogen dispersion and decontamination in the environmental
                                 system with the objective of informing risk assessors and first responders.  Her research
                                 goal is to establish predictive integrated frameworks through coupling detailed models,
                                 statistical methods and risk analysis for providing a priori information and design
                                 tools for a more sustainable and resilient urban and built environment. Recent studies
                                 have involved multi physics modeling applying computational fluid dynamics analysis
                                 for predicting bioaerosol transport and inactivation in indoor areas through neural
                                 networks and modeling and assessing health impacts of nano-additives in fuels in urban
                                 environment. | Metamodel|Healthy buildings|Sustainable technology|Transportation and Environment"
"Hoskins, William ","['research', 'computer', 'engineering']"
"Hu, Jianjun","Dr. Hu's research interests are in the areas of machine learning, deep learning, data
                                    mining, big data, evolutionary computation and their applications in bioinformatics,
                                    material informatics, and health informatics. His research has been sponsored by NSF,
                                    NIH, Nvidia, and the South Carolina Department of Transportation. Currently, his major
                                    research focus is developing deep learning algotrithms for solving challenging application
                                    problems such as:|Intelligent audio/sound processing|Data-driven material discovery|Disease diagnosis and prediction, medical image analysis|Disease gene discovery, protein-peptide binding prediction for drug design, and protein
                                    design|Big data driven predictive analytics for healthcare|Fault diagnosis, text mining, and intelligent transportation | Deep learning|AI for Science|materials informatics|bioinformatics|evolutionary computation"
"Hu, Ming","Dr. Hu's research interests include modeling and simulation of micro-/nano-scale thermal
                                 transport in novel energy systems, in particular low-dimensional materials and nanostructures,
                                 and energy nanotechnology, interfacial heat transfer for advanced thermal management,
                                 and multi-scale and multiphysics modeling of complex energy transport process. | Heat Transfer|Phonons|High-Throughput Material Discovery|Machine Learning|Artificial Intelligence"
"Huang, Chin-Tser","Professor Huang's research interests include network security, network protocol design
                                    and verification, and distributed systems. His current research focuses on intrusion
                                    detection and wireless network security. | Network Security|Network Protocol Design and Verification|Distributed Systems"
"Huang, Kevin ",fuel cells|batteries|gas membranes|modeling|electrochemistry
"Huang, Xinyu ",fuel cell|composites|coating|durability
"Huhns, Michael N.","Professor Huhns' research interests are in the areas of multiagent systems, service-oriented
                                    computing, enterprise integration, and ontology-based distributed information systems.
                                    In these areas he is the author of over 250 technical papers and eleven books, including
                                    his recent book Service-Oriented Computing: Semantics, Processes, Agents. He holds one patent for the architecture of a distributed computer system. He has
                                    conducted research funded by NSF, DARPA, NIST, IARPA, DOE, EPA, USDA, and NASA, as
                                    well as numerous industrial organizations. He serves on the editorial boards for 12
                                    journals, is a Senior Member of the ACM, a Fellow of the Association for the Advancement
                                    of Artificial Intelligence, and a Fellow of the IEEE. | multiagent systems|service-oriented computing|ontologies|computer vision|distributed computing"
"Hull, Brian ","['research', 'computer', 'engineering']"
"Humphries, Wilfred Kenneth","['Areas of research , teaching , and professional practice include soil dynamics , effects of blasting on structures , flexible pavements , soil stabilization , deep and shallow foundations , lateral earth pressures , and retaining walls . At present , Dr . Humphries serves as Senior Geotechnical Consultant for Terracon Consultants , Inc . , a national engineering firm with approximately 3 , 000 employees with locations in over 100 cities in the U . S . In recognition of Dr . Humphries service to the Engineering community , he has received numerous awards and honors including the Order of the Palmetto South Carolina s highest honor , the rank of Fellow by both ASCE and NSPE , South Carolina Engineer of the Year , the Public Service Award , the Letalier Cup , and the Government Employee of the Year , among others .']"
"Imran, Jasim",Unsteady free surface flow|sediment transport|mass gravity flows|turbidity currents|numerical and experimental modeling
"Inglett, Russell",Environmental Engineering
"Jabbari, Esmaiel","Tissue engineering involves the triad of biomaterial science, growth factor delivery,
                                 and molecular biology to engineer devices for cell immobilization and tissue regeneration.
                                 Jabbari’s research draws upon chemistry, biology, macromolecular science and exploits
                                 biomimetic strategies to engineer cellular constructs for regeneration of skeletal
                                 tissues. Biologically-inspired materials combined with micro/nanoscale technologies
                                 can potentially create constructs to support delivery, differentiation, and maturation
                                 of progenitor cells to multiple lineages to regenerate complex tissues like bone and
                                 cartilage. Current projects include: (1) bio-inspired multiscale constructs for regeneration
                                 of load-bearing large bone segments; (2) micro-patterned cellular constructs with
                                 gradient of growth factors for concurrent induction of osteogenesis and vasculogenesis;
                                 (3) multilayer gradient constructs for the regeneration of articular cartilage; (4)
                                 cancer stem cell mechanotransduction in an engineered matrix; and (4) synthesis of
                                 self-assembled nanogels for the delivery of multiple growth factors in regenerative
                                 medicine. | Biomaterials|Tissue Engineering|Protein Delivery"
"Jabbarzadeh, Ehsan","The overarching theme of our research is the robust design and engineering of tissues
                                 through understanding and modeling of the environmental effects on stem cell differentiation
                                 and tissue remodeling and development. We are engineering microenvironments based
                                 on carbon nanotube arrays with finely controllable biophysical and biochemical properties
                                 for the investigation of molecular mechanisms associated with cell migration, proliferation
                                 and differentiation. Investigations in the lab revolve around how cells sense distinctive
                                 types of mechanical, biochemical and morphological cues and integrate them to generate
                                 an appropriate response. This work is complemented by a parallel effort to construct
                                 a single cell based mathematical model of intercellular signaling events that are
                                 linked to signaling outputs associated with fate commitment. In addition, our laboratory
                                 is actively pursuing the development of biomaterials that recapitulate the key characteristics
                                 of natural extracellular matrix for applications in bone and vascular tissue engineering. | Tissue Engineering|Stem Cells|Drug Discovery|Entrepreneurship"
"Jacob, Katherine","['research', 'computer', 'engineering']"
"Jalilvand, Golareh","['Dr . Golareh Jalilvand is a Research Assistant Professor of the Chemical Engineering department at the University of South Carolina UofSC . She received her B . Sc . , M . Sc . and Ph . D . in Materials Science and Engineering prior joining the UofSC as a research faculty . During the course of her Ph . D . , She was the graduate research assistant in the Microelectronics Fabrication and Reliability lab at the University of Central Florida , where she worked on through silicon and glass via TSV TGV based 3D integration , thermo mechanical reliability of solder joints , and novel materials for interconnection , heterogeneous integration and packaging in micro nano electronics . Dr . Jalilvand s contributions to the field of thin films for 3D integrated microelectronics has been recognized in several national and international platforms . Prior to her research on microelectronics , she focused on thin films for solid oxide fuel cells and energy conversion for a green paradigm , where she studied new interconnect materials . Dr . Jalilvand s research interests include microstructure property relationships in interconnects for 3D integrated circuits 3D ICs . Assisted by machine learning methods developed through a collaboration with the department of Computer Science and Engineering of UofSC , she is currently working on microstructure optimization via unique electroplating techniques to enhance the reliability of 3D IC interconnects .']"
"Jamshidi, Pooyan ","Pooyan Jamshidi's research involves designing novel artificial intelligence and machine
                                 learning algorithms and investigating their theoretical guarantees. He is also interested
                                 in applying the AI/ML algorithms in high-impact applications, including robotics,
                                 computer systems, healthcare, neuroscience, space explorations, engineering, and sciences.
                                 Pooyan has extensive collaborations with industry, including Google and NASA, and
                                 he is always open to new collaborations.|Research Themes:|Causal AI and Statistical ML: Theory, Structure Learning, Inference, Transfer Learning, Multi-objective Optimization|Deep Learning: Deep Learning for Symbolic Math, Representation Learning, Deep RL, Neural Architectures|Trustworthy AI: Security of ML/AI, Robustness, Explainability|ML for Systems: Computer Architecture, Machine Learning Systems, Highly-Configurable Systems|Robot Learning: Causal Reinforcement Learning, Autonomous Robots, Autonomous Space Rovers, Self-Adaptive
                                    Systems|His Application Interests Include:|Computer Systems: Autonomous systems, Robotics, Big data analytics, Computer architecture, Software
                                    engineering|Healthcare: Cancer research, Functional genomics, Drug discovery|Chemistry: Learning molecular representations|Mathematics: Symbolic mathematics|Neuroscience: Child learning, Neuroplasticity, Meta-learning | Machine Learning Systems|Causality|ML for Systems|Systems for ML|Self-Adaptive Systems"
"Jenkins, Renee","['research', 'computer', 'engineering']"
"Jennings, Kati","['research', 'computer', 'engineering']"
"Johnson, Hope",Electrical Engineering
"Johnson, Will","['research', 'computer', 'engineering']"
"Joseph, Lesley",Water and Wastewater Treatment|Environmental Justice|Environmental Health Disparities|Water-Climate-Health Nexus
"Jusiewicz, Sarah","['research', 'computer', 'engineering']"
"Kanapala, Neema ",['Neema Kanapala teaches various undergraduate courses .']
"Karakchi, Rasha","['Heterogeneous Computing, FPGA overlay, Data Analytics, Special-Purpose processors']"
"Keefe, Ryanne","['research', 'computer', 'engineering']"
"Kfoury, Elie",Programmable data planes and Software-defined Networking (SDN)|High-speed networks and Science DMZs|Cybersecurity|Blockchain|Cloud computing and data center virtualization
"Khan, Asif","['SwearingenRoom 3A26301 Main StreetColumbia , SC 29208']"
"Khan, Jamil   A.",Heat transfer|Fluid mechanics
"Knight, Travis W.",nuclear fuel|fuel cycles|nuclear safeguards|modeling and simulation|space nuclear power
"Lauterbach, Jochen","Professor Lauterbach's research interests are in the area of heterogeneous catalysis
                                 and nanoparticle synthesis, as applied to environmental processes and hydrogen generation
                                 for fuel cells. The group employs advanced spectroscopic techniques to gain insight
                                 into molecular level processes on catalysts. We also develop and employ high-throughput
                                 screening methodologies for rapid discovery and optimization of catalyst formulations.|Professor Lauterbach is also the Director of the South Carolina Center of Economic
                                 Excellence in Strategic Approaches to the Generation of Electricity (SAGE). Coal will
                                 remain an important factor in affordable electricity production in the foreseeable
                                 future. This center focuses on novel materials for three key problems with coal power
                                 plant emissions: CO2 capture and utilization, mercury removal from flue gas, and analysis of coal before
                                 combustion. Research in the Center also includes other alternatives to the traditional
                                 coal power plant, such as fuel cell technology coupled with coal combustion, co-firing
                                 of biomass, etc. | Heterogeneous catalysis|CO2 conversion|high-throughput screening|machine learning|ammonia decomposition and synthesis"
"Lee, Dongkyu",Oxide electrocatalysis|Nanostructured oxides|Energy applications
"Lee, Junsoo","Dr. Lee's expertise and research interests include stability theory, optimal control,
                                    multiagent systems, network control, and stochastic systems and control."
"Lee, Woo-Kum",Chemical Engineering
"Leonard, Rod",Electrical Engineering
"Lessner , Susan M.","Dr. Lessner’s work focuses on the vascular biology and biomechanics of atherosclerosis,
                                 with an emphasis on mechanical failure (plaque rupture) and intraplaque angiogenesis.
                                 Atherosclerotic plaque rupture is a leading cause of acute cardiovascular events such
                                 as heart attack and stroke. Evidence suggests that plaque rupture results from an
                                 adverse interaction between biomechanical and biological factors. Our research focuses
                                 on understanding the interplay between both these types of factors, in order to develop
                                 methods to reduce the incidence of plaque rupture.  On the biological side, we are
                                 particularly interested in intraplaque angiogenesis, or new blood vessel growth, as
                                 a destabilizing factor in plaque progression. We use transgenic mouse models and human
                                 endarterectomy specimens to examine the relationships between mechanical loading environment,
                                 matrix organization, and mechano-sensitive gene expression. On the biomechanics front,
                                 we study micromechanics of arterial tissue failure in plaque rupture and arterial
                                 dissection, and we aim to develop methods to identify patients at elevated risk of
                                 acute cardiovascular syndromes where material failure plays a major role. We use both
                                 experimental and computational approaches to understand artery wall failure mechanisms.
                                 I collaborate with faculty in Mechanical Engineering at UofSC, together with vascular
                                 surgeons at Greenville Hospital, Palmetto Health, and MUSC."
"Lewin, Alicia","['research', 'computer', 'engineering']"
"Lewis, Jeremy ",['Jeremy Lewis teaches various undergraduate courses .']
"Li, Chen ","['Dr . Li s research interest are micro nano scale two phase heat and flow physics , prediction , control and modeling . Aim at basic research in developing and verifying theories for two phase transport behaviors and the application of these theories towards controlling two phase heat and flows at micro nano scale .']"
"Ling, Yue (Stanley)","Dr. Ling's research focuses on the high-fidelity modeling and simulation of a wide
                                    range of multiphase flows and heat transfer processes. This encompasses atomization
                                    and sprays, the aerodynamic deformation and breakup of droplets, flows containing
                                    droplets and bubbles undergoing phase change, and the impact of droplets on solid
                                    surfaces and thin films.|More specifically, his research group develops advanced numerical methods and simulation
                                    tools. They conduct large-scale simulations using state-of-the-art supercomputers,
                                    investigating the intricate thermal-energy challenges within multiphase flows. Moreover,
                                    they develop physics-based and data-driven models to efficiently predict outcomes
                                    in practical applications."
"Liu, Chang","Point-Of-Care Testing and Lab Testing Assays and Devices for Protein Biomarkers of
                                       Various Diseases Disease biomarkers include two major categories: proteins and nucleic acids. In diagnostic
                                    testing of many diseases (e.g. HIV, Tuberculosis, COVID-19), nucleic acids usually exhibit higher sensitivity because
                                    they can be amplified exponentially, thus are detectable earlier after the onset of
                                    a disease. However, in many cases, such as HIV, there is no evidence showing that
                                    RNA appears ahead of antigen. The major challenge for antigen detection is that proteins
                                    cannot be amplified like nucleic acids, leading to the widely held belief that antigen
                                    (protein biomarker) tests are relatively insensitive and therefore have a limited
                                    clinical utility, which is in fact a technological issue. Our lab has developed a
                                    click chemistry amplified nanopore (CAN) assay for ultrasensitive circulating antigen
                                    quantification. This assay achieved ultralow detection limit in human blood, demonstrating
                                    higher analytical sensitivity than latest immunoassays and clinically used benchmark
                                    ELISA. Clinical evaluation in HIV and TB patients demonstrated superiority of the
                                    CAN assay for quantification at ultra-low concentration range in patients missed by
                                    traditional methods. We are currently developing a streamlined automatic device including
                                    a cost-effective microfluidic chip for sample preparation and a nanopore reader for
                                    quantification of protein biomarkers in clinical lab testing, POCT, and self-testing
                                    applications.|Machine Learning-Assisted Sequencing-by-Degradation for Single-Molecule Protein SequencingRevealing the primary sequence of a protein or peptide is essential to its identification
                                    and function. Protein sequencing is commonly performed using mass spectrometry (MS),
                                    a technique that involves fractionating the protein into many smaller peptides and
                                    then obtaining the mass-to-charge ratio of each new peptide. Recently, efforts have
                                    been made to develop single-molecule sequencing techniques for proteins similar to
                                    what were developed for nucleic acids. Comparing to MS, these single-molecule technologies
                                    have many desirable advantages: experimental simplicity; cost efficiency of instruments;
                                    potential portability; and robustness. While nanopore sequencing has matured in gene
                                    sequencing, similar methods are being explored for protein sequencing. Successful
                                    protein sequencing requires precisely identifying and locating each AA. A crucial
                                    point for nanopore sensing is the effective diameter and length of the sensing region
                                    (i.e. the constriction). Our group designed a “Sequencing-by-Degradation (SBD)” method,
                                    in which the N-terminal AAs of a peptide sample is chemically derivatized and cleaved,
                                    and then identified by a nanopore in a cyclic manner to reconstitute its sequence.
                                    The scientific advantage of this method lies in: higher sequencing accuracy and coverage
                                    than existing single-molecule methods; single-AA resolution by separately reading
                                    each AA; universal chemistry for degradation of all AAs in natural proteins; compatibility
                                    with routine pre-treatments for complex samples; and algorithms designed for identification
                                    in heterogeneous samples.|Toxin and Pollutant Identification, Detection, and InteractionPer- and polyfluoroalkyl substances (PFAS) manufactured and used in various industries
                                    are very persistent in the environment. Accumulation of PFAS in human body through
                                    food and water can lead to adverse health outcomes. Rapid and precise detection and
                                    identification of these environmental toxins is essential to protecting human health.
                                    We engineered nanopores by modifying the pore lumen with cyclodextrins as adapters
                                    to enable sensing of small PFAS molecules. Our results showed detection and identification
                                    of various PFOA-related and PFOS-related compounds, all are members of the PFAS family
                                    with slight size differences. Using this platform, we also successfully monitored
                                    a detoxification process that reverses the binding of PFOA to human serum albumin in vitro."
"Loggans, Brian","['research', 'computer', 'engineering']"
"Lyons, Jed ","['As the Senior Associate Dean for Academic Affairs , Dr . Lyons directs undergraduate recruitment , retention , and graduation activities . He provides college oversight for academic programs at all levels , manages academic resources and assessment services , directs K 12 outreach activities , and is part of the college s communications and marketing team . His research includes engineering education and engineering materials . Jed Lyons received his PhD in Mechanical Engineering from the Georgia Institute of Technology . In 1990 , he joined the University of South Carolina as an Assistant Professor in the Department of Mechanical Engineering , where he advanced to full Professor and served as Mechanical Engineering Undergraduate Director . In 2004 , he helped create a university wide Center for Teaching Excellence , where he served as the first Faculty Director from 2006 to 2012 . Lyons was appointed as the Associate Dean for Academic Affairs in the College of Engineering and Computing in 2012 and promoted to Senior Associate Dean in 2017 . Lyons was elected as a Fellow of the American Society for Engineering Education ASEE in 2009 . He was a founding member of the K 12 Engineering Division of ASEE , and has served as Chair and Executive Committee member of this Division . Lyons has also served the Mechanical Engineering Division of ASEE as Executive Committee Member , Secretary , Program Chair , and Division Chair . Lyons scholarship in the areas of mechanical engineering and engineering education includes over 8M in funded research and implementation projects . He has mentored over 200 research assistants , teaching assistants , teaching fellows and K 12 teacher researchers . In addition to ASEE Fellow status , Lyons works as an engineering educator has been recognized with Georgia Tech s Outstanding Young Alumni award 1996 . UofSC awards include the Michael J . Mungo Undergraduate Teaching award 2003 , Bedenbach Distinguished Service award 2006 , Litman Distinguished Professor award 2004 , and Educational Foundation Award for Outstanding Faculty Service 2019 . Lyons is a registered Professional Engineer in the State of South Carolina .']"
"Mandal, Krishna","Crystal growth of compound semiconductors, scintillators, and alloy materials for
                                    x-ray, gamma-ray, and neutron detectors for radiation monitoring, non-destructive
                                    testing, medical imaging, and high-energy astrophysics applications|Materials characterization, device fabrication and testing, deep-level defect analysis,
                                    front-end readout electronics & instrumentation|Applications of artificial intelligence and machine learning (AI/ML) algorithms in
                                    radiation detection systems for robust, high-performance measurements and analysis|High-efficiency heterojunction thin film solar cells (CIGS, CdTe, CZTS, Sb2S3, DSSC etc.)|THz sources, sensing, and imaging applications|2D-materials and nanomaterials | Semiconductor Devices|PV Solar Cells|Crystal Growth and Characterization|Radiation Detectors"
"Martin, Erik","['research', 'computer', 'engineering']"
"Matolak, David","Physical Layer Signaling/Processing: adaptive modulation & detection; dynamic high-capacity modulations (e.g., overlaid spread-spectrum/narrowband); assured
                                    signaling for adverse/contested environments, including low probability of detection/intercept
                                    & anti-jam|Wireless Channel Characterization: analysis, measurement, and modeling for statistically non-stationary and extreme
                                       settings; multi-band & multi-resolution models; air-ground & vehicle-to-vehicle (V2V); mmWave
                                    channels; stochastic/deterministic models for high-mobility platforms|Vehicle-to-Vehicle (V2V) & Aeronautical Communications: secure V2V & aeronautical networking; robust Air-X & UAV transmission/reception; high-efficiency V2V/V2X signaling|Ad Hoc/Multi-Platform Communications: multiple access, duplexing, & multiplexing for dynamic range/rate/latency/lifetime; non-stationary topologies; game-theoretic
                                    networking|Future Wireless Applications: PHY/DLL techniques for anomalous conditions (e.g., “ultra-reliable,” “extreme”); resilient long-term outdoor networks; multi-tier
                                    V2X networking; communications for civil, biological, and earth and space sciences"
"Matta, Fabio","Dr. Matta’s team of graduate and undergraduate assistants does experimental and theoretical
                                 research on construction materials and their structural performance, ranging from affordable and high-quality earth masonry to advanced cement- and polymer-matrix composites. Emphasis is placed on extreme stressors such as high wind pressures and flying debris
                                 impact (tornadoes, hurricanes), earthquakes, and radionuclide exposure. Areas of interest
                                 include: low-cost and hazard-resistant dwellings; civil infrastructure strengthening
                                 and repair; multi-scale and multi-functional reinforcement for cement composites;
                                 load testing, monitoring and assessment of constructed facilities; and corrosion in
                                 steel and concrete structures. Research sponsors include National Science Foundation,
                                 Department of Energy, Federal Highway Administration, National Institute of Standards
                                 and Technology, and industry.|“Field Trials for Cost-Effective Strengthening of SC Load Posted Bridges,” award SPR758,
                                    SC Department of Transportation/FHWA, 2021–2026.  Role: Co-PI (PI: P. Ziehl; Co-PIs:
                                    T. Cousins, B. Ross, Clemson University).|“Extremely Durable Graphene Oxide Nanoribbon Reinforced Concrete,” award G-SOW-A-00033,
                                    Savannah River National Laboratory, 2020.  Role: PI (UofSC Co-PI: M. Baalousha.  Lead
                                    institution: SRNL/DOE; PI: C. Langton; Co-PI: J. Gaillard).|“Collaborative Research: Engineered Earth Masonry for Affordable Seismic Resistant
                                    Low-Rise Buildings,” award 1537776, National Science Foundation, 2015–2019.  Role: PI, Lead Institution (with: M. Barbato,
                                    PI at University of California, Davis; UofSC Co-PIs: C. Pierce, M. Sutton).|“Radionuclide Waste Disposal: Development of Multi-scale Experimental and Modeling
                                    Capabilities,” subaward 1750-219-2020199 to DE-SC0012530, US Department of Energy/EPSCoR,
                                    2014–2020.  Role: PI (UofSC Co-PIs: J. Flora, J. Caicedo, T. Knight, P. Ziehl; Project
                                    PI: B. Powell, Clemson University).|“Prevention, Assessment and Remediation of Corrosion in Corten Steel Transmission
                                    Line Structures,” award TLAM/TODEM 3260/33100, Centre for Energy Advancement through
                                    Technological Innovation (CEATI), 2014–2016.  Role: PI.|“EAGER/Collaborative Research: Overcoming Barriers to Adoption of Sustainable and
                                    Resilient Building Materials in Coastal Areas of Southern Mexico,” award 1321489, National Science Foundation, 2013–2017.  Role: PI (UofSC Co-PI: A. Johnson.  Lead
                                    institution: The City College of New York; PI: J. Biles; Co-PIs: L. Bank, E. Obonyo).|“NUE: Nanotechnology LINK: An Integrated Approach for Nanotechnology Education: End-of-life
                                    Management of Nanomaterial-Containing Wastes,” award 1343756, National Science Foundation, 2013–2016.  Role: Co-PI (PI: N. Berge; Co-PIs: J. Caicedo,
                                    C. Pierce, Y. Yoon).|“Collaborative Research: Resilient and Sustainable Engineered Fiber-Reinforced Earthen
                                    Masonry for High Wind Regions,” award 1131161, National Science Foundation, 2011–2015.  Role: PI, Lead Institution (with: E. Erdogmus,
                                    PI at University of Nebraska-Lincoln; E. Obonyo, PI at University of Florida). | Advanced composites|sustainable construction materials|hazard mitigation|structural engineering"
"Matthews, Manton M","Professor Matthews' research interests include natural language processing, ontologies,
                                    parallel processing, and graph theory. His research was originally in graph theory
                                    and in particular K1,3-free (clawfree) graphs. Then as a young Assistant Professor
                                    in Computer Science there was a redirection from graph theory to more main stream
                                    computer science topics. The first areas were parallel algorithms and functional programming.
                                    The functional programming through some joint conferences led to artificial intelligence
                                    and in particular intelligent user interfaces and natural language processing. The
                                    interest in knowledge representation for natural language processing led to the research
                                    in ontologies. Finally, working with Dr. Chin-Tser Huang, and our research group has
                                    led to several publications in protocols for wireless security. | Graph Theory|Security|Natural language processing"
"Matthews, Michael A.","Professor Mike Matthews obtained his Ph.D. in 1986 from Texas A&M University. He joined
                                 the University of South Carolina in 1994. He teaches and conducts research in the
                                 broad field of thermodynamics, with projects related to hydrogen storage in chemical
                                 hydrides, biomedical engineering, and green chemistry. He has raised over $10M in
                                 research funding and has published approximately 70 journal papers. He has served
                                 as department chair, associate dean, and chair of the Industrial and Engineering Chemistry
                                 Division of the American Chemical Society (ACS). Currently he serves on the Committee
                                 on Environmental Improvement of ACS. He is a Fellow both of the American Chemical
                                 Society and the American Institute of Chemical Engineers.|Two major research thrusts are underway in his group. The first deals with applications
                                 of supercritical carbon dioxide for biomedical applications. Funding from the National
                                 Institute of Biomedical Imaging and Bioengineering has focused on development of novel
                                 technology for sterilization and disinfection of synthetic and natural biomaterials.
                                 Funding from the National Institute of Environmental Health Sciences is aimed at abatement
                                 of indoor allergenic proteins and other respiratory hazards. Dr. Matthews founded
                                 CarboNix LLC with the aid of three SBIR grants from the NIEHS.|The second thrust is in utilization of chemical hydrides as a hydrogen storage medium,
                                 with application in PEM fuel cells. Funding from NSF and DOE has led to expanded understanding
                                 of the role of deliquescence in the reaction between water vapor and sodium borohydride.
                                 In addition, improved understanding of the hydration states of the reaction products
                                 is important in decreasing the total water utilization in this reaction. | Cell Biology|Developmental Biology"
"Matthews, Rhea",Mechanical Engineering
"Mayo, Rebecca ","['research', 'computer', 'engineering']"
"McAnally, A. Steve","['Dr . McAnally s research interests focus on water and wastewater treatment , particularly appropriate technology applications for developing communities . Recent research projects include optimization studies for potable water production using low cost portable water treatment units . Other research areas include water treatment for heavy metals removal and corrosion control , industrial waste minimization , constructed wetland applications for industrial and municipal wastewater treatment and education reform in civil and environmental engineering .']"
"McCants, Dale ","['Dr . McCants research interests include nanofluids heat transfer mechanics , electronics thermal management , experimental and computational fluid dynamics with heat transfer .']"
"McCarthy, Cam","My lab studies novel mechanisms that contribute to vascular deterioration in cardiovascular
                                 and metabolic diseases, as well as aging. Current hypotheses include dysregulation
                                 in cellular recycling (autophagy) and energy sensing. Furthermore, we are interested
                                 in understanding the mechanisms by which therapeutic interventions such as exercise
                                 and caloric restriction reverse vascular dysfunction."
"McCaster, Brian","['research', 'computer', 'engineering']"
"McDuffie, Cameron",Mechanical Engineering
"McElwain, Danielle","['research', 'computer', 'engineering']"
"McEntire, Jamie","['research', 'computer', 'engineering']"
"McMillion, Sam","['research', 'computer', 'engineering']"
"McNeill, Stephen ","['Dr . McNeill s research and interests include computer vision , digital image correlation , microprocessors , experimental mechanics and reverse engineering .']"
"Meadows, Michael ",Civil and Environmental Engineering
"Meekins, Benjamin H.","Dr. Meekins has a background in photovoltaics, solar fuel conversion, and catalysis.
                                 As a member of the Chemical Engineering department at the University of South Carolina,
                                 his research interests include the synthesis of new candidate photovoltaic materials,
                                 photocatalytic splitting of water into hydrogen and oxygen, remediation of carbon
                                 dioxide to high-value products via solar-assisted pathways, and single-particle reaction
                                 kinetics and catalysis to aid fundamental understanding of catalytic processes. | Solar energy|hydrogen generation|solid state electrochemistry|electrochemistry|photoelectrochemistry"
"Mills, Shelby","['research', 'computer', 'engineering']"
"Mobli, Mostafa",Thermo-fluids|Multiphase Flow|Numerical Simulation
"Monnier, John R.","My research group focuses on heterogeneous catalysis, ranging from rational catalyst
                                 design and synthesis to characterization and evaluation. Current interests are in
                                 the design and synthesis of novel bimetallic catalysts for the selective transformation
                                 of hydrocarbons to higher value chemicals and for higher output PEM fuel cells. Bimetallic
                                 catalysts afford great opportunities for changing performance, either by changing
                                 the catalyst surfaces into ensembles of catalytic sites that permit only selected
                                 reaction pathways, modifying the electronic properties of the catalytic surface sites,
                                 or by introducing bifunctionality to the active surface by placing different catalytic
                                 metals in contiguous proximity. Bimetallic catalyst synthesis is often carried out
                                 by either simultaneous co-impregnation of both metal salts onto the catalyst support
                                 or by successive steps of metal salt addition. For either of these preparative methods,
                                 it is virtually impossible to ensure formation of only bimetallic particles; rather,
                                 formation of separate metallic particles of both metals can and does occur. Thus,
                                 it is very difficult to characterize such catalytic systems, and even more difficult
                                 to correlate catalyst performance with bimetallic catalyst composition. Our laboratory
                                 uses electroless deposition (ED), whereby a controlled chemical reaction is used to
                                 deposit a metal salt onto a catalytic metal site that has been activated by a reducing
                                 agent. The process may be either catalytic (deposition of the metal salt [metal A+]
                                 from solution onto the pre-existing metal [metal B°] on the support) or autocatalytic
                                 (deposition of the metal salt [metal A+] onto the just reduced, deposited metal [metal
                                 A°]), depending on the nature of the activated metal site and the reducing agent.
                                 In principle, ED should result in the selective deposition of the secondary metal
                                 onto a metallic surface with no formation of isolated crystallites of the secondary
                                 metal on the catalyst support. Perhaps most importantly, ED is an industrially-relevant
                                 process that can be applied to a wide range of metals. We have prepared a large number
                                 of bimetallic catalysts using electroless deposition. Those supported on carbon, such
                                 as Pt-Co, Pt-Pd, and Pt-Rh have been tested as electrocatalysts for PEM fuel cells,
                                 while silica-supported compositions such as Ag-Pt, Au-Pd, and Cu-Pd have been evaluated
                                 for traditional catalytic reactions such as selective epoxidation of olefins, selective
                                 oxidation of biomass molecules (such as glycerol), and selective hydrogenation of
                                 multi-functional olefins. Reactions are conducted in either automated, single-pass
                                 plug flow reactors (six in all) or two high pressure batch or stirred tank reactors.
                                 Our research projects are currently funded by NSF, DOE, and several industrial companies."
"Moore, Carver",Mechanical Engineering
"Morehouse, Jeff ","['Dr . Morehouse and his students have investigated a broad range of thermodynamic heat engine applications , ranging from space based fuel cell power systems to ground coupled heat pumps to phase change storage systems . Dr . Morehouse has long been associated with solar energy system design and analysis and is currently involved in a conventional HVAC control project and with evaporative system applications in humid climates .']"
"Moss, Melissa Ann","Professor Moss’s research focuses on the involvement of protein aggregation in Alzheimer’s
                                 disease. One hallmark of Alzheimer’s disease is the senile plaques that accumulate
                                 in the brain where they are associated with neuronal loss and in the cerebrovasculature
                                 where they may perpetuate stoke. These plaques are composed primarily of the amyloid
                                 β-protein (Aβ). Aβ aggregates into fibrils that deposit to yield plaques. Consequently,
                                 inhibition of Aβ aggregation has emerged as one therapeutic approach for Alzheimer’s
                                 disease.|The focus of our research is to understand this aggregation process and to identify
                                 and characterize inhibitors that attenuate Aβ aggregation. We utilize a myriad of
                                 biophysical techniques including chromatography, fluorescence spectroscopy, static
                                 and dynamic light scattering, Western blotting, dot blotting, electron microscopy,
                                 and atomic force microscopy. Furthermore, we seek to determine how various Aβ aggregation
                                 products affect both neuronal and vascular cells. In particular, we are interested
                                 in Ab stimulation of neuronal apoptosis and endothelial inflammatory responses, including
                                 NF-kB activation. Correlating changes in Ab aggregation with cellular effects will
                                 assist research efforts to design effective therapeutic agents for Alzheimer’s disease
                                 therapy."
"Mujica , Wanda","['research', 'computer', 'engineering']"
"Mulchahey, Kenneth",Integrated Information Technology
"Mullen, Robert L","Dr. Mullen's research interests are in the areas of computer modeling of engineeringsystems, biomechanics, mechanical behavior of micro electro-mechanical systems,coupled field problems, and interval methods for treating uncertainty. | Computational Mechanics and Reliability"
"Mustain, William E","The overarching theme for all of the projects in the Mustain Laboratory for Electrocatalysts
                                 and Fuels (m∙leaf) is the design, characterization and implementation of electroactive
                                 materials in electrochemical systems.  We use a wide variety of electrochemical and
                                 physical characterization techniques to explore chemistry-property and structure-property
                                 relationships, which allow us to propose next generation materials with a high level
                                 of success.  In addition, these relationships help to advance the fundamental understanding
                                 of electrochemical processes and we use that knowledge to develop critical components
                                 of the 21st century energy portfolio - including batteries, fuel cells, electrolyzers,
                                 reactors for electrochemical synthesis, and systems for CO2 spearation and utilization. | Electrocatalysis|Batteries|Synthesis|Electrochemical Engineering"
"Naik, Himanshu",Information Technology Services
"Narayanan, Vignesh","Dynamical Systems and Networks - Modeling and data-integrated approaches for dynamical
                                    systems|Data Science and Learning Theory - Data analysis and dynamic learning|Computational Neuroscience - Modeling and stimulation of neural ensembles"
"Nasiri, Adel","Power electronics; Distributed generations; Microgrids; Grid interface; Resilient
                                 energy systems; Energy efficiency; Energy-water nexus; Energy storage systems; Interface
                                 and controls; Data intensive energy systems; Smart and connected energy systems."
"Nelakuditi, Srihari","Professor Nelakuditi's research interests are in the areas of mobile computing, wireless
                                    networking, and Internet routing. | Computer Networking|Wireless Networking|Mobile Computing"
"Nezhad, Cyrus Riahi","['300 Main Street Room A 113Columbia , SC , 29208Dr . Riahi Nezhad s broad areas of specialization are based on innovative combinations of fluid mechanics , separation science , and heterogeneous catalysis . These include 1 Separations enhanced by electric fields including electro mixing , drop electro coalescence with applications in biofuel production , radioactive waste treatment , and tannery waste water treatment , 2 High liquid flow in packed towers for optimal gas liquid phase interaction , 3 Synthesis and characterization of mesoporous heterogeneous catalysts for oxidative destruction of volatile organic compounds with applications in automotive exhaust emission control , 4 Application of nano catalysts for hydrogen production using water gas shift reaction , 5 Gas engine driven air conditioning GEDAC for heating and cooling , 6 Hydraulic and fluid mechanics utilizing experimental and numerical analyses with applications that include flow through a breached levee and during levee closure .']"
"Nguyen, Sarah","['research', 'computer', 'engineering']"
"Nicholson, Marjorie",Chemical Engineering
"O'Donnell, Misty ",Mechanical Engineering
"O'Reilly, Christian","Christian's main interests are related to better understanding the brain across spatial
                                    and temporal scales in order to address complex neurodevelopmental issues such as
                                    autism and other neurodevelopmental disorders. The methods he uses include analytical
                                    techniques (e.g., EEG source reconstruction, functional connectivity) and modeling
                                    (e.g., point neurons, morphologically-detailed neurons, neural masses), as well as
                                    the combination of these two approaches through Bayesian model-driven analyses. He
                                    is further interested in novel ways to empower the study of neuroscience through AI
                                    and to empower AI through biologically inspired neural networks. His full and up-to-date
                                    publication list can be found on his Google Scholar profile."
"O'Reilly, James",['James O Reilly teaches various undergraduate courses .']
"Ortiz-Hernandez, Ivelisse","Dr. Ortiz-Hernandez background involves the study of heterogeneous catalytic systems
                                 under reaction conditions. Her research interest involves the development and characterization
                                 of new catalytic materials with applications in environmental and alternate energy
                                 systems. She is also interested in the use of analytical instrumentation techniques
                                 for the characterization of materials and the study of chemical reactions. Her experience
                                 involves the teaching and developing of new curriculums in the area of chemical engineering
                                 and chemical technology."
"Pandher, Jaspreet (Jessie)",Mechanical Engineering
"Paschvoss, Nicholas",Engineering and Computing
"Patel, Chandrashekhar","Dr. Patel's research interests include molecular regulation of vascular endothelial
                                 and smooth muscle cells."
"Patterson, Ruth","['research', 'computer', 'engineering']"
"Paul, Titan C.","1. Paul, T. C.*, Tikadar, A., Mahamud, R., Salman, A. S., Morshed, AKM. M., Khan,
                                    J. A. “A Critical Review on the Development of Ionic Liquids-Based Nanofluids as Heat
                                    Transfer Fluids for Solar Thermal Energy” Processes 2021, 9, 858. https://doi.org/10.3390/pr9050858. 2. Main, K. L., Eberl, B. K., McDaniel, D., Tikadar, A., Paul, T.C.*, Khan, J. K.
                                    “Nanoparticles size effect on thermophysical properties of ionic liquids based nanofluids”
                                    Journal of Molecular Liquids 343 (2021) 117609. 3. Howe, M.L., Paul, T.C.*, Khan, J. A. “Radiative properties of Al2O3 nanoparticles
                                    enhanced ionic liquids (NEILs) for direct absorption solar collectors” Solar Energy
                                    Materials & Solar Cells 232 (2021) 1113274. Shahadat, M. B., Roni, R. H., Masnoon, A. S., Shamim, S. A., Morshed,AKM. M., Paul,
                                    T. C.* “A Molecular Dynamics Study of Enhancement of Heat Transfer during Phase Change
                                    from a Nano Engineered Solid Surface” Processes 2021, 9, 715. https://doi.org/10.3390/pr90407155. Mahmud, R., Morshed, AKM. M. Paul, T.C.* “Enhanced Specific Heat Capacity of Liquid
                                    Entrapped between Two Solid Walls Separated by a Nanogap” Processes 2020, 8, 459;
                                    doi:10.3390/pr8040459. 6. Tikadar, A., Paul, T.C., Oudah, S. K., Salman, A. S., Khan, J. A. “Enhancing thermal-hydraulic
                                    performance of counter flow mini-channel heat sinks using transverse inter-connectors:
                                    numerical study with experimental validation” International Communications in Heat
                                    and Mass Transfer 111 (2020) 104447. 7. McCants, D. A., Hayes, A., Paul, T. C., M., Shaaban, A., Khan, J. A. “Experimental
                                    and numerical evaluation of heat transfer enhancement potential of Copper-II and Zinc
                                    oxide nanofluids flowing over a heated plate” ASME Journal of Thermal Science and
                                    Engineering Applications 11(4), 041015 (Jul 15, 2019). 8. Tikadar, A., Oudah, S. K., Paul, T.C., Salman, A. S., Morshed, AKM. M., Khan, J.
                                    A. “Parametric study on thermal and hydraulic characteristics of inter-connected parallel
                                    and counter flow mini-channel heat sink” Applied Thermal Engineering 153 (2019) 15-28.9. Mahmud, R., Morshed, AKM. M. Paul, T.C., Rahman, S.  “Atomistic simulation of size-dependent
                                    heat capacity of liquid in molecular scale confinement at different temperatures”
                                    Micro & Nano Letters (2019), DOI:  10.1049/mnl.2018.5288. 10. Paul, T.C.*, Mahmud, R., Khan, J. A. “Multiphase modeling approach for Ionic Liquids
                                    (ILs) based nanofluids: Improving the performance of heat transfer fluids (HTFs)”
                                      Applied Thermal Engineering 149 (2019) 165-172.11. Salman, A. S., Abdulrazzaq, N.M.,  Oudah, S. K.  Tikadar, A., Anumbe, N., Paul,
                                    T.C., Khan, J. A. “Experimental Investigation of the Impact of Geometrical Surface
                                    Modification on Spray Cooling Heat Transfer Performance in the Non-Boiling Regime”
                                    International Journal of Heat and Mass Transfer 133 (2019) 330–340.12. Tikadar, A., Najeeb, U., Paul, T. C., Oudah, S. K., Salman A. S. Abir, A. M.,
                                    Carrilho, L. A., Khan, J. A. “Numerical Investigation of Heat Transfer and Pressure
                                    Drop in Nuclear Fuel Rod with Three-Dimensional Surface Roughness” International Journal
                                    of Heat and Mass Transfer 126 (2018) 493–507.13. Paul,T.C., Morshed, AKM. M., Fox, E.B., Khan, J.A.  “Enhanced thermophysical properties
                                    of NEILs as heat transfer fluids for solar thermal applications” Applied Thermal Engineering
                                    110 (2017) 1–9. 14. Paul,T.C., Morshed, AKM. M., Fox, E.B., Khan, J.A.  “Thermal Performance of Al2O3
                                    Nanoparticle Enhanced Ionic Liquids (NEILs) for Concentrated Solar Power (CSP) Applications”
                                    International Journal of Heat and Mass Transfer 85 (2015) 585–594. 15. Paul,T.C., Morshed, AKM. M., Fox, E.B., Khan, J.A.  “Experimental Investigation
                                    of Natural Convection Heat Transfer of Al2O3 Nanoparticle Enhanced Ionic Liquids (NEILs)”
                                    International Journal of Heat and Mass Transfer 83 (2015) 753–761. 16. Paul,T.C.,Morshed,AKM. M., Khan,J. A. “Effect of Nanoparticle Dispersion on Thermophysical
                                    Properties of Ionic Liquids for its Potential Application in Solar Collector” Procedia
                                    Engineering 90 ( 2014 ) 643–648. 17. Paul,T.C., Morshed, AKM. M., Fox, E.B., Visser, A.E., Bridges, N. J., Khan, J.A.
                                     “Thermal Performance of Ionic Liquid for Solar Thermal Applications” Experimental
                                    Thermal and Fluid Science 59(2014)88-95. 18. Paul,T.C., Morshed, AKM. M., Fox, E.B., Visser, A.E., Bridges, N. J., Khan, J.A.
                                     “Buoyancy Driven Heat Transfer Behavior of [C4mim][NTf2]  Ionic Liquid: An Experimental
                                    Study” Applied Thermal Engineering 66 (2014) 534-540. 19. Paul,T.C., Morshed, AKM. M., Khan, J. A.  “Nanoparticle Enhanced Ionic Liquids
                                    (NEILs) as Working Fluid for the Next Generation Solar Collector” Procedia Engineering
                                    56 (2013) 631–636.20. Morshed, AKM. M., Paul, T. C., Khan, J. A. “Effect of Al2O3 Nanoparticle Deposition
                                    on Flow Boiling Performance of Water in a Microchannel” Experimental Thermal and Fluid
                                    Science 47(2013) 6–13. 21. Morshed, AKM. M., Paul, T. C., Khan, J. A.""Atomistic Simulation of Temperature
                                    Dependent Thermal Transport across Nanoconfined Liquid"",Physica E: Low-dimensional
                                    Systems and Nanostructures 47 (2013) 246–251. 22. Morshed, AKM. M., Paul, T. C., Khan, J. A. “Effect of Cu-Al2O3 Nanocomposite Coating
                                    on Flow Boiling Performance of a Microchannel” Applied Thermal Engineering 51 (2013)
                                    1135-1143. 23. Morshed, AKM. M., Paul, T. C., Khan, J. A.  “Effect of Nanostructures on Evaporation
                                    and Explosive Boiling of Thin Liquid Films: A Molecular Dynamics Study” Applied Physics
                                    A: Materials Science and Processing 105 (2011) 2; 445-451. 24. Sree, D., Paul, T., Aglan, H. “Temperature and Power Consumption Measurements
                                    as a Means for Evaluating Building Thermal Performance”.Applied Energy 87 (2010) 2014–2022. 25. Paul, T., Sree, D., Aglan, H.  “Effect of Mechanically- Induced Ventilation on
                                    the Indoor Air Quality of Building Envelopes” Energy and Buildings 42 (2010) 326–332."
"Penaherrera, Brie","['research', 'computer', 'engineering']"
"Peng, Zhenmeng","Our research is driven by the attempts to understand reactions at the molecular level,
                                    and to discover advanced catalyst materials based on multidisciplinary knowledge in
                                    Heterogeneous Catalysis, Materials Science, Electrochemistry, and Physical Chemistry.
                                    The research efforts cover rational search of new catalytic structures of interest,
                                    development of synthesis strategies to realize the desired structures, evaluation
                                    of the catalytic properties, and in-depth study of the reaction mechanisms. Our current
                                    research interests include electrochemical hydrogen generation/storage/utilization,
                                    new approaches for electrical energy storage, C1 chemicals conversion, electrochemical
                                    engineering for desalination and separation applications."
"Perea, Dennis",Electrical Engineering
"Peters, Wally ",['Dr . Peters research and interests include Complex Systems Study and Design .']
"Pierce, Charles",Civil and Environmental Engineering
"Pierce, Lisa","['research', 'computer', 'engineering']"
"Plante, Portia",['Portia Plante teaches various undergraduate courses .']
"Popov, Branko N.","Dr. Popov is a Carolina Distinguished Professor and Director of the Center for Electrochemical
                                 Engineering at USC. He stablished USC’s internationally recognized research program
                                 in electrochemical and corrosion engineering and was listed by Thomson Reuters as
                                 one of the most highly cited researchers in the world for 2002, 2014 and 2015. He
                                 is the 2003 recipient of American Electroplaters and Surface Finishing Society (AESF)
                                 Scientific Achievement Award for outstanding scientific contributions over a span
                                 of a decade, 2005 Fuel Cell South Crystal Flame Innovation Award, 2007 Research Achievement
                                 Award from University of South Carolina, 2014 Breakthrough Leadership Award from University
                                 of South Carolina and Prestigious USC Russell Award for Research in Science, Mathematics
                                 and Engineering in 2015.|His work has profound impact on energy-storage materials used in advanced batteries,
                                 developing catalyst for fuel cells, all of each is accelerating the commercialization
                                 of electric vehicles. Dr. Popov’s work in materials also extends to electroplating,
                                 sensors, electrolyzers, corrosion protection, developing highly corrosion stable alloys
                                 for metallurgy, materials for cathodes and anodes for primary and secondary batteries,
                                 capacitors and development of performance models.|Dr. Popov published 235 refereed technical papers, author/coauthor of 20 book chapters,
                                 62 papers published in receding volumes and four textbooks.  His papers according
                                 to Scholar Commons were downloaded more than 39,000 times.|His research group garnered more than 15 million in research funding  from the financial
                                 support of the Office of Naval Research, United States Army Corps of Engineers, National
                                 Reconnaissance Office, (NRO), Sandia National Laboratory, South  Carolina Department
                                 of Transportation (SCDOT), American Electroplaters and Surface Finishing  Society,
                                 (AESF), United States Department of Energy (DOE), National Air and Space Administration
                                 (NASA), National Science Foundation (NSF), Defense University Research Instrumentation
                                 Program (DURIP), ACT Corporation, St. Jude Medical, Tokuyama Corporation,(Japan)  and 
                                 private industries, including United Technologies, ELISA Co, General Electric, Boing,
                                 Farasis,  Faraday Technologies etc.|His students landed positions at U.S National Laboratories, earned tenure at universities
                                 worldwide and work at top-tier companies such as Apple, IBM, Intel, GM and Tesla Motors.
                                 He considers teaching future chemical and corrosion engineers to be just as important
                                 as research. He published by Elsevier in 2015 a new textbook entitled “Corrosion Engineering”
                                 which is been worldwide recognized for teaching theoretical electrochemistry, and
                                 fundamental principles of corrosion, passivity, material selection and design, mathematical
                                 modeling of corrosion processes at interfaces and engineering of corrosion protection
                                 strategies."
"Potts, Jay","The prevalence of congenital cardiac malformations places an extreme sociological
                                 and personal burden. There are a myriad of congenital cardiac defects but the majority
                                 involve a region known as the atrioventricular canal (AV). The AV canal is responsible
                                 for the production of the AV valves and membranous portion of the interventricular
                                 septum. This is accomplished through a process known as ""epithelial-mesenchymal cell
                                 transformation"". Understanding how the early heart and in particular the AV canal
                                 is formed is critical to building the foundation for future therapeutic measures. | Cardiac Development|Regenerative Medicine"
"Prater, Shane T.","['research', 'computer', 'engineering']"
"Priviero, Fernanda",Cardiovascular Translational Research Center Cell Biology and Anatomy
"Putlock, Sarah","['research', 'computer', 'engineering']"
"Qian, Yu","Dr. Yu Qian has been working on transportation geotechnics and railroad infrastructure
                                 related research, mainly focusing on heavy haul and transit track structures, high
                                 speed rails, pavements, geosynthetics, and discrete element simulation.  He is currently
                                 serving as a committee member for three TRB Committees, two AREMA Committees, and
                                 the ASCE Rail Transportation Committee. | Computer Vision|Machine Learning"
"Raghu, Sowmya","Sowmya's research interest lies in heat transfer studies in micro-channel, porous
                                 media, additive manufacturing, and developing artificial intelligence based models
                                 for predicting gas turbine performance."
"Ravi, Lalitha",Mechanical Engineering
"Regalbuto, John R.","One of the major research avenues of our group is the study of the preparation of
                                 solid catalysts. A typical example is the platinum or rhodium containing automobile
                                 catalytic converter used to eliminate carbon monoxide, nitric oxide, and hydrocarbons
                                 from auto exhaust. Solid catalysts are usually composed of a metal or metal oxide
                                 deposited onto or supported on a high surface area, refractory oxide, which produces
                                 small, well anchored metal particles with a maximum amount of exposed metal surface.|Our current efforts involve the use and comparison of different methods for synthesis
                                 of a variety of catalysts especially using Strong Electrostatic Adsorption ( SEA )
                                 in producing catalysts with high dispersion. The studies are also done to rigorously
                                 and systematically verify an underlying theory we have revived from the colloid science
                                 literature to predict how much metal will be adsorbed by the oxide for a full range
                                 of liquid conditions. We also investigate coupled methods for catalyst synthesis especially
                                 in the cases of bimetallic and bifunctional catalysts.|In a second vein of work, we look at a further step of catalyst preparation. After
                                 impregnation and drying, the catalyst is put through a series of heat and chemical
                                 treatments to activate the metal. We study how the shape and chemical structure of
                                 the deposited metal particles change as a function of pretreatment conditions. In
                                 some cases the size and shape of particles can be controlled. For these studies we
                                 use various types of characterization techniques such as electron microscopy and x-ray
                                 diffraction. | heterogeneous catalyst synthesis"
"Regan, Elizabeth A.",Health information technology and exchangeStrategic information systemsLarge-scale organizational change Technology innovation and business process redesign (reengineering)E-commerce and e-businessEnd-user information systemsKnowledge management
"Reifsnider, Kenneth ",heterogeneous materials|composites|simulation
"Rekleitis, Ioannis","Mobile Robotics, Space Robotics, Multi-Robot Systems, Sensor Networks, Artificial
                                    Intelligence, Computer Vision and Image Processing, Computational Geometry, Computer
                                    Graphics. | Marine Robotics|Perception|Coverage|Cooperative Localization|SLAM"
"Reynolds, Tony ","['Dr . Reynolds research and interests include friction stir welding , fatigue and fracture , experimental micro mechanics , quantitative fractographic analysis .']"
"Ritter, James A.","James A. Ritter, Ph.D., is the L. M. Weisiger Professor of Engineering and a Carolina
                                    Distinguished Professor in the Department of Chemical Engineering at the University
                                    of South Carolina. Professor Ritter has authored or coauthored over 142 peer-reviewed
                                    journal articles and holds two U. S. Patents in the areas of cyclic adsorption processes
                                    for gas separation and purification, hydrogen storage processes and materials, and
                                    magnetic field-enhanced processes for separations and targeted drug delivery.|He has served or is serving as a consultant for more than 20 companies, government
                                    agencies and national laboratories including ExxonMobil, Eastman Chemical, DOE, and
                                    the Pacific Northwest National Laboratory. He is also serving or has served on the
                                    Editorial Boards of four journals: Separation Science and Technology; Adsorption, Journal of the International Adsorption
                                    Society; Recent Patents in Chemical Engineering; and Industrial and Engineering Chemistry Research.|He currently has funding for his research from the DOE, NASA, NSBRI, and several university
                                    centers and private companies. Professor Ritter is using this funding to support one
                                    Research Associate Professor (Dr. Armin D. Ebner), one Postdoctoral Associate (Dr.
                                    Marjorie A. Nicholson), and seven Ph.D. students (Fan Wu, Iftekhar Hossain, Anahita
                                    Abdollhi, Lutfi Erden, Atikur Rahman, Nima Mohammadi, and Hanifi Erden). Shubhra Bhadra
                                    left Professor Ritter’s group after successfully defending his Ph.D. in February 2012
                                    and joined the Adsorption Team at Air Products and Chemicals in April.|Professor Ritter has also been actively involved with the Separations Division of
                                    the American Institute of Chemical Engineers since 1991, serving most recently as
                                    a Director in the Division. He has also been involved with the Industrial and Engineering
                                    Chemistry (I&EC) Division of the American Chemical Society (ACS) since 1994, and in
                                    2013 he began serving as the new I&EC Division Chair-elect. Professor Ritter was named
                                    a Fellow of the ACS in July 2012. At UofSC, Professor Ritter became the recipient
                                    of the 2012 UofSC Educational Foundation Research Award for Science, Mathematics,
                                    and Engineering, being only the third engineer to receive this award since its inception
                                    in 1984. He has also served as the Graduate Director in the Department of Chemical
                                    Engineering; and on the UofSC Committee on Named and Distinguished Professorships
                                    since 2009. | separations|adsorption|magnetic drug targeting|materials|electrochemistry"
"Rizos, Dimitris","His areas of interest are in Structural Mechanics with emphasis on Railway and Highway
                                 Infrastructure, High Speed Rail Systems, and Civilian and Military Bridges. Dr. Rizos
                                 expertise is in the area of structural mechanics and modeling with emphasis on: (i)
                                 Development and implementation of computational methods (BEM, FEM, DEM, Hybrid Methods)
                                 for problems in wave propagation, soil-structure interaction, structural dynamics,
                                 and transient analysis of multi-phase media, such as the train-rail-trackbed-soil
                                 interaction problems; (ii) Analysis and Design of freight, passenger and High Speed
                                 Railway infrastructure (bridges, tunnels, tracks, etc); (iii) Bridge Engineering and
                                 High Performance Materials for civilian and military applications. | Structural Mechanics|Railway Engineering|Transportation Infrastructure Engineering|Remote Sensing"
"Roberts, Elwyn","['Dr . Robert s research and interests include materials performance in nuclear reactors , product design , manufacturing and concurrent engineering .']"
"Rocheleau, David ","['Dr . Rocheleau s group has interest in machine design and machine component design . His group has done work in optimizing the design of epicyclic gear trains to ensure long life and reduced noise . Work has also been done in helping small to medium size companies in a wide area of product design issues . The design concepts are modeled using Pro ENGINEER design software and analyses are performed with a variety of computer aided engineering tools . His group has done work in the modeling of balance of plants in a PEM fuel cell system . Overall design issues involving kinematic and dynamics of mechanisms , from robots to prosthetic devices , have also been performed . Dr . Rocheleau holds several patents , primarily in new product innovation devices .']"
"Rodriguez, Alejandro David",Mechanical Engineering
"Rose, John R. ","I am currently a member of IEEE. I am the author of over 50 technical papers in bioinformatics,
                                    machine intelligence, and computational science. My research interests are in the
                                    areas of bioinformatics, normative reasoning and planning, DAI and multiagent systems,
                                    and computational chemistry. I have conducted research funded by NSF, NIH, NASA, DOD/ONR,
                                    Alexander von Humboldt Foundation, BMFT (German NSF equivalent), as well as the South
                                    Carolina Commission on Higher Education. I have been a NASA Institute for Advanced
                                    Concepts (NIAC) Fellow. I was formerly the Director of the SC INBRE Bioinformatics
                                    Core. A major new focus of my research group is de novo peptide sequencing. We have
                                    recently received NSF funding to support this effort."
"Rowen, Marcia",Chemical Engineering
"Russell, Carol","['research', 'computer', 'engineering']"
"Sabalowsky, Andrew","Dr. Sabalowsky’s prior research expertise are in anaerobic processes, specifically
                                 as they relate to bioremediation of hazardous xenobiotic molecules and biofuel production,
                                 such has methane and hydrogen production, microbial fuel cells, and fermentable products.
                                 More recently, his interests are in renewable energy technology centered on fluid
                                 flow, such as wave attenuation, micro wind turbines, and solar chimneys."
"Sadati, Monirosadat (Sanaz)","The Sadati lab will pursue a bottom-up approach to study the structure, dynamics,
                                 and self-assembly of soft materials, with an emphasis on anisotropic components capable
                                 of leading to new, tunable macroscopic properties. Through systematic studies of self-assembly,
                                 topological defects, and real-time structure and rheology, we will engineer responsive
                                 materials with unique architectural features designed for a broad range of applications
                                 including tissue engineering, actuation, drug delivery, controlled cargo transport,
                                 and biosensing."
"Sahin, Alphan ",Wireless communications|Signal processing
"Santi, Enrico","Control of multi-converter systems: model the emergent behavior due to interactions
                                    among closed-loop-controlled interconnected converters and devise control strategies
                                    to improve stability and performance.|Novel control and system identification techniques in power electronics: methods to
                                    perform online stability measurements and control adaptation to improve system stability.|Applications of artificial intelligence and machine learning in power electronics:
                                    application of digital twin and deep learning techniques to power electronics systems.|Two-phase cooling for power electronics systems: two-phase cooling has the potential
                                    to significantly reduce converter system size and weight and improve reliability.|Physics-based modeling of power semiconductor devices: develop, implement and validate
                                    physics-based models for various bipolar and unipolar power semiconductor devices
                                    both in silicon and wide bandgap materials such as silicon carbide and gallium nitride.|Modeling and simulation: multi-physics modeling and simulation of power electronics
                                    systems."
"Sasanakul, Inthuorn",Geotechnical Engineering
"Satti, Sri",Computer Science and Engineering
"Seay, Brandon","Composite Fabrication, Mechanical Engineering, Aerospace Engineering"
"Sepahvandi, Azadeh","Tissue engineering, Luminescence biomaterials, Soft tissue mechanical characteristics, Electromagnetic waves and signaling in scaffolding and tissue regeneration, Thermodynamics of proteins interactions."
"Shazly, Tarek ",biomedical engineering
"Shepherd, Jeremiah",['JJ Shepherd teaches CSCE 145 and 146 courses .']
"Sheth, Amit","Professor Sheth's current interests include Artificial Intelligence (esp. knowledge
                                 graphs, NLP, deep learning, knowledge-enhanced learning, conversational AI- esp chatbots
                                 for health and education), Semantic Web, Physical/IoT-Cyber-Social-Clinical Big Data,
                                 Augmented Personalized Health, AI and Big Data applications (in health and life sciences,
                                 social good, disaster management, etc.). | Artificial Intelligence|Neurosymbolic AI|Knowledge Graphs|Knowledge-infused Learning|Cognitive & Neuro Sc inspired AI"
"Shimpalee, Sirivatch","Dr. Shimpalee's current research is in the area of renewable energy including fuel
                                 cells, energy storage, high temperature thermal system, and bioenergy. His expertise
                                 is to use multi-scale and multi-dimensional modeling combine with electrochemistry
                                 to understand the physics inside their complex systems particularly in the transport
                                 phenomena."
"Simin, Grigory","1998-Present: Wide bandgap materials and devices, III-Nitride power microwave devices
                                    and ICs|1971–1998: Gunn effect devices, GaAs FETs, microwave and optical integrated circuits,
                                    semiconductor lasers | Semiconductor Devices and Circuits"
"Smoak, Wilson","['Wilson Smoak is the instructor and coordinator for our Capstone Design Courses , ELCT 403 404 in Electrical Engineering Department , following a successful career in design of digital electronics , most recently for Intel .']"
"Snelson, Kate","['research', 'computer', 'engineering']"
"Sockalingam, Subramani ",Composites|Manufacturing|Processing-Structure-Property|Finite Element Analysis
"Spinale, Frank G.","Francis G. Spinale, MD, PhD, an internationally renowned cardiovascular scientist,
                                 has directed a translational research effort in the thematic area of cardiovascular
                                 remodeling with a particular focus upon heart failure, the main cause of death and
                                 disability in South Carolina, for over the past two decades. The mechanistic, translational,
                                 and clinical studies he has been working on will advance our understanding and potential
                                 treatment for major causes of heart failure in patients. He is also an entrepreneur
                                 with patents and a NIH Small Business Technology Transfer grant to develop a microdialysis/microfluidics
                                 delivery system for cardiac surgery. Additionally, Dr. Spinale serves on the ditorial
                                 board of seven prestigious scientific journals and is a consultant to various pharmaceutical
                                 companies and biotechnology companies. To his credit, he also has over 400 peer-reviewed
                                 publications in leading cardiovascular journals and is a fellow of several professional
                                 societies, including the American Heart Association and the American College of Cardiology.
                                 He has been invited to present his research both nationally and internationally at
                                 major scientific meetings, universities, and congresses/conferences. Dr. Spinale is
                                 the director of the Cardiovascular Translational Research Center, and he has pioneered
                                 various projects for cardiac research while working to collaborate with other departments
                                 and faculty between the SOM and VA."
"Srivastava, Biplav","Neuro-Symbolic Computing - AI techniques at the intersection of learning and (goal-based)
                                    reasoning|Collaborative Assistance - Computing methods for assisting people|Trusted AI - Automated rating, adversarial learning|Applications to Smart City using Open and Sensor Data - Water, health, traffic | Artificial Intelligence (Automated Planning|Trust|Learning)|Smarter Cities (Water)|Services"
"Stanford, Thomas G.","Dr. Stanford's research interests are in the fields of Chemical Process Systems and
                                 Advanced Professional Engineering Education. Chemical Process Systems is the mathematical
                                 modeling of chemical process systems, chemical process control, conceptual design
                                 of chemical processes, chemical process systems simulation, chemical reactor engineering.
                                 Advanced Professional Engineering Education involves conceptual models for graduate
                                 professional engineering education, advanced education for practicing professional
                                 engineers."
"Stork, Carol","Analytical Chemist, Chemical Engineering"
"Sudarshan, Tangali S.","['SwearingenRoom 3A17301 Main StreetColumbia , SC 29208Dr . Sudarshan s specializations and research interests include']"
"Sur, Sanjib ","Professor Sur's research interests are in the areas of Wireless Systems and Architectures,
                                 Millimeter-Wave Communications and Networks, Internet of Things Connectivity and Sensing
                                 Systems. | Wireless networking|Mobile computing|Millimeter-wave|Terahertz"
"Sutton, Michael",Digital Image Correlation|Stereo Vision|Computer Vision|Fracture Mechanics|Biomechanics
"Swanner, Jennifer","['research', 'computer', 'engineering']"
"Taheri Qazvini, Nader ","Bio-nano hybrid and biomimetic materials|Charge-driven self-assembly|Structure-dynamics relations in polymer networks, hydrogels, soft glassy materials
                                    and living cells|Microfabrication and 3D Bioprinting|Tissue engineering and collective cell migration"
"Tan, Wenbin",vascular biology
"Tang, Chuanbing",Polymer|Biomaterials
"Tatting, Brian",Mechanical Engineering
"Thatcher, Matt E. ","My research examines the strategic and economic impacts of information technology
                                    (IT) with a focus on four themes: IT value, software patent policy design, IT offshoring,
                                    and the social costs of information privacy."
"Thompson, Chris","['research', 'computer', 'engineering']"
"Tong, Yan","Professor Tong's research interests focus on computer vision and pattern recognition
                                 especially on human computer interaction including but not limited to:|Affective computing (facial activity analysis and eye gaze tracking)|Statistical shape modeling and their applications in face image interpretation and
                                    medical image analysis|Probabilistic graphical models and their applications in computer vision including
                                    modeling, reasoning, information fusion, and learning under uncertainty."
"Tooren, Michel  van","['Dr . van Tooren s research interest include Design Automation , Knowledge Based Engineering , Alternative aircraft concepts , Composite aircraft fuselages , Aircraft Certification , Systems Engineering and Road vehicle aerodynamics .']"
"Tulenko, James",Mechanical Engineering
"Turner, Carrie","['research', 'computer', 'engineering']"
"Turner, Jack",Western Rite Orthodoxy|Liturgical Theology|Christian History
"Turner, Jammie","['research', 'computer', 'engineering']"
"Uline, Mark J.","The Uline research group is working toward the fundamental understanding of how the
                                 complex interactions at interfaces couple together to give the rich phenomena observed
                                 in various chemical and biological systems. Currently, we are focused on molecular
                                 modeling of biological interfaces, in particular, phase transitions and binding in
                                 lipid bilayers and surfactant driven nematic ordering transitions in liquid-crystal
                                 thin films. Other ongoing research interests include bubble and droplet nucleation
                                 theory, molecular dynamics simulations in the isothermal-isobaric ensemble, and the
                                 effects of multivalent ions on the charge regulation in tethered polyelectrolytes. | Statistical Mechanics|Biophysics|Soft Matter|Physiology|Thermodynamics"
"Ulrich, Barb",Computer Science and Engineering
"Valafar, Homayoun","Dr. Valafar's research activities fall into two broad categories of research: Computational
                                    Medicine and Computational Biology. The computational medicine tier of his research
                                    is focused on development of computational modeling of human response to different
                                    medical treatments or methods of rehabilitation. Dr. Valafar's group has demonstrated
                                    a success in relation to administration of Hydroxyurea for alleviation of symptoms
                                    associated with Sickle Cell Anemia. The second tier of his research focuses on the
                                    problem of protein folding. The general community of researchers focus on two disjoint
                                    and orthogonal approaches to protein structure determination: purely experimental
                                    and purely computational approaches. Each of these two approaches possess advantages
                                    and disadvantages that results in their continued research and developments and hinders
                                    their practical utility. Dr. Valafar's current research (funded by NIH and NSF) is
                                    focused on exploration of hybrid approaches that combines minimum experimental data
                                    with novel computational approaches. This hybrid approach has been shown to combine
                                    the advantages of each contributing components while mitigating their detriments. | Computational Biology|Bioinformatics|Artificial Intelligence|Machine Learning|Neural Information Processing"
"Valtorta, Marco","Dr. Valtorta's research interests are in the areas of normative reasoning under uncertainty
                                 (especially Bayesian networks, chain graphs, influence diagrams, causal models, identifiability
                                 issues, and applications in multiagent systems), heuristics for problem solving, and
                                 computational complexity in artificial intelligence. As a faculty member, he conducted
                                 research funded by ARDA, SPAWAR, DARPA, IARPA, the Office of Naval Research (ONR),
                                 the U.S. Department of Agriculture (DOA), CISE (an Italian laboratory controlled by
                                 ENEL, the state electricity company), and the South Carolina Law Enforcement Division.
                                 He recently led the UofSC part of a multi-institution IARPA-funded project on the
                                 synergistic use of Wigmorean inference networks and Bayesian networks to support argumentation
                                 and collaborated with Dr. Linyuan Lu of the UofSC mathematics department in an ONR-funded
                                 project on the Markov properties of directed hypergraphs. His current research includes
                                 inventing new algorithms for learning chain graphs from data and domain knowledge
                                 and the application of counterfactual reasoning to personalized health care. | Artificial Intelligence"
"Van Brunt, Vincent","Professor Van Brunt's research interests are: separations modeling and chemistry including
                                 design of distillation, adsorption and extraction systems; extraction chemistry for
                                 both organic and hydrometallurgical systems; filtration; chemistry and engineering
                                 of ceramic precursors via the sol-gel process; the development of new mathematical
                                 modeling techniques for process thermodynamics and separations, and the analysis of
                                 process hazards.|Recent specific research projects include the development of: a) new extractant-diluent
                                 chemistry for acetic acid recovery from terephthalic acid plants, b) new extractant-diluent
                                 chemistry for the separation of cesium and strontium, c) experimental and theoretical
                                 analysis of temperature distributions in horizontal metal hydride beds, d) constitutive
                                 relationships for air-water downflow, e) new continuation algorithms using differential
                                 geometry for separations, and f) the characteristics of liquid-liquid-solid systems
                                 that have enhanced extraction and regeneration capability.|Current active research projects include hazard analysis of hydrogen evolution chemical
                                 processes, analysis of heat-integrated azeotropic distillation systems, the theoretical
                                 and experimental analysis of chemical-exchange for aqueous detritiation of groundwater,
                                 the development of extraction chemistry for mercury and cadmium recovery from waste
                                 streams and crossflow filtration of high activity nuclear waste simulants."
"Vargas, Juan",['Dr . Vargas is a adjunct professor for the Computer Science and Engineering Department .']
"Vensel, Ellie","['research', 'computer', 'engineering']"
"Vidal, Jose M. ","Professor Vidal's research interests are in the area of multiagent systems. On the
                                    theoretical side he is interested in developing systems that coordinate and aggregate
                                    the actions of large number of autonomous agents. This is interdisciplinary work which
                                    straddles the boundaries of economics, algorithmic game theory, distributed algorithms,
                                    agent-based modelling, and the social sciences. On the implementation side he is interested
                                    in the development of agent-based simulations, web applications and web services. | multiagent systems|agent-based modeling|artificial intelligence|distributed systems"
"Viparelli, Enrica","['2018 Present Associate Professor , Civil and Environmental Engineering , University of South Carolina , Columbia2012 2017 Assistant Professor , Civil and Environmental Engineering , University of South Carolina , Columbia']"
"Vitali, Juan A.","Interest in microreactor design concepts, advanced fuel design,  LENR, transportable
                                 reactors, molten salt, liquid metal and other designs"
"Vitzilaios, Nikolaos (Nikos)",Unmanned Systems|Robotics|Mechatronics
"Vogt, Thomas",Chemistry|Physics|Materials Science
"Wang, Guiren","Dr. Wang's research and interests include micro/nanofluidics, electrokinetics, lab-on-a-chip,
                                 far field optical nanoscopy, super-resolution imaging, cancer detection, fluorescence
                                 spectroscopy, tissue engineering, fluid dynamics, turbulence and mixing. | micro/nanofluidics|lab-on-a-chip|super-resolution imaging|cancer detection|turbulence and mixing."
"Wang, Guoan","Smart RF/Microwave/mmwave devices, circuits and systems:
                                    
                                    
MEMS based RF components and systems
On-chip tunable RF components and systems
Reconfigurable components with the integration of ferroelectric and ferromagnetic
                                          thin films|MEMS based RF components and systems|On-chip tunable RF components and systems|Reconfigurable components with the integration of ferroelectric and ferromagnetic
                                          thin films|3D IC and system integration|Sensors and sensing systems|3D Printing and Advanced Manufacturing Technology"
"Wang, Song","Professor Wang's research interests include computer vision, medical imaging, and
                                 machine learning. Recently, his research is focused on developing computational algorithms
                                 and software tools for:|understanding the natural images or image sequences by extracting perceptually salient
                                    structures,|constructing statistical models for quantifying the nonrigid shape variation of anatomic
                                    structures,|automatically and interactively segmenting structures of interest from various MR,
                                    CT, and microscopic images,|detecting and recognizing objects of interest from images,|detecting and recognizing human activities in videos. | Computer Vision|Image Processing|Machine Learning"
"Wang, Xiaofeng","Model predictive control, robust adaptive control, networked control systems, multi-agent
                                    systems, and machine learning, with their applications in robotics, cyber-physical
                                    systems, and autonomous systems. | Robotics and Control|Cyber-Physical Systems|Autonomous Systems|Machine Learning"
"Wang, Yi","['Curriculum Vitae pdf iMSEL LabDr . Wang s research interests include Computational and data enabled science and engineering CDS E and its applications in multiphysics and multiscale systems engineering , including fluid structural interaction , microfluidics nanofluidics , thermal and energy management , additive manufacturing , among others . The specific focuses are 1 physics based adaptive modeling , from high fidelity multiphysics CFD FEM analysis to reduced order modeling and closed form modeling for real time simulation , trade space exploration , and process control 2 data driven multi fidelity surrogate modeling for multidisciplinary analysis and optimization , large scale system level simulation , and adaptive model integration 3 massive and real time data analytics , discovery , and management , including engineering data mining , parameter estimation , uncertainty quantification , machine learning , and green computing visualization and 4 systems engineering of microfluidics nanofluidics , including model development , system design , control synthesis , hardware development , and experimentation , with the long term goal towards engineering intelligenceL . M . Lee , J . M . Rosanoa , Y . Wang , C . J . Garsona , B . Prabhakarpandiana , K . Pant G . J . Klarmannc , L . M . Alvarez , and E . Lai , Label Free Mesenchymal Stem Cells Enrichment from Bone Marrow by Spiral Inertial Microfluidics , Analytical Methods , 10 , 713 721 , 2018']"
"Waugh, David",Civil and Environmental Engineering
"Weatherford, Travis",Civil and Environmental Engineering
"Webb, R. Clinton","The physiology of smooth muscle, with particular emphasis placed on: 1) vascular reactivity
                                 in hypertension and diabetes, 2) penile and clitoral erection in sexual dysfunction,
                                 3) mechanisms of bladder dysfunction in diabetes, 4) cellular and subcellular mechanisms
                                 of contraction and relaxation of vascular smooth muscle (cell signaling, electrogenic
                                 sodium pump, subcellular calcium distribution, monovalent cation movements, nitric
                                 oxide, RhoA/Rho kinase, etc.), 5) adrenergic neurotransmission in blood vessels, and
                                 6) intercellular communication between smooth muscle cells."
"Wei, Tao","Dr. Wei lab focuses on functional materials and biotechnologies to tackle challenges
                                 in health, energy and environment. To achieve structure-function design, we combine
                                 our house-developed multiscale simulation framework (quantum, atomistic, mesoscopic
                                 and continuum scales) with theories, machine learning and experiments at the interface
                                 between chemistry, physics and biology.|My lab is working on four specific areas: 1) biomaterials, biocompatible materials
                                 and biotechniques; 2) polymer membrane and semiconducting polymers; 3) low-dimensional
                                 or nanoporous materials; 4) materials at severe conditions.|Our recent research projects about crosslinked polymer membrane, biosensor development
                                 (surface enhance Raman and dielectric spectroscopy spectrum) and the fundamental studies
                                 of bio-nano interactions and abiotic-biotic interfacial Redox have been funded by
                                 NSF, NASA, DoE and DoD."
"Wei, Xiaojun",Nanotechnology Biomedical Engineering|Functional Nanoparticles|Nanopore|Biosensor，Biomarker Sensing，Protein …
"Wenceslau, Camilla Ferreira","The overarching goal of my laboratory is to understand vascular physiology in cardiovascular
                                 diseases. We study the mechanisms associated with the vascular-immune network in hypertension,
                                 metabolic syndrome and sepsis. Specifically, we question why immunoreceptors that
                                 are crucial for chemotaxis and inflammation in sentinel cells, are expressed in the
                                 vasculature? Further, does activation or inhibition of these receptors play a role
                                 in the vascular physiology and pathophysiology? To answer these questions, my laboratory
                                 employs a wide range of cutting-edge techniques and multidisciplinary in vivo and
                                 in vitro experimental approaches including clinically relevant diseased mouse and
                                 rat models, radiotelemetry, vascular isobaric and isometric force measurement, and
                                 biochemical and molecular biology methods. Our work has been previously supported
                                 by the American Heart Association (AHA) and it is currently funded by the NIH [NHLBI
                                 (R01) and NIGMS (R00)]."
"Wessinger, Rebecca","['research', 'computer', 'engineering']"
"White, Ralph E.","Dr. White and members of his research group are working on projects in the areas of
                                 fuel cells, batteries, electro-deposition, corrosion, and numerical methods. Their
                                 work on numerical methods consists of developing efficient algorithms to solve the
                                 equations that represent the phenomena that occur in electrochemical and chemical
                                 systems."
"Wilhelm, Dan",Mechanical Engineering
"Wilkinson, Ronni","['research', 'computer', 'engineering']"
"Williams, Andrea R.","['research', 'computer', 'engineering']"
"Williams, Christopher","The Williams group research interests are in the area of heterogeneous catalysis and
                                 surface science, with a particular focus on studying solid-liquid catalytic interfaces.
                                 Catalysis carried out in the liquid-phase is very important for applications such
                                 as fine chemicals and pharmaceutical production, and in the production of new fuels
                                 from biorenewable resources. Our primary research involves the development and application
                                 of in-situ or operando surface vibrational spectroscopic methods to study adsorption
                                 and catalysis at solid catalyst surfaces under industrially relevant reaction conditions
                                 (i.e., in the liquid phase and/or at high gas pressures and temperatures). Specific
                                 techniques under development in our group include surface-enhanced Raman spectroscopy
                                 (SERS), attenuated total reflection infrared (ATR-IR) spectroscopy, and sum-frequency
                                 spectroscopy (SFS).|The information obtained with these approaches allows us to develop a molecular-level
                                 understanding of the catalytic mechanisms that govern the function of heterogeneous
                                 catalysts under reaction conditions. Such understanding is critical if we wish to
                                 rationally design catalysts for specific applications in the future. Current reaction
                                 systems of interest include enantioselective hydrogenation of alpha-ketoesters and
                                 alkenoic acids; selective oxidation of alcohols, including especially glycerol, which
                                 is the major byproduct in biodiesel production; hydrodeoxygenation of biomass-derived
                                 organic acids and acid esters to hydrocarbon fuel; and electrocatalytic reduction
                                 of carbon dioxide to hydrocarbons. Catalysts under investigation involve both polycrystalline
                                 transition metals and oxide-supported mono and bimetallic nanoparticle catalysts.
                                 The latter materials are prepared either through traditional catalyst synthesis methods
                                 or more novel protocols under development (e.g., dendrimer-metal nano composites,
                                 electroless deposition) that allow for control of size and composition on the nanoscale.
                                 The Williams group is currently funded by the National Science Foundation, and by
                                 a variety of industrial sources. | Catalysis|Spectroscopy"
"Winkleman, Heather","['research', 'computer', 'engineering']"
"Winterfeldt, Andrew","['research', 'computer', 'engineering']"
"Won, Sang Hee",combustion|flames|fuels|propulsion|chemical kinetics
"Wood, Janet","['research', 'computer', 'engineering']"
"Woodley, Chris","['research', 'computer', 'engineering']"
"Wright, Patrick M., Sr.",Integrated Information Technology
"Wu, Dezhi",Human-Computer/AI Interaction & UX Design|Health IT and Informatics|AI|Conversational UI Design|Behavioral Information Secur
"Wurdinger, Jamie","['research', 'computer', 'engineering']"
"Xue, Xingjian (Chris) ",solid oxide fuel cells|gas separation membranes|electrochemical energy conversion and …
"Yu, Lingyu ",Structural Health Monitoring|Ultrasonics|Vibration
"Yuan, Lang",Solidification|Microstructure Modelling|Additive Manufacturing|Discrete Element Modelling
"Yuan, Susan",Mechanical Engineering
"Zand, Ramtin","Dr. Zand's research interests involve Hardware Design for Machine Learning Systems,
                                 Neuromorphic Computing, Emerging Nanoscale Electronics including spintronic devices,
                                 Reconfigurable and Adaptive Computer Architectures, and Low-Power and Reliability-Aware
                                 VLSI Circuits. | Edge Computing|Neuromorphic Computing|In-Memory Computing|Machine Learning|Processing-In-Memory"
"Zhang, Bin","Prognostics and health management, which covers fault detection and isolation, failure
                                       prognosis, and fault tolerance|Robotics, unmanned systems, electromechanics, and industrial electronics|Intelligent systems and control|Dynamic systems, design, modeling, simulation and control."
"Zhang, Qi","My research interest is in artificial intelligence and reinforcement learning. The
                                 long-term goal of my research is to build safe, reliable, and trustworthy AI systems
                                 that retain their power and flexibility to handle complex, diverse contexts. To this
                                 end, I develop and analyze decision making algorithms for uncertain, dynamic environments."
"Zhou, Caizhi",Mechanical metallurgy|dislocation dynamics|crystal plasticity|multiscale modeling|friction stir welding
"Ziehl, Paul","Dr. Paul Ziehl is the Associate Dean for Research in the College of Engineering and
                                 Computing at the University of South Carolina, where he serves to understand and align
                                 capabilities of the faculty and the research enterprise of the College. He is a professor
                                 of structural engineering in the Departments of Mechanical and Civil and Environmental
                                 Engineering.|Dr. Ziehl has experience in the management of and interest in joint venture projects
                                 involving multiple universities and industrial collaborators. He has served as the
                                 Principal Investigator at the University of South Carolina for a four-year NIST-sponsored
                                 joint venture project for edge analytics and development of a commercially deployed
                                 wireless structural prognosis system.|Dr. Ziehl conducts research in aerospace composites and related structural systems.
                                 In this capacity, he has conducted multiple investigations for the Department of Defense
                                 in collaboration with Texas Research International for a real-time in flight evaluation
                                 system, contributed to the development of a flight ready monitoring system for thermoplastic
                                 aircraft control surfaces, and developed evaluation procedures for progressive damage
                                 caused by Automated Fiber Placement (AFP) defects through the NASA sponsored Advanced
                                 Composites Consortium. Dr. Ziehl contributes to the development of high-pressure composite
                                 overwrapped hydrogen vessels through his work on the ASME BPV Code, where he serves
                                 as a voting member. His research lies at the intersection of data driven experimental
                                 approaches informed with machine learning and physics-based numerical simulations."
"Bailey, Sherry",Early Social Communication Development|Autism Spectrum Disorder|Cultural Communication
"Cole, Casey",Computational Biology|Bioinformatics|Data Science
"Coman, Paul",thermodynamics|Li-ion safety
"Eslambolchi Moghadam, Sara",Natural product|Medicinal plant|Drug discovery|Wound Healing
"George, Kyle",Liquid Crystals|Soft Matter|3D Printing|Biomaterials
"Gholizadeh, Sona",Engineering Education|Higher Education|Systems Analysis
"Hikmet, Neset, Ph.D.",Health Information Technology|Health Informatics|Information Systems
"Huray, Paul G.",Signal Integrity|RF Engineering
"Myers, Rachel K.",eDNA|ethnobotany|domestication|genomics|Nagoya Protocol
"Regan, Elizabeth A., Ph.D.",health information technology|clinical innovation|large-scale organizational change|IT innovation
"Taheri-Qazvini, Nader ",Soft Matter|Polymer Science|Hybrid Materials|Glassy Dynamics|2D Materials
"Tang, Jijun",algorithm|computational biology|game
"Wilbur, Katherine",Health Services Research|Elder Abuse|Gerontology