,name,designation,titles,research,background,keywords,links,area
1,"Agostinelli, Forest",Assistant Professor,Faculty,My Research WebsiteGoogle ScholarGitHub,,"[""research"",""websitegoogle"",""scholargithub""]",https://www.sc.edu/study/colleges_schools/engineering_and_computing/faculty-staff/forest_agostinelli.php,My Research WebsiteGoogle ScholarGitHub
2,"Ahmad, Iftikhar",Assistant Professor,Faculty,"Dr . Iftikhar Ahmad received his Master of Science M . Sc . degree from Govt . College Lahore and ranked first in the state . He completed his master s and doctoral programs from Texas Tech University in 2003 and 2005 , respectively , in the field of wide bandgap semiconductors . He has gone through post doctoral training at Virginia Commonwealth University in Richmond , Virginia , in the growth processes involving molecular beam epitaxy MBE and metal organic chemical vapor deposition MOCVD techniques . He joined the University of South Carolina as a post doctoral fellow in 2007 and later worked as a research assistant professor . His research focus was the growth and characterization of wide bandgap semiconductors based materials and devices . Dr . Ahmad worked for the industry as a Senior Scientist from 2010 to 2018 , where he developed high quality ultra wide bandgap materials for ultraviolet light emitting diodes UV LEDs . Dr . Ahmad joined the University of South Carolina in 2018 as a Tenure Track Assistant Professor to establish his research is ultra wide bandgap semiconductors . His research involves traditional III nitride based semiconductors like AlGaN and recently emerging semiconductor materials like boron nitride and gallium oxides . The research focuses on exploring the novel approaches to MOCVD growth of emerging materials and their application in the devices based on traditional III nitrides .","Dr. Iftikhar Ahmad received his Master of Science (M. Sc.) degree from Govt. College
                                 Lahore and ranked first in the state. He completed his master’s and doctoral programs
                                 from Texas Tech University in 2003 and 2005, respectively, in the field of wide bandgap
                                 semiconductors. He has gone through post-doctoral training at Virginia Commonwealth
                                 University in Richmond, Virginia, in the growth processes involving molecular beam
                                 epitaxy (MBE) and metal-organic chemical vapor deposition (MOCVD) techniques. He joined
                                 the University of South Carolina as a post-doctoral fellow in 2007 and later worked
                                 as a research assistant professor. His research focus was the growth and characterization
                                 of wide bandgap semiconductors-based materials and devices. Dr. Ahmad worked for the
                                 industry as a Senior Scientist from 2010 to 2018, where he developed high-quality
                                 ultra-wide bandgap materials for ultraviolet light-emitting diodes (UV-LEDs).","[""research"",""bandgap"",""wide"",""university""]",https://www.sc.edu/study/colleges_schools/engineering_and_computing/faculty-staff/ahmad.php,"He completed his master s and doctoral programs from Texas Tech University in 2003 and 2005 , respectively , in the field of wide bandgap semiconductors .
He has gone through post doctoral training at Virginia Commonwealth University in Richmond , Virginia , in the growth processes involving molecular beam epitaxy MBE and metal organic chemical vapor deposition MOCVD techniques .
He joined the University of South Carolina as a post doctoral fellow in 2007 and later worked as a research assistant professor .
Ahmad worked for the industry as a Senior Scientist from 2010 to 2018 , where he developed high quality ultra wide bandgap materials for ultraviolet light emitting diodes UV LEDs .
Ahmad joined the University of South Carolina in 2018 as a Tenure Track Assistant Professor to establish his research is ultra wide bandgap semiconductors ."
3,"Alexeev, Oleg S.","Research Professor, Chemical Engineering",Faculty,"Ph . D . , Boreskov Institute of Catalysis , Novosibirsk , RussiaM . S . , Novosibirsk State University , Novosibirsk , RussiaCatalytic processes on surfaces take place through sequences of elementary reactions involving adsorbed reactants , products , and reaction intermediates associated with active sites on the catalyst surface . Our research goals are focused on fundamental understanding of the structure of the metal support interface , structures of metal clusters on supports , and the influence of promoters on the structure and catalytic properties of supported metal clusters and aggregates . The objectives of our research program are pursued through an application of a combination of various experimental methods to the characterization of catalytic materials . Spectroscopic techniques , including TPD , TPR , FTIR , XPS , HRTEM , XRD , UV Visible , and EXAFS , are used to characterize active sites of catalysts and adsorbed species under actual conditions of catalysis . Considerable information gained from these techniques along with the chemisorption and catalytic data is used to establish the dependence of catalytic properties on metal cluster or particle sizes , the structure of active sites , and the structure of the metal support interface .",,"[""metal"",""catalytic"",""structure"",""active""]",https://www.sc.edu/study/colleges_schools/engineering_and_computing/faculty-staff/alexeevoleg.php,"Spectroscopic techniques , including TPD , TPR , FTIR , XPS , HRTEM , XRD , UV Visible , and EXAFS , are used to characterize active sites of catalysts and adsorbed species under actual conditions of catalysis ."
4,"Ali, Mohammod","Department Chair, Electrical Engineering",Faculty,"SwearingenRoom 3A79301 Main StreetColumbia , SC 29208Dr . Mohammod Ali is a professor in the Department of Electrical Engineering at the University of South Carolina USC . Just prior to his tenure as department chair in August 2021 , he worked as a Program Director under Intergovernmental Personnel Act IPA assignment at the National Science Foundation in the Electrical , Communications , and Cyber Systems ECCS division at the Directorate for Engineering in Alexandria , VA for 2 years . Prof . Ali received his B . Sc . in Electrical and Electronic Engineering from the Bangladesh University of Engineering and Technology BUET , Dhaka in 1987 . He received his M . A . Sc . and Ph . D . degrees in Electrical Engineering in 1994 and 1997 , respectively from the University of Victoria , British Columbia , Canada .",,"[""engineering"",""electrical"",""university""]",https://www.sc.edu/study/colleges_schools/engineering_and_computing/faculty-staff/alimohammod.php,Mohammod Ali is a professor in the Department of Electrical Engineering at the University of South Carolina USC .
5,"Alshareef, Ahmed A. ","Assistant Professor, Mechanical Engineering, Biomedical Engineering",Faculty,"Dr . Alshareef s research interests include injury biomechanics , experimental characterization of biological tissue , computational biomechanics , and magnetic resonance imaging MRI . Prior to joining USC , he was a scientist in the radiology department at the NIH Clinical Center 2022 after a postdoctoral fellowship at Johns Hopkins University 2019 2021 , where he studied the biomechanics of traumatic brain injury using specialized , non invasive MRI techniques . Dr . Alshareef completed his B . S . at Duke University in biomedical engineering in 2014 , with a focus on biomechanics and tissue engineering . He then received his PhD in BME at the University of Virginia in 2019 , with a dissertation focused on experimental and computational investigations of brain deformation in humans during head impact . His lab s current research interests are aimed at using advanced experimental and computational techniques to measure and model the biomechanics of biological tissue for injury and disease prevention . Virginia Engineering Foundation Graduate Fellowship 2018Anthony Marmarou Award from the National Neurotrauma Society 2017Biomechanics plays an important role in understanding , preventing , and healing injury and disease in the human body . A fundamental understanding of the mechanics of biological tissues allows us to employ experimental and computational methods to assess mitigation strategies , as well as tailor patient specific surgical and therapeutic interventions . Our lab s current research is aimed at","Dr. Alshareef's research interests include injury biomechanics, experimental characterization
                                    of biological tissue, computational biomechanics, and magnetic resonance imaging (MRI).
                                    Prior to joining USC, he was a scientist in the radiology department at the NIH Clinical
                                    Center (2022) after a postdoctoral fellowship at Johns Hopkins University (2019-2021),
                                    where he studied the biomechanics of traumatic brain injury using specialized, non-invasive
                                    MRI techniques.Dr. Alshareef completed his B.S. at Duke University in biomedical engineering in 2014,
                                    with a focus on biomechanics and tissue engineering. He then received his PhD in BME
                                    at the University of Virginia in 2019, with a dissertation focused on experimental
                                    and computational investigations of brain deformation in humans during head impact.
                                    His lab's current research interests are aimed at using advanced experimental and
                                    computational techniques to measure and model the biomechanics of biological tissue
                                    for injury and disease prevention.","[""biomechanics"",""university"",""injury"",""experimental"",""computational"",""tissue""]",https://www.sc.edu/study/colleges_schools/engineering_and_computing/faculty-staff/ahmed_alshareef.php,"Alshareef s research interests include injury biomechanics , experimental characterization of biological tissue , computational biomechanics , and magnetic resonance imaging MRI .
Prior to joining USC , he was a scientist in the radiology department at the NIH Clinical Center 2022 after a postdoctoral fellowship at Johns Hopkins University 2019 2021 , where he studied the biomechanics of traumatic brain injury using specialized , non invasive MRI techniques .
He then received his PhD in BME at the University of Virginia in 2019 , with a dissertation focused on experimental and computational investigations of brain deformation in humans during head impact .
His lab s current research interests are aimed at using advanced experimental and computational techniques to measure and model the biomechanics of biological tissue for injury and disease prevention ."
6,"Ammal, Salai C.","Research Associate Professor, Chemical Engineering",Faculty,"CV of Dr . Ammal pdfPh . D . , Bharathidasan University , India , 1998M . S . , Bharathidasan University , India , 1992",,"[""university"",""bharathidasan"",""india""]",https://www.sc.edu/study/colleges_schools/engineering_and_computing/faculty-staff/ammalsalai.php,
9,"Azhar, Mohamad",Associate Professor of Cell Biology & Anatomy,Faculty,,,,https://www.sc.edu/study/colleges_schools/engineering_and_computing/faculty-staff/azhar_mohamad.php,
10,"Bailey, Robert",Instructor,Faculty,"B . S . , Computer Science , University of South CarolinaM . S . , Computer Science , University of South Carolina",,"[""computer"",""south"",""science"",""university""]",https://www.sc.edu/study/colleges_schools/engineering_and_computing/faculty-staff/robert_bailey.php,
11,"Bakos, Jason D. ","Professor, Computer Science & Engineering",Faculty,"Dr . Bakos s research interests involve computer architecture at the circuit level , micro architectural level , and system level . This includes VLSI design , design automation , system level interconnects , reconfigurable computing and high performance computing .","
Ph.D., Computer Science, University of Pittsburgh, (2005)
B.S., Computer Science, Youngstown State University, (1999)
","[""level"",""computer"",""system"",""university"",""science""]",https://www.sc.edu/study/colleges_schools/engineering_and_computing/faculty-staff/jasonbakos.php,
14,"Banerjee, Sourav ","Professor, Mechanical Engineering",Faculty,"Dr . Banerjee s expertise and research interest includes Computational NDE SHM , Material State Awareness , Smart Structure Energy Harvesting , Mechatronics Robotics , Biomimetic and Metamaterials . Banerjee s Current Research is spanned across the following primary fields",,"[""research"",""banerjee"",""harvesting"",""current"",""smart""]",https://www.sc.edu/study/colleges_schools/engineering_and_computing/faculty-staff/banerjee_sourav.php,
18,"Bayoumi, Abdel-Moez E. ","Professor Mechanical Engineering, Biomedical Engineering ",Faculty,"300 Main StreetRoom A223Columbia , SC 29208Dr . Bayoumi has about 40 years teaching , research and industry experience . He is currently the Director of the Center for Predictive Maintenance , Associate Dean for Corporate Relations and Professor of Mechanical and Biomedical Engineering . Prior to joining USC , he was Professor of Mechanical and Aerospace Engineering at North Carolina State University , a project manager at Hewlett Packard Company , and Professor of Mechanical and Materials Engineering at Washington State University . He has been actively involved in developing strong programs in mechanical , biomedical , nuclear and aerospace engineering . His research activities have been focused in mechanical behavior of materials , tribology , diagnosis and prognosis and life predictions of mechanical systems , manufacturing processes , health monitoring systems , condition based maintenance , and digital transformation . Dr . Bayoumi has received more than 35M in funding from the US Department of Defense , US Department of Energy , US National Science Foundation and various US industries . He has published over 150 journal and conference papers","Dr. Bayoumi has about 40 years teaching, research and industry experience. He is currently
                                 the Director of the Center for Predictive Maintenance, Associate Dean for Corporate
                                 Relations and Professor of Mechanical and Biomedical Engineering. Prior to joining
                                 USC, he was Professor of Mechanical and Aerospace Engineering at North Carolina State
                                 University, a project manager at Hewlett-Packard Company, and Professor of Mechanical
                                 and Materials Engineering at Washington State University. He has been actively involved
                                 in developing strong programs in mechanical, biomedical, nuclear and aerospace engineering.
                                 His research activities have been focused in mechanical behavior of materials, tribology,
                                 diagnosis and prognosis and life predictions of mechanical systems, manufacturing
                                 processes, health monitoring systems, condition-based maintenance, and digital transformation.
                                 Dr. Bayoumi has received more than $35M in funding from the US Department of Defense,
                                 US Department of Energy, US National Science Foundation and various US industries.
                                 He has published over 150 journal and conference papers","[""mechanical"",""engineering"",""professor""]",https://www.sc.edu/study/colleges_schools/engineering_and_computing/faculty-staff/bayoumi_abdel.php,"He is currently the Director of the Center for Predictive Maintenance , Associate Dean for Corporate Relations and Professor of Mechanical and Biomedical Engineering .
Prior to joining USC , he was Professor of Mechanical and Aerospace Engineering at North Carolina State University , a project manager at Hewlett Packard Company , and Professor of Mechanical and Materials Engineering at Washington State University .
He has been actively involved in developing strong programs in mechanical , biomedical , nuclear and aerospace engineering .
His research activities have been focused in mechanical behavior of materials , tribology , diagnosis and prognosis and life predictions of mechanical systems , manufacturing processes , health monitoring systems , condition based maintenance , and digital transformation ."
21,"Berge, Nicole D.","Undergraduate Program Director and Associate Professor, Civil and Environmental Engineering",Faculty,"300 Main Street , Room C106Dr . Berge s research focuses on improving our understanding of how physical , chemical , and biological processes can be manipulated to promote sustainable waste treatment techniques that lead to carbon sequestration , energy generation , and or value added product production . Specific areas of exploration include the fate of disposed nanomaterials , pharmaceuticals , personal care products and endocrine disrupting compounds in bioreactor landfills thermochemical conversion of municipal solid waste increasing the energy yield from waste streams resource recovery from waste streams leachate treatment processes and the development and subsequent evaluation of innovative groundwater remediation technologies .","Dr. Berge's research focuses on improving our understanding of how physical, chemical,
                                 and biological processes can be manipulated to promote sustainable waste treatment
                                 techniques that lead to carbon sequestration, energy generation, and/or value-added
                                 product production. Specific areas of exploration include: the fate of disposed nanomaterials,
                                 pharmaceuticals, personal care products and endocrine disrupting compounds in bioreactor
                                 landfills; thermochemical conversion of municipal solid waste; increasing the energy
                                 yield from waste streams; resource recovery from waste streams; leachate treatment
                                 processes; and the development and subsequent evaluation of innovative groundwater
                                 remediation technologies.","[""waste"",""processes"",""treatment"",""energy"",""streams""]",https://www.sc.edu/study/colleges_schools/engineering_and_computing/faculty-staff/berge.php,"Berge s research focuses on improving our understanding of how physical , chemical , and biological processes can be manipulated to promote sustainable waste treatment techniques that lead to carbon sequestration , energy generation , and or value added product production .
Specific areas of exploration include the fate of disposed nanomaterials , pharmaceuticals , personal care products and endocrine disrupting compounds in bioreactor landfills thermochemical conversion of municipal solid waste increasing the energy yield from waste streams resource recovery from waste streams leachate treatment processes and the development and subsequent evaluation of innovative groundwater remediation technologies .Dr. Berge's research focuses on improving our understanding of how physical, chemical,"
22,"Besmann, Theodore  M.","Professor and Smart State Chair, Mechanical Engineering",Faculty,"Dr . Besmann s research interests are related to thermochemical experiment and modeling for nuclear fuel development and in reactor behavior , and development of advanced nuclear waste forms . This includes measurements of basic thermal properties , development of databases for use in fuel performance codes , and coupling of thermochemical models with other properties within the codes . Hans Conrad zur Loye , Theodore Besmann , Jake Amoroso , Kyle Brinkman , Agn s Grandjean , Charles H . Henager , Shenyang Hu , Scott T . Misture , Simon R . Phillpot , Natalia B . Shustova , Hui Wang , Robert J . Koch , Gregory Morrison , and Ekaterina Dolgopolova , Hierarchical Materials as Tailored Nuclear Waste Forms A Perspective Chem . Mater . 2018 , 30 , 4475 4488Stephen A Utlak , Theodore M . Besmann , Thermodynamic assessment of the pseudoternary Na2O Al2O3 SiO2 system , Journal of the American Ceramic Society , Volume 101 Issue 2 Pages 928 948 2018 .","Dr. Besmann's research interests are related to thermochemical experiment and modeling
                                    for nuclear fuel development and in-reactor behavior, and development of advanced
                                    nuclear waste forms. This includes measurements of basic thermal properties, development
                                    of databases for use in fuel performance codes, and coupling of thermochemical models
                                    with other properties within the codes.","[""development"",""properties"",""codes"",""nuclear"",""besmann"",""thermochemical""]",https://www.sc.edu/study/colleges_schools/engineering_and_computing/faculty-staff/besmann_theodore.php,"Besmann s research interests are related to thermochemical experiment and modeling for nuclear fuel development and in reactor behavior , and development of advanced nuclear waste forms .
This includes measurements of basic thermal properties , development of databases for use in fuel performance codes , and coupling of thermochemical models with other properties within the codes .
of databases for use in fuel performance codes, and coupling of thermochemical models"
24,"Blanchette, James  Otto",Instructor,Faculty,"Room A213300 Main StreetColumbia , SC 29208My research interests fall into the areas of design of cell instructive materials , delivery of therapeutics and tissue engineering . Specific projects include developing responsive delivery systems to expand the spectrum of chemotherapeutics which can be administered orally extending proper function of pancreatic islet cells following transplantation through genetic engineering and design of instructive hydrogel materials tracking hypoxic signaling in three dimensional cell aggregates and transplantation of mesenchymal stem cells to enhance vascularization . Skiles M L , Hanna B , Rucker L , Tipton A , Brougham Cook A and Blanchette J O . ASC spheroid geometry and culture oxygenation differentially impact induction of pre angiogenic behaviors in endothelial cells . Cell Transplantation , 24 11 , 2323 35 , 2015 .",,"[""transplantation"",""cells"",""cell""]",https://www.sc.edu/study/colleges_schools/engineering_and_computing/faculty-staff/blanchette.php,"Room A213300 Main StreetColumbia , SC 29208My research interests fall into the areas of design of cell instructive materials , delivery of therapeutics and tissue engineering ."
25,"Boltin, Nicholas D.",Instructor,Faculty,"Dr . Boltin s research focuses on developing decision support systems for the healthcare industry . Data Science is an interdisciplinary field that employs techniques from many disciplines such as mathematics , statistics , information science and computer science . The focus of our research is categorized into two broad areas One , to glean information from data utilizing analytical techniques including data mining , statistical analysis , dimension reduction , supervised and unsupervised machine learning , as well as predictive modeling . Two , design and evaluate translational informatic tools created to deploy sophisticated algorithms using the latest in software development and human computer interaction . Boltin N , Culley J , Valafar H Application of Dimensional Reduction and Artificial Neural Networks to Improve Emergency Department Triage during Chemical Mass Casualty Incidents . Article in Press 2018 . Boltin N , Valdes D , Culley JM , Valafar H Mobile Decision Support Tool for Emergency Departments and Mass Casualty Incidents EDIT Initial Study . Jmir Mhealth Uhealth 2018 , 6 6 .",,"[""boltin"",""science"",""culley"",""data""]",https://www.sc.edu/study/colleges_schools/engineering_and_computing/faculty-staff/boltin.php,"Boltin N , Valdes D , Culley JM , Valafar H Mobile Decision Support Tool for Emergency Departments and Mass Casualty Incidents EDIT Initial Study ."
26,"Booth, Kristen",Assistant Professor,Faculty,"Dr . Booth received her B . S . E from Murray State University in 2015 and her M . S . and Ph . D . degrees from North Carolina State University in 2017 and 2019 , respectively . Prior to joining the University of South Carolina , she was a postdoctoral researcher at The Ohio State University in the Center for High Performance Power Electronics .","Dr. Booth received her B.S.E from Murray State University in 2015 and her M.S. and
                                 Ph.D. degrees from North Carolina State University in 2017 and 2019, respectively.
                                 Prior to joining the University of South Carolina, she was a postdoctoral researcher
                                 at The Ohio State University in the Center for High Performance Power Electronics.","[""state"",""university"",""carolina""]",https://www.sc.edu/study/colleges_schools/engineering_and_computing/faculty-staff/kristenbooth.php,"Prior to joining the University of South Carolina , she was a postdoctoral researcher at The Ohio State University in the Center for High Performance Power Electronics .Dr. Booth received her B.S.E from Murray State University in 2015 and her M.S. and"
32,"Brookshire, Robert G., Ph.D.","Professor Emeritus, Integrated Information Technology",Faculty,"Dr . Robert G . Brookshire is a professor in the Integrated Information Technology Department in the College of Engineering and Computing at the University of South Carolina , Columbia , SC . He is the director of the Master of Health Information Technology program . He has taught at New York University , North Texas State University , the University of Virginia , and James Madison University . He is the co author of Using Microcomputers for Research Sage Publications , 1985 , and his articles have appeared in the Journal of Computer Information Systems , BYTE , Social Science Computer Review , Legislative Studies Quarterly , The European Journal of Operational Research , and other journals . He is past president of the Organizational Systems Research Association and editor of the Information Technology , Learning , and Performance Journal from 2001 to 2011 . ITEC 370 Database Systems in Information TechnologyITEC 475 Mainframe SystemsITEC 552 Linux Programming and AdministrationRegan , E . A . , Agha , A . M . , and Brookshire , R . G . 2022 . Digital Learning in Healthcare Where We Are and Where We Are Going , SAGE Handbook of Learning and Work Eds . Margaret Malloch , Len Cairns , Bridget N . O Connor , and Karen Evans , SAGE Publications , pp . 311 328 .","Dr. Robert G. Brookshire is a professor in the Integrated Information Technology Department
                                 in the College of Engineering and Computing at the University of South Carolina, Columbia,
                                 SC. He is the director of the Master of Health Information Technology program. He
                                 has taught at New York University, North Texas State University, the University of
                                 Virginia, and James Madison University. He is the co-author of Using Microcomputers
                                 for Research (Sage Publications, 1985), and his articles have appeared in the Journal of Computer Information Systems, BYTE, Social Science Computer Review, Legislative Studies Quarterly, The European Journal of Operational Research, and other journals. He is past president of the Organizational Systems Research
                                 Association and editor of the Information Technology, Learning, and Performance Journal from 2001 to 2011.","[""information"",""university"",""research"",""technology""]",https://www.sc.edu/study/colleges_schools/engineering_and_computing/faculty-staff/brookshire_robert.php,"Brookshire is a professor in the Integrated Information Technology Department in the College of Engineering and Computing at the University of South Carolina , Columbia , SC .
He is the co author of Using Microcomputers for Research Sage Publications , 1985 , and his articles have appeared in the Journal of Computer Information Systems , BYTE , Social Science Computer Review , Legislative Studies Quarterly , The European Journal of Operational Research , and other journals .
He is past president of the Organizational Systems Research Association and editor of the Information Technology , Learning , and Performance Journal from 2001 to 2011 .
for Research (Sage Publications, 1985), and his articles have appeared in the Journal of Computer Information Systems, BYTE, Social Science Computer Review, Legislative Studies Quarterly, The European Journal of Operational Research, and other journals."
35,"Cacuci, Dan Gabriel",Distinguished Professor Emeritus,Faculty,,,,https://www.sc.edu/study/colleges_schools/engineering_and_computing/faculty-staff/cacuci_dan.php,
36,"Caicedo, Juan","Department Chair, Civil and Environmental Engineering",Faculty,"Dr . Caicedo s area of specialization is in Structural Engineering with emphasis in Structural Dynamics . His research interests include both numerical and experimental research in the areas of structural dynamics , model updating , structural health monitoring , earthquake engineering and structural control . Dr . Caicedo is member of the American Society of Civil Engineers , the Earthquake Engineering Research Institute , George E . Brown Jr . Network for Earthquake Engineering Simulation , the Society of Experimental Mechanics and the American Society of Engineering Educators . For a complete list of projects and publications visit the my research website .",,"[""earthquake"",""structural"",""engineering"",""research""]",https://www.sc.edu/study/colleges_schools/engineering_and_computing/faculty-staff/caicedojuan.php,"Caicedo is member of the American Society of Civil Engineers , the Earthquake Engineering Research Institute , George E ."
40,"Carrilho, Leo ",Adjunct Professor,Faculty,Dr . Leo Carrilho s research and interests include modeling and simulation of processes and phenomena in structural and thermal hydraulic design of PWR nuclear fuel and core components using FEA and CFD .,"Dr. Leo Carrilho’s research and interests include modeling and simulation of processes
                                 and phenomena in structural and thermal-hydraulic design of PWR nuclear fuel and core
                                 components using FEA and CFD.","[""modeling"",""interests"",""carrilho"",""pwr"",""components"",""design"",""phenomena""]",https://www.sc.edu/study/colleges_schools/engineering_and_computing/faculty-staff/carrilho_leo.php,
41,"Carver, Wayne","Professor, Cell Biology and Anatomy",Faculty,"School of Medicine Bldg 1 Room B 15 6439 Garners Ferry Road Columbia , SC 29209The ventricular wall of the heart is composed of contractile muscle cells and non muscle cell types including fibroblasts , endothelial cells and others . These cells are interconnected and supported by an elaborate extracellular matrix . Changes in the density and organization of the extracellular matrix are known to affect cardiovascular performance and have been correlated with heart disease . For instance , excessive accumulation of extracellular matrix or fibrosis is commonly associated with hypertension and myocardial infarction . Increased accumulation of extracellular matrix as seen during fibrosis results in a stiffer myocardium , which alters heart function . The extracellular matrix in the heart is produced largely by cardiac fibroblasts . The research in Dr . Carver s lab is focused on understanding how fibroblast behavior and gene expression are regulated in the heart . We are particularly interested in how chronic exposure to alcohol as seen during alcohol abuse results in myocardial fibrosis . Cell culture and animal models are being used to examine the regulation of fibroblasts in cardiovascular disease .",,"[""matrix"",""extracellular"",""heart""]",https://www.sc.edu/study/colleges_schools/engineering_and_computing/faculty-staff/carver.php,"We are particularly interested in how chronic exposure to alcohol as seen during alcohol abuse results in myocardial fibrosis .
Cell culture and animal models are being used to examine the regulation of fibroblasts in cardiovascular disease ."
42,"Chandrashekhar, MVS","Associate Professor, Electrical Engineering",Faculty,"SwearingenRoom 3A14301 Main StreetColumbia , SC 29208MVS Chandrashekharis an Associate Professor of Electrical Engineering at University of South Carolina . He is an expert in wide bandgap WBG and ultra wide bandgap UWBG semiconductors and related extreme materials for nanoelectronics , with over 20 years of experience . Born in India , raised in Singapore , has had broad exposure to the various types of energy problems that different economies face . His current research interests are in UWBG III nitrides , SiC , and other extreme materials for power electronics and optical chemical sensing applications . Recently this has expanded to applications in real time monitoring of physical biometrics , including in free living children with the RCCWB , as well as soldiers on the battlefield . Dr . Chandrashekhar s expertise in crystal growth , materials characterization , device design , fabrication and characterization has led to over 80 journal articles , with over 5000 citations h index 27 . His research has been funded by DoD , DOE , and NSF , leading to 7 patents issued and many more pending . He has given 100 conference and invited presentations . Dr . Chandrashekhar , is co founder of Widetronix , an energy company in the SiC WBG space .","MVS Chandrashekharis an Associate Professor of Electrical Engineering at University
                                 of South Carolina.  He is an expert in wide bandgap (WBG) and ultra-wide bandgap (UWBG) semiconductors
                                 and related extreme materials for nanoelectronics, with over 20 years of experience.
                                 Born in India, raised in Singapore, has had broad exposure to the various types of
                                 energy problems that different economies face. His current research interests are
                                 in UWBG III-nitrides, SiC, and other extreme materials for power electronics and optical/chemical
                                 sensing applications. Recently this has expanded to applications in real-time monitoring
                                 of physical biometrics, including in free living children with the RCCWB, as well as soldiers on the battlefield. Dr. Chandrashekhar’s expertise in crystal
                                 growth, materials characterization, device design, fabrication and characterization
                                 has led to over 80 journal articles, with over 5000 citations (h-index=27). His research
                                 has been funded by DoD, DOE, and NSF, leading to 7 patents issued and many more pending.
                                 He has given >100 conference and invited presentations. Dr. Chandrashekhar, is co-founder
                                 of Widetronix, an energy company in the SiC WBG space. ","[""materials"",""sic"",""uwbg"",""chandrashekhar"",""characterization"",""bandgap"",""energy""]",https://www.sc.edu/study/colleges_schools/engineering_and_computing/faculty-staff/chandrshekharmvs.php,"He is an expert in wide bandgap WBG and ultra wide bandgap UWBG semiconductors and related extreme materials for nanoelectronics , with over 20 years of experience .
His current research interests are in UWBG III nitrides , SiC , and other extreme materials for power electronics and optical chemical sensing applications .
Recently this has expanded to applications in real time monitoring of physical biometrics , including in free living children with the RCCWB , as well as soldiers on the battlefield .
Chandrashekhar s expertise in crystal growth , materials characterization , device design , fabrication and characterization has led to over 80 journal articles , with over 5000 citations h index 27 .
Chandrashekhar , is co founder of Widetronix , an energy company in the SiC WBG space .MVS Chandrashekharis an Associate Professor of Electrical Engineering at University"
43,"Chao, Yuh J. ","Distinguished Professor Emeritus, Mechanical Engineering",Faculty,"Dr . Chao s research and interests include theoretical and experimental studies on failure , fracture and fatigue of materials and structures , welding modeling for residual stress and distortion , impact mechanics for material characterization and failure criterion , biomechanics and nanomechanics , and the durability of PEM fuel cell systems .","Dr. Chao's research and interests include theoretical and experimental studies on
                                    failure, fracture and fatigue of materials and structures, welding modeling for residual
                                    stress and distortion, impact mechanics for material characterization and failure
                                    criterion, biomechanics and nanomechanics, and the durability of PEM fuel cell systems.","[""failure"",""distortion"",""include"",""residual"",""welding"",""chao""]",https://www.sc.edu/study/colleges_schools/engineering_and_computing/faculty-staff/chao_yuh.php,
44,"Chaudhry, Hanif","Director, Engineering Management Program ",Faculty,"Dr . Chaudhry s area of specialization is water resource engineering with emphasis on the mathematical and physical modeling of steady and unsteady flows in closed conduits and open channel . The research interests include both numerical and experimental investigations , such as modeling and laboratory studies on fluid transients in pipelines , on flood flows in rivers and channels , on levee breach , dam failure , and on scour around bridge piers , etc .",,"[""modeling"",""flows"",""conduits"",""levee"",""dam""]",https://www.sc.edu/study/colleges_schools/engineering_and_computing/faculty-staff/chaudhryhanif.php,
45,"Chen, Donna","Professor, Department of Chemistry and Biochemistry",Faculty,,,,https://www.sc.edu/study/colleges_schools/engineering_and_computing/faculty-staff/cas_chen_donna.php,
46,"Chen, Fanglin (Frank)","Associate Chair and Undergraduate Director, Mechanical Engineering",Faculty,"Dr . Chen s research interests include synthesis and characterization of materials for energy conversion and storage , catalysis and electrocatalysis , composition , structure property relationship , ionic and electronic conducting ceramics , solid oxide fuel cells , solid oxide electrolysis cells , and gas separation membranes .","Dr. Chen’s research interests include synthesis and characterization of materials
                                 for energy conversion and storage, catalysis and electrocatalysis, composition, structure
                                 & property relationship, ionic and electronic conducting ceramics, solid oxide fuel
                                 cells, solid oxide electrolysis cells, and gas separation membranes.","[""cells"",""oxide"",""solid""]",https://www.sc.edu/study/colleges_schools/engineering_and_computing/faculty-staff/chen_frank.php,
47,"Chen, Yinchao","Associate Professor, Electrical Engineering",Faculty,"SwearingenRoom 3A34301 Main StreetColumbia , SC 29208",,"[""swearingenroom"",""streetcolumbia"",""main""]",https://www.sc.edu/study/colleges_schools/engineering_and_computing/faculty-staff/chenyinchao.php,"SwearingenRoom 3A34301 Main StreetColumbia , SC 29208"
48,"Chen, Yuche",Assistant Professor,Faculty,"Dr . Chen s current research interests include 1 Data driven traffic operations and demand management , 2 Model prediction and optimization of cyber physical systems in smart and connected communities , 3 Machine learning based eco driving assistant system , 4 Transportation air quality and health impacts of exposure . Dr . Chen is broadly interested in data driven decision making under uncertainty , empirical model prediction and validation with applications to transportation systems . Dr . Chen is the Chair of research subcommittee of Environmental Analysis in Transportation ADC10 and a member of Automated Transit System AP020 committee in Transportation Research Board , National Academy of Sciences in United States . He received Outstanding Achievement Award from Department of Energy in 2017 .","Dr. Chen’s current research interests include (1) Data-driven traffic operations and
                                 demand management), (2) Model prediction and optimization of cyber-physical systems
                                 in smart and connected communities, (3) Machine learning based eco-driving assistant
                                 system, (4) Transportation air quality and health impacts of exposure. Dr. Chen is
                                 broadly interested in data-driven decision making under uncertainty, empirical model
                                 prediction and validation with applications to transportation systems. Dr. Chen is
                                 the Chair of research subcommittee of Environmental Analysis in Transportation (ADC10)
                                 and a member of Automated Transit System (AP020) committee in Transportation Research
                                 Board, National Academy of Sciences in United States. He received Outstanding Achievement
                                 Award from Department of Energy in 2017.","[""transportation"",""chen"",""research""]",https://www.sc.edu/study/colleges_schools/engineering_and_computing/faculty-staff/yuchechen.php,"Chen s current research interests include 1 Data driven traffic operations and demand management , 2 Model prediction and optimization of cyber physical systems in smart and connected communities , 3 Machine learning based eco driving assistant system , 4 Transportation air quality and health impacts of exposure .
Chen is the Chair of research subcommittee of Environmental Analysis in Transportation ADC10 and a member of Automated Transit System AP020 committee in Transportation Research Board , National Academy of Sciences in United States .
He received Outstanding Achievement Award from Department of Energy in 2017 .Dr. Chen’s current research interests include (1) Data-driven traffic operations and"
49,"Coman, Paul  T.","Research Associate Professor, Chemical Engineering",Faculty,"Swearingen Engineering CenterRoom 2B51301 Main StreetColumbia , SC 29208Ph . D . , University of Southern Denmark Engineering Science M . Sc . Eng . , University of Southern Denmark Thermal Energy B . Sc . Eng . , Technical University of Iasi Materials Science and EngineeringDevelopment of mathematical modeling for improving the performance and safety in Li ion batteries",,"[""university"",""denmark"",""science"",""engineering"",""southern"",""eng""]",https://www.sc.edu/study/colleges_schools/engineering_and_computing/faculty-staff/paul_coman.php,", University of Southern Denmark Engineering Science M ."
50,"Crichigno, Jorge",Professor,Faculty,"Ph . D . , Computer Engineering , University of New MexicoM . Sc . , Electrical and Computer Engineering , University of New MexicoB . Sc . , Electrical Engineering , Catholic University , Asuncion","Ph.D., Computer Engineering, University of New Mexico","[""university"",""engineering"",""new"",""computer""]",https://www.sc.edu/study/colleges_schools/engineering_and_computing/faculty-staff/jorge_crichigno.php,
51,"Dalton, Travis",Instructor,Faculty,,,,https://www.sc.edu/study/colleges_schools/engineering_and_computing/faculty-staff/dalton_travis.php,
52,"Davis, Denise Sgroi","Instructor, Integrated Information Technology",Faculty,"Ms . Davis holds master s degrees in Computer Science and Medical Physics . She brings to the classroom 12 years of experience in the fields of clinical research technology , decision support services and data warehousing . As a medical physicist , she worked for several years as a co investigator on NCI funded grant at the University of Texas , MD Anderson Cancer Center , Houston Texas . She worked as an Oracle DBA systems engineer at a datacenter that warehoused government healthcare information technology . She was responsible for the design and implementation of many data driven applications on the web , with her primary focus on the backend including data modeling , analytics design , scientific computing , and database technology . Ms . Davis considers herself a lifelong learner and is currently pursuing her PhD in HealthCare Informatics here at the University of South Carolina .","Ms. Davis holds master's degrees in Computer Science and Medical Physics.  She brings
                                 to the classroom 12 years of experience in the fields of clinical research technology,
                                 decision support services and data warehousing.  As a medical physicist, she worked
                                 for several years as a co-investigator on NCI funded grant at the University of Texas,
                                 MD Anderson Cancer Center, Houston Texas.  She worked as an Oracle DBA/systems engineer
                                 at a datacenter that warehoused government healthcare information technology.  She
                                 was responsible for the design and implementation of many data driven applications
                                 on the web, with her primary focus on the backend including data modeling, analytics
                                 design, scientific computing, and database technology.  ","[""data"",""technology"",""design"",""medical"",""texas""]",https://www.sc.edu/study/colleges_schools/engineering_and_computing/faculty-staff/davis_denise.php,"She brings to the classroom 12 years of experience in the fields of clinical research technology , decision support services and data warehousing .
As a medical physicist , she worked for several years as a co investigator on NCI funded grant at the University of Texas , MD Anderson Cancer Center , Houston Texas .
She was responsible for the design and implementation of many data driven applications on the web , with her primary focus on the backend including data modeling , analytics design , scientific computing , and database technology ."
54,"De Backer, Wout",Assistant Professor,Faculty,"Dr . Wout De Backer is an assistant professor at the University of South Carolina . During his post doctoral research , he was Program Manager for the Robotic Additive Manufacturing team at the McNAIR Center for Aerospace Innovation and Research . Dr . De Backer is a peer reviewer for the Computer Aided Design and Applications Journal CAD A and currently has several pending patents . In 2016 , he was awarded as one of the American Institute of Aeronautics and Astronautics AIAA and Aviation Week s 20 Twenties , as he was recognized as one of tomorrow s aerospace leaders for his contributions to the aerospace field , scientific research and the broader community . Dr . De Backer is an active professional member of AIAA , world s largest aerospace technical society , and is currently the Region II Carolina section vice chair for the Columbia , SC area . In 2014 , Wout co founded the University of South Carolinas local section of AIAA , of which he is currently still faculty advisor . Prior to his work at USC , Wout graduated from Delft University of Technology in the Netherlands with a Bachelors and Masters of Science in Aerospace Engineering . The focus of his studies during his Master s degree was in composite structural design and aircraft design , during which he also spent a semester at the University of Kansas in 2012 . Dr . De Backer s research interest include continuous fiber thermoplastic additive manufacturing FFF , 3D printing , structural design of thermoplastic composites and aircraft design . The core focus of the 3D printing team lead by Dr . De Backer at the University of South Carolina is on multi axis 3D printing with continuous fiber and engineering thermoplastic matrix . The team therefore has extensive background in 3D printer design , automation , and composite design and analysis , and uses both off the shelf and in house developed FDM FFF style printers . Our current staff of researchers , is focused in the field of Fused Filament Fabrication FFF Additive Manufacturing . The team also has experience in manufacturing engineering thermoplastic filament feedstock for 3D printers within the required tolerances , using in house developed pellet extrusion and tow pultrusion systems . Through our group s industry contracts , the researchers have close relationships with companies that directly use or implement the developments brought by the research .","Dr. Wout De Backer is an assistant professor at the University of South Carolina.
                                 During his post-doctoral research, he was Program Manager for the Robotic Additive
                                 Manufacturing team at the McNAIR Center for Aerospace Innovation and Research. Dr.
                                 De Backer is a peer reviewer for the Computer Aided Design and Applications Journal
                                 (CAD&A) and currently has several pending patents. In 2016, he was awarded as one
                                 of the American Institute of Aeronautics and Astronautics (AIAA) and Aviation Week’s
                                 20 Twenties, as he was recognized as one of tomorrow’s aerospace leaders for his contributions
                                 to the aerospace field, scientific research and the broader community. Dr. De Backer
                                 is an active professional member of AIAA, world’s largest aerospace technical society,
                                 and is currently the Region II Carolina section vice chair for the Columbia, SC area.
                                 In 2014, Wout co-founded the University of South Carolinas local section of AIAA,
                                 of which he is currently still faculty advisor. Prior to his work at USC, Wout graduated from Delft University of Technology in the
                                 Netherlands with a Bachelors and Masters of Science in Aerospace Engineering. The
                                 focus of his studies during his Master’s degree was in composite structural design
                                 and aircraft design, during which he also spent a semester at the University of Kansas
                                 in 2012.","[""aerospace"",""design"",""university"",""backer""]",https://www.sc.edu/study/colleges_schools/engineering_and_computing/faculty-staff/woutdebacker.php,"During his post doctoral research , he was Program Manager for the Robotic Additive Manufacturing team at the McNAIR Center for Aerospace Innovation and Research .
In 2016 , he was awarded as one of the American Institute of Aeronautics and Astronautics AIAA and Aviation Week s 20 Twenties , as he was recognized as one of tomorrow s aerospace leaders for his contributions to the aerospace field , scientific research and the broader community .
De Backer is an active professional member of AIAA , world s largest aerospace technical society , and is currently the Region II Carolina section vice chair for the Columbia , SC area .
In 2014 , Wout co founded the University of South Carolinas local section of AIAA , of which he is currently still faculty advisor .
Prior to his work at USC , Wout graduated from Delft University of Technology in the Netherlands with a Bachelors and Masters of Science in Aerospace Engineering .
De Backer s research interest include continuous fiber thermoplastic additive manufacturing FFF , 3D printing , structural design of thermoplastic composites and aircraft design ."
55,"Delahunt, Natasha",Instructor,Faculty,,,,https://www.sc.edu/study/colleges_schools/engineering_and_computing/faculty-staff/natasha_delahunt.php,
56,"Deng, Xiaomin ","Professor, Mechanical Engineering",Faculty,"Dr . Deng s research and interests include nanomechanics atomistic simulation , fracture mechanics crack growth simulation , manufacturing process modeling simulation friction stir welding , metal cutting , GMA welding .","Dr. Deng's research and interests include nanomechanics/atomistic simulation, fracture
                                    mechanics/crack-growth simulation, manufacturing process modeling/simulation (friction
                                    stir welding, metal cutting, GMA welding).","[""welding"",""simulation"",""deng"",""include"",""fracture""]",https://www.sc.edu/study/colleges_schools/engineering_and_computing/faculty-staff/deng_xiaomin.php,
59,"Dillon, Anthony L",Internship Director,Faculty,"Innovation Center550 Assembly Street , Suite 1300Office 1321Columbia , SC 29208Mr . Dillon is the Director of Internships for the Department of Integrated Information Technology and clinical instructor for undergraduate and graduate programs within the IIT and MHIT programs . He has worked within the private and public sectors as it related to educational technology and brings numerous business partnerships and relationships to the university .","Mr. Dillon is the Director of Internships for the Department of Integrated Information
                                    Technology and clinical instructor for undergraduate and graduate programs within
                                    the IIT and MHIT programs. He has worked within the private and public sectors as
                                    it related to educational technology and brings numerous business partnerships and
                                    relationships to the university. ","[""programs"",""technology"",""within"",""integrated""]",https://www.sc.edu/study/colleges_schools/engineering_and_computing/faculty-staff/dillon_anthony.php,He has worked within the private and public sectors as it related to educational technology and brings numerous business partnerships and relationships to the university .Mr. Dillon is the Director of Internships for the Department of Integrated Information
64,"Dougal, Roger A.",Carolina Distinguished Professor Emeritus,Faculty,"SwearingenRoom 3A79 301 Main Street Columbia , SC 29208Professor Dougal leads the Power and Energy Systems research group , where research principally focuses on power electronics but it also encompasses a wide range of associated technologies across a number of engineering departments . Dr . Dougal is a member of the Board of Directors of the Electric Ship Research and Development Consortium ESRDC , and in that capacity he oversees USC s activities related to new power generation , processing , and distribution technologies for ships , and coordination of those activities with other member schools . Prof . Dougal is also Site Director of the new NSF sponsored Industry University Cooperative Research Center for Grid connected Advanced Power Electronic Systems GRAPES . This joint project between USC and the University of Arkansas seeks to insert greater levels of advanced power electronics into the utility power grid to better realize a Smart Grid . Since 1996 , under sponsorship of the Office of Naval Research , Prof Dougal has overseen development of the Virtual Test Bed software , which is a comprehensive simulation and virtual prototyping environment for multidisciplinary dynamic systems . This environment is applied in studies of electric systems for navy ships , electrochemical power sources , hybrid power sources , power electronics , and controls . Dr . Dougal currently supervises about a dozen graduate students , several post doctoral scholars and research faculty , and a number of undergraduate researchers .",,"[""power"",""research"",""dougal""]",https://www.sc.edu/study/colleges_schools/engineering_and_computing/faculty-staff/dougal.php,"Dougal is a member of the Board of Directors of the Electric Ship Research and Development Consortium ESRDC , and in that capacity he oversees USC s activities related to new power generation , processing , and distribution technologies for ships , and coordination of those activities with other member schools ."
65,"Downey, Austin",Associate Professor,Faculty,"Dr . Downey s expertise and research interest include low latency machine learning , real time model updating , adaptive structures , and structural health monitoring . Current research is focused on1 . Online low latency machine learning that considers both training and inference . To enable real time performance this research focuses on the co design of algorithms and heterogeneous computing hardware . These methodologies have various applications in real time state estimation , time series forecasting , and anomaly detection . 2 . Real time decision making and control for structures operating in extreme dynamic environments . Physics informed decisions are empowered by physics based models that are updated in real time . Applications include hypersonic vehicles , active blast mitigation , and orbital infrastructure .","Dr. Downey's expertise and research interest include low-latency machine learning,
                                 real-time model-updating, adaptive structures, and structural health monitoring. Current
                                 research is focused on: ","[""time"",""research"",""real""]",https://www.sc.edu/study/colleges_schools/engineering_and_computing/faculty-staff/austin_downey.php,"Downey s expertise and research interest include low latency machine learning , real time model updating , adaptive structures , and structural health monitoring .
real-time model-updating, adaptive structures, and structural health monitoring."
66,"Dryer, Frederick  L. ","Educational Foundation Distinguished Research Professor, Mechanical Engineering ",Faculty,"300 Main Street , Rm A 122University of South CarolinaColumbia , SC 29208Dr . Dryer has over 45 years of applications driven fundamental research experience in thermal sciences heat transfer , fluid dynamics , physical chemistry , and chemical kinetics relevant to space and air breathing propulsion , fossil and renewable energy conversion related to ground transportation and stationary power generation , combustion related pollutant mitigation , and fire safety . Dr . Dryer s current research interests include chemistry chemical kinetics of fuels and hazardous waste materials as related to ignition , combustion , and emissions generation abatement petroleum derived fuels , including gasoline , diesel , gas turbine , and heavy fuel oil combustion properties non petroleum derived alternative fuels , their production , their chemical kinetic properties , and their ability to address U . S . energy security and reduction in net carbon cycle emissions as well as other pollutant concerns fire safety related issues on earth and in micro gravity environments solid phase gas phase interactions as related to particle burning phenomena and nano catalyst materials emissions from internal combustion engines , including hydrocarbons , nitrogen oxides , aerosol particulates emissions interactions including chlorine , sulfur and ash metals component effects in stationary energy conversion , chemical processing , and incineration .","Dr. Dryer has over 45 years of applications-driven fundamental research experience
                                 in thermal sciences (heat transfer, fluid dynamics, physical chemistry, and chemical
                                 kinetics) relevant to space and air-breathing propulsion, fossil and renewable energy
                                 conversion related to ground transportation and stationary power generation, combustion-related
                                 pollutant mitigation, and fire safety. Dr. Dryer’s current research interests include:
                                 chemistry/chemical kinetics of fuels and hazardous waste materials as related to ignition,
                                 combustion, and emissions generation/abatement; petroleum-derived fuels, including
                                 gasoline, diesel, gas turbine, and heavy fuel oil combustion properties; non-petroleum-derived
                                 alternative fuels, their production, their chemical kinetic properties, and their
                                 ability to address U.S. energy security and reduction in net carbon cycle emissions
                                 as well as other pollutant concerns; fire safety related issues on earth and in micro
                                 gravity environments; solid phase/gas phase interactions as related to particle burning
                                 phenomena and nano-catalyst materials; emissions from internal combustion engines,
                                 including hydrocarbons, nitrogen oxides, aerosol particulates; emissions interactions
                                 including chlorine, sulfur and ash (metals) component effects in stationary energy
                                 conversion, chemical processing, and incineration.","[""related"",""emissions"",""combustion"",""chemical""]",https://www.sc.edu/study/colleges_schools/engineering_and_computing/faculty-staff/dryer.php,"Dryer has over 45 years of applications driven fundamental research experience in thermal sciences heat transfer , fluid dynamics , physical chemistry , and chemical kinetics relevant to space and air breathing propulsion , fossil and renewable energy conversion related to ground transportation and stationary power generation , combustion related pollutant mitigation , and fire safety .
Dryer s current research interests include chemistry chemical kinetics of fuels and hazardous waste materials as related to ignition , combustion , and emissions generation abatement petroleum derived fuels , including gasoline , diesel , gas turbine , and heavy fuel oil combustion properties non petroleum derived alternative fuels , their production , their chemical kinetic properties , and their ability to address U .
energy security and reduction in net carbon cycle emissions as well as other pollutant concerns fire safety related issues on earth and in micro gravity environments solid phase gas phase interactions as related to particle burning phenomena and nano catalyst materials emissions from internal combustion engines , including hydrocarbons , nitrogen oxides , aerosol particulates emissions interactions including chlorine , sulfur and ash metals component effects in stationary energy conversion , chemical processing , and incineration .Dr. Dryer has over 45 years of applications-driven fundamental research experience
chemistry/chemical kinetics of fuels and hazardous waste materials as related to ignition,"
67,"DuBose, Krystal ",Director of Enrollment Management,Faculty,,,,https://www.sc.edu/study/colleges_schools/engineering_and_computing/faculty-staff/dubose_krystal.php,
69,"Ebner, Armin D.","Research Professor, Chemical Engineering",Faculty,"Ph . D . , University of South Carolina , 2000B . S . , Catholic University of Chile , Chile , 1995Dr . Ebner s major research interest is the application of magnetic fields to the separation , collection and or manipulation of magnetic particles from a fluid medium , with particular emphasis in the use of high gradient magnetic separation HGMS principles . This technique consists on the use of fine ferromagnetic elements that as a result of the application of an external magnetic field become energized and create magnetic gradients large enough to collect particles that because of their small size and or low magnetism their collection cannot be otherwise realized . Today major emphasis and potential for HGMS is found in the medical area where the technique can be used to assist magnetic drug targeting for cancer treatment , restenosis , embolization control as well as for rapid detoxification .",,"[""magnetic"",""particles"",""use"",""application"",""emphasis"",""technique"",""collection""]",https://www.sc.edu/study/colleges_schools/engineering_and_computing/faculty-staff/ebnerarmin.php,"Ebner s major research interest is the application of magnetic fields to the separation , collection and or manipulation of magnetic particles from a fluid medium , with particular emphasis in the use of high gradient magnetic separation HGMS principles ."
73,"Evans, Colin",Assistant Professor,Faculty,"2011 PhD pass without corrections , Cardiovascular Biology , King s College London , UK2006 BSc 1st class honors , Exercise Science , University of Birmingham , UKDr . Evans obtained his PhD at King s College London 2011 and performed postdoctoral training at the University of Cambridge 2011 2017 and Northwestern University 2017 2019 . Following his appointment to the research faculty of Northwestern University 2019 2023 , Dr . Evans joined the University of South Carolina as Assistant Professor 2023 present . In his current role , Dr . Evans is a lead faculty member of the Department of Cell Biology and Anatomy and the Cardiovascular Translational Research Center in the School of Medicine at Columbia . He is also an affiliate faculty member of the Biomedical Engineering Program in the College of Engineering and Computing . Prior to joining the University of South Carolina , Dr . Evans received research funding from the British Heart Foundation , the British Society for Haematology , the University of Cambridge School of Biological Sciences , and the American Heart Association . His research is currently funded by the University of South Carolina School of Medicine , the American Heart Association , and the National Institute of General Medical Sciences .","Dr. Evans obtained his PhD at King’s College London (2011) and performed postdoctoral
                                    training at the University of Cambridge (2011-2017) and Northwestern University (2017-2019).
                                    Following his appointment to the research faculty of Northwestern University (2019-2023),
                                    Dr. Evans joined the University of South Carolina as Assistant Professor (2023-present).
                                    In his current role, Dr. Evans is a lead faculty member of the Department of Cell
                                    Biology and Anatomy and the Cardiovascular Translational Research Center in the School
                                    of Medicine at Columbia. He is also an affiliate faculty member of the Biomedical
                                    Engineering Program in the College of Engineering and Computing. ","[""university"",""research"",""evans"",""faculty""]",https://www.sc.edu/study/colleges_schools/engineering_and_computing/faculty-staff/colin_evans.php,"Evans obtained his PhD at King s College London 2011 and performed postdoctoral training at the University of Cambridge 2011 2017 and Northwestern University 2017 2019 .
Evans is a lead faculty member of the Department of Cell Biology and Anatomy and the Cardiovascular Translational Research Center in the School of Medicine at Columbia .
His research is currently funded by the University of South Carolina School of Medicine , the American Heart Association , and the National Institute of General Medical Sciences .Dr. Evans obtained his PhD at King’s College London (2011) and performed postdoctoral"
74,"Fan, Daping","Professor, School of Medicine, Biomedical Engineering",Faculty,"School of Medicine Bldg 1 Room B 12 6439 Garners Ferry Road Columbia , SC 29209The rupture of vulnerable atherosclerotic plaques and the resulting thrombosis are the direct causes of heart attack and stroke , the No . 1 and No . 3 killers in the United States and many other developed countries . Atherosclerosis is both a lipid deposit disease and a chronic inflammatory condition . Macrophages are the primary cholesterol sinks as well as dominant inflammation machines in atherogenesis . Macrophage foam cell formation and inflammatory responses form a vicious cycle and promote atherogenesis . The goal of the research in our laboratory is to develop strategies to disrupt the vicious cycle and promote the regression of atherosclerotic plaques through restoring macrophage cholesterol homeostasis and controlling macrophage inflammation . Myeloid cells are the major cell component of the tumor microenvironment TME , whose interaction with malignant cells determines the aggressiveness of the tumor . Myeloid cells in TME are mainly myeloid derived suppressor cells MDSCs , dendritic cells , and tumor associated macrophages TAMs . In advanced tumors , due to the unique features in TME including hypoxia , abundance in cytokines chemokines and Toll like receptor TLR ligands , and an unusual metabolic profile , a complex signaling network tunes the dynamics and function of the myeloid cells in favor of cancer progression . Our research is focused on understanding this signal network and developing strategies to manipulate it to improve cancer treatment .",,"[""cells"",""myeloid"",""tme"",""macrophage"",""tumor""]",https://www.sc.edu/study/colleges_schools/engineering_and_computing/faculty-staff/fan.php,"Macrophage foam cell formation and inflammatory responses form a vicious cycle and promote atherogenesis .
The goal of the research in our laboratory is to develop strategies to disrupt the vicious cycle and promote the regression of atherosclerotic plaques through restoring macrophage cholesterol homeostasis and controlling macrophage inflammation ."
75,"Fang, Ruixian",Research Associate Professor,Faculty,"Ph . D . , Mechanical Engineering , University of South Carolina , 2011 M . E . , Mechanical Engineering , University of South Carolina , 2007 B . S . , Mechanical Engineering , Xi an Jiaotong University , 1997Dr . Fang s research and interests are in the areas of",Dr. Fang's research and interests are in the areas of,"[""engineering"",""mechanical"",""university""]",https://www.sc.edu/study/colleges_schools/engineering_and_computing/faculty-staff/fang_ruixian.php,
76,"Farkas, Csilla "," Professor, Computer Science and Engineering",Faculty,"Dr . Farkas research interests include information security , data inference problem , financial and legal analysis of cyber crime , and security and privacy on the Semantic Web . Dr . Farkas actively participates in international scientific communities as program committee member and reviewer .","
Ph. D., George Mason University
M.S., George Mason University
B.S., SZAMALK, Hungary and Eotvos Lorand University, Hungary
","[""university"",""mason"",""george"",""farkas"",""hungary"",""security""]",https://www.sc.edu/study/colleges_schools/engineering_and_computing/faculty-staff/csillafarkas.php,"B.S., SZAMALK, Hungary and Eotvos Lorand University, Hungary"
77,"Farouk, Tanvir   I.","Director of Graduate Studies, Mechanical Engineering",Faculty,"Increasing worldwide demand for energy and consequent energy related emissions make research in Energy and Environment a topic of extreme importance . There is an urgent need for extensive research on alternative fuel sources , energy conversion processes , pollutant mitigation and on the development of future energy efficient technologies . To create such new technology , both computational and experimental investigations have to be conducted involving both fundamental science and application oriented research . Dr . Farouk s expertise is in the general area of Reacting Thermal Fluid Sciences involving plasma , combustion multiphase reacting flow , chemical kinetics turbulence interaction and energy systems . His research interests are in multi scale , multi physics computational model development for studying complex phenomena e . g . plasma discharge , micro nano scale systems . Computational modeling of these phenomena not only compliment experiments , but also delivers detailed insight into coupled physico chemical phenomena . Current focus areas are 1 High Carrier Density Fast Switching Plasma Devices 2 Plasma Assisted Combustion 3 Plasma Aided Fuel Reforming 4 Cool Flames 5 Multi component liquid droplet combustion 6 Surrogate Fuels for Turbine Applications 7 Alternative and Next Generation Fuels . For more information about research , teaching Mechanical Aerospace Engineering and graduate student openings , please visit RASAER ReActing Systems and Advanced Energy Research Lab .","Increasing worldwide demand for energy and consequent energy-related emissions make
                                 research in Energy and Environment a topic of extreme importance. There is an urgent need for extensive research on
                                 alternative fuel sources, energy conversion processes, pollutant mitigation and on
                                 the development of future energy-efficient technologies. To create such new technology,
                                 both computational and experimental investigations have to be conducted – involving
                                 both fundamental science and application oriented research. Dr. Farouk’s expertise
                                 is in the general area of Reacting Thermal Fluid Sciences involving plasma, combustion multiphase reacting flow, chemical-kinetics-turbulence
                                 interaction and energy systems. His research interests are in multi-scale, multi-physics
                                 computational model development for studying complex phenomena e.g. plasma discharge,
                                 micro-nano scale systems. Computational modeling of these phenomena not only compliment
                                 experiments, but also delivers detailed insight into coupled physico-chemical phenomena.","[""research"",""energy"",""plasma"",""phenomena""]",https://www.sc.edu/study/colleges_schools/engineering_and_computing/faculty-staff/farouk_tanvir.php,"There is an urgent need for extensive research on alternative fuel sources , energy conversion processes , pollutant mitigation and on the development of future energy efficient technologies .
To create such new technology , both computational and experimental investigations have to be conducted involving both fundamental science and application oriented research .
Farouk s expertise is in the general area of Reacting Thermal Fluid Sciences involving plasma , combustion multiphase reacting flow , chemical kinetics turbulence interaction and energy systems .
His research interests are in multi scale , multi physics computational model development for studying complex phenomena e ."
78,"Fenner, Stephen A. ","Professor, Computer Science & Engineering",Faculty,"Professor Fenner s research interests are in the core theoretical foundations of computing computability and computational complexity , especially quantum computing and information .","
Ph. D., University of Chicago (1991)
M. S., University of Chicago (1988)
B. A. (Physics), Harvard (1983)
","[""chicago"",""computing"",""university"",""quantum""]",https://www.sc.edu/study/colleges_schools/engineering_and_computing/faculty-staff/stephenfenner.php,
79,"Fiedler, Kirk","Associate Professor, Computer Science & Engineering and Moore School of Business ",Faculty,"Dr . Fiedler research interests include technology innovation , knowledge management , privacy , ethics and risk .","
Ph.D. University of Pittsburgh (1991)
M.S. University of Louisville (1988)
B.A. Wittenberg University (1982)
","[""university"",""knowledge"",""louisville"",""interests"",""pittsburgh"",""include"",""management""]",https://www.sc.edu/study/colleges_schools/engineering_and_computing/faculty-staff/kirkfiedler.php,
80,"Flora, Joseph",Associate Professor,Faculty,"Dr . Flora s main research interests are in molecular modeling for environmental reactions , computer modeling of water quality engineering processes , and processes for water quality engineering .",,"[""modeling"",""engineering"",""water"",""quality"",""processes""]",https://www.sc.edu/study/colleges_schools/engineering_and_computing/faculty-staff/flora_joseph.php,"Dr . Flora s main research interests are in molecular modeling for environmental reactions , computer modeling of water quality engineering processes , and processes for water quality engineering ."
81,"Fu, Frank (Peng)",Assistant Professor,Faculty,Ph . D . University of Iowa 2014 B . Eng . Huazhong University of Science and Technology 2009,,"[""university"",""science"",""technology"",""eng"",""huazhong"",""iowa""]",https://www.sc.edu/study/colleges_schools/engineering_and_computing/faculty-staff/frank_fu.php,
85,"Garcia-Diaz, Brenda",Adjunct Professor,Faculty,,,,https://www.sc.edu/study/colleges_schools/engineering_and_computing/faculty-staff/garcia-diazbrenda.php,
86,"Gassman, Sarah","Graduate Director, Civil and Environmental Engineering",Faculty,"Dr . Gassman specializes in geotechnical engineering . Her research interests are multidisciplinary in nature and currently include projects focused on non destructive evaluation of foundations and bridge structures the effect of soil aging on liquefaction potential field performance of culvert pipe and behavior of embankment fill materials . Dr . Gassman is a member of the ASCE Geo Institute Deep Foundations Technical Committee and the TRB AFS04 Subsurface Soil Structure Interaction Technical Committee . She is a former member of the USUCGER Board of Directors , where she served as Treasurer .","Dr. Gassman specializes in geotechnical engineering. Her research interests are multidisciplinary
                                 in nature and currently include projects focused on non-destructive evaluation of
                                 foundations and bridge structures; the effect of soil aging on liquefaction potential;
                                 field performance of culvert pipe and behavior of embankment fill materials. Dr. Gassman
                                 is a member of the ASCE Geo-Institute Deep Foundations Technical Committee and the
                                 TRB AFS04 Subsurface Soil Structure Interaction Technical Committee. She is a former
                                 member of the USUCGER Board of Directors, where she served as Treasurer.","[""committee"",""gassman"",""foundations"",""member"",""technical"",""soil""]",https://www.sc.edu/study/colleges_schools/engineering_and_computing/faculty-staff/gassman_sarah.php,"Her research interests are multidisciplinary in nature and currently include projects focused on non destructive evaluation of foundations and bridge structures the effect of soil aging on liquefaction potential field performance of culvert pipe and behavior of embankment fill materials .
Gassman is a member of the ASCE Geo Institute Deep Foundations Technical Committee and the TRB AFS04 Subsurface Soil Structure Interaction Technical Committee ."
87,"Gatzke, Edward P.","Associate Professor, Chemical Engineering, Biomedical Engineering",Faculty,"Swearingen Room 3C05 301 Main Street Columbia , SC 29208Dr . Gatzke s research interests are in the area of process modeling , control , and optimization . Efficient operation of chemical processes requires a fundamental understanding of dynamic and nonlinear characteristics . A variety of controller formulations can be developed to reduce product variability and improve productivity . Estimation and diagnostic methods can be used to develop process information that cannot easily be directly acquired by instrumentation . Recently , new moving horizon formulations involving unknown values taking discrete values have been proposed . These applications require online solution to constrained mixed integer optimization problems . Ongoing research efforts include parallel programming efforts for mixed integer optimization , including parallel nonconvex nonseparable mixed integer outer approximation and parallel nonconvex branch and reduce methods . Application areas of interest include particulate processing , bio processes , and large scale systems .",,"[""integer"",""mixed"",""optimization"",""parallel""]",https://www.sc.edu/study/colleges_schools/engineering_and_computing/faculty-staff/gatzke.php,"Gatzke s research interests are in the area of process modeling , control , and optimization ."
88,"Gerdes, Jr., John H.",Undergraduate Director / Integrated Information Technology,Faculty,"Innovation Center550 Assembly Street , Suite 1300Office 1315Columbia , SC 29208Ph . D . , Vanderbilt University , Nashville , Tenn . M . S . , Computer Science , Vanderbilt University , Nashville , Tenn . M . B . A . , Lehigh University , Bethlehem , Pa . M . Eng . , Mechanical Engineering , Cornell University , Ithaca , N . Y . B . S . , Cornell University , Ithaca , N . Y . Dr . John Gerdes is an associate professor in the Department of Integrated Information at the University of South Carolina , Columbia , S . C . He teaches software development , web site development , and database management . Dr . Gerdes holds a B . S . and M . Eng . in Mechanical Engineering from Cornell University , a M . B . A . from Lehigh University , a M . S . in Computer Science from Vanderbilt , and a Ph . D . in Information Systems from Vanderbilt . He has taught at Ohio State University , University of California Riverside , and Jia Tong University , Shanghai , China . His articles have appeared in the Communications of the ACM , Decision Support Systems , Transactions of the IIE , and other journals . He has authored two U . S . Patents , one dealign with measurement of coke temperature , and one for the development of a new public key certificate in support of user privacy . He is currently an associate editor for Electronic Commerce Research and Telecommunications Systems .","Ph.D., Vanderbilt University, Nashville, Tenn.M.S., Computer Science, Vanderbilt University, Nashville, Tenn.M.B.A., Lehigh University, Bethlehem, Pa.M.Eng., Mechanical Engineering, Cornell University, Ithaca, N.Y.B.S., Cornell University, Ithaca, N.Y.","[""university"",""vanderbilt"",""ithaca"",""cornell""]",https://www.sc.edu/study/colleges_schools/engineering_and_computing/faculty-staff/gerdes_john.php,", Computer Science , Vanderbilt University , Nashville , Tenn .
, Mechanical Engineering , Cornell University , Ithaca , N .
John Gerdes is an associate professor in the Department of Integrated Information at the University of South Carolina , Columbia , S .
He is currently an associate editor for Electronic Commerce Research and Telecommunications Systems .Ph.D., Vanderbilt University, Nashville, Tenn.M.S., Computer Science, Vanderbilt University, Nashville, Tenn.M.B.A., Lehigh University, Bethlehem, Pa.M.Eng., Mechanical Engineering, Cornell University, Ithaca, N.Y.B.S., Cornell University, Ithaca, N.Y."
89,"Ginjupally, Bhavana",Instructor,Faculty,,,,https://www.sc.edu/study/colleges_schools/engineering_and_computing/faculty-staff/bhavana_ginjupally.php,
90,"Ginn, Herbert L.",Professor,Faculty,"SwearingenRoom 3A30 301 Main Street Columbia , SC 29208University of South CarolinaMississippi State University",,"[""state"",""university"",""swearingenroom"",""main"",""south"",""street"",""carolinamississippi""]",https://www.sc.edu/study/colleges_schools/engineering_and_computing/faculty-staff/ginnherbert.php,"SwearingenRoom 3A30 301 Main Street Columbia , SC 29208University of South CarolinaMississippi State University"
91,"Giurgiutiu (Jurjutzu), Victor","Professor, Mechanical Engineering",Faculty,"Dr . Giurgiutiu s research interests span active materials , smart structures , structural health monitoring , mechatronics , and other multi physics applied mechanics topics . Dr . Giurgiutiu has published several books and book chapters and many journal articles and conference papers . He is Fellow of the Royal Aeronautical Society RAeS and of the American Society of Mechanical Engineers ASME . He is Associate Editor of the Aeronautical Journal of RAeS .","Dr. Giurgiutiu's research interests span active materials, smart structures, structural
                                    health monitoring, mechatronics, and other multi-physics applied mechanics topics.
                                    Dr. Giurgiutiu has published several books and book chapters and many journal articles
                                    and conference papers. He is Fellow of the Royal Aeronautical Society (RAeS) and of
                                    the American Society of Mechanical Engineers (ASME). He is Associate Editor of the
                                    Aeronautical Journal of RAeS.","[""giurgiutiu"",""society"",""aeronautical"",""journal"",""raes""]",https://www.sc.edu/study/colleges_schools/engineering_and_computing/faculty-staff/giurgiutiu_victor.php,"Giurgiutiu s research interests span active materials , smart structures , structural health monitoring , mechatronics , and other multi physics applied mechanics topics .
He is Associate Editor of the Aeronautical Journal of RAeS .Dr. Giurgiutiu's research interests span active materials, smart structures, structural"
92,"Glenn Jr., Odell",Instructor,Faculty,"Fundamental Aspects of a Novel Technology for Abatement of Allergenic Proteins involved the development of an approach to potentially reduce the potency of asthma triggers produced in an indoor environment . Allergens are bound to dry dust particles in a home . The effectiveness of using dry ice , essential oils with CO2 through CFD modeling and an ELISA assay was investigated . My present passion is S . T . E . M education along with engineering education research . Investigating new and unique ways to teach undergraduates core fundamentals is key to both myself as an educator and to the student .",,"[""education"",""dry"",""bound"",""abatement"",""unique""]",https://www.sc.edu/study/colleges_schools/engineering_and_computing/faculty-staff/odellglenn.php,Allergens are bound to dry dust particles in a home .
93,"Goharian, Erfan",Assistant Professor,Faculty,"Dr . Erfan Goharian s research focuses on water resources systems analysis and integrated management of water resources . He develops complex quantitative and computational models with the purpose of providing enhanced knowledge needed to better understand interactions in coupled human natural systems and water energy food nexus , and how they are shaped by climate , environmental , economic , social and political changes . Before joining University of South Carolina , he was leading the research on re operation of integrated water systems in California as a part of University of California Water Security and Sustainability Research Initiative UC Water . Dr . Goharian holds a Ph . D . degree in Civil and Environmental Engineering with emphasize on Water Resources Management from the University of Utah . Beyond his technical background , he has experience working in collaborations across institutions and disciplinary boundaries . Post doctoral , Water Resources , University of California , Davis , CA , 2016 2018Ph . D . , Civil and Environmental Engineering , University of Utah , Salt Lake City , UT , 2015","Dr. Erfan Goharian’s research focuses on water resources systems analysis and integrated
                                 management of water resources. He develops complex quantitative and computational
                                 models with the purpose of providing enhanced knowledge needed to better understand
                                 interactions in coupled human-natural systems and water-energy-food nexus, and how
                                 they are shaped by climate, environmental, economic, social and political changes.
                                 Before joining University of South Carolina, he was leading the research on re-operation
                                 of integrated water systems in California as a part of University of California Water
                                 Security and Sustainability Research Initiative (UC Water). Dr. Goharian holds a Ph.D.
                                 degree in Civil and Environmental Engineering with emphasize on Water Resources Management
                                 from the University of Utah. Beyond his technical background, he has experience working
                                 in collaborations across institutions and disciplinary boundaries.","[""water"",""resources"",""university"",""systems""]",https://www.sc.edu/study/colleges_schools/engineering_and_computing/faculty-staff/goharian.php,"He develops complex quantitative and computational models with the purpose of providing enhanced knowledge needed to better understand interactions in coupled human natural systems and water energy food nexus , and how they are shaped by climate , environmental , economic , social and political changes .
degree in Civil and Environmental Engineering with emphasize on Water Resources Management from the University of Utah .
Beyond his technical background , he has experience working in collaborations across institutions and disciplinary boundaries .
, Civil and Environmental Engineering , University of Utah , Salt Lake City , UT , 2015Dr. Erfan Goharian’s research focuses on water resources systems analysis and integrated"
94,"Goodwin, Richard Lance",Instructor,Faculty,,,,https://www.sc.edu/study/colleges_schools/engineering_and_computing/faculty-staff/goodwin_rich.php,
95,"Gower, R. Michael","Associate Professor, Chemical Engineering, Biomedical Engineering",Faculty,"Swearingen Engineering CenterRoom 2C21301 Main StreetColumbia , SC 29108Our research focuses on understanding the immune system in order to develop bio instructive materials that stimulate specific immune responses . We aim to control immune cell migration to synthetic microenvironments that are engineered to program and expand regulatory immune cells as a therapeutic tool for inflammatory disease . This research utilizes controlled release of proteins , peptides , and small molecules via a biomaterial to direct regulatory immune cell differentiation , as characterized by epigenetic modification to DNA , transcriptional programs , protein expression , and immunosuppressive function . We employ these technologies in animal disease models with the long term goal of developing translational therapies for atherosclerosis , diabetes , and cancer . Liu JM , Zhang J , Zhang X , Hlavaty KA , Ricci CF , Leonard JN , Shea LD , and Gower RM . Transforming growth factor beta 1 delivery from microporous scaffolds decreases inflammation post implant and enhances function of transplanted islets . Biomaterials Feb 80 11 9 , 2016 .",,"[""immune"",""function"",""cell"",""research"",""regulatory"",""zhang""]",https://www.sc.edu/study/colleges_schools/engineering_and_computing/faculty-staff/gowermichael.php,"This research utilizes controlled release of proteins , peptides , and small molecules via a biomaterial to direct regulatory immune cell differentiation , as characterized by epigenetic modification to DNA , transcriptional programs , protein expression , and immunosuppressive function ."
97,"Gray, Joshua",Instructor,Faculty,"Experienced engineer with a diverse background ranging from educational instruction and mentoring roles , extensive experience in research and development environments , entrepreneurial start ups and community based non profit social work . Educational roles range from experience as a teaching assistant in graduate school chemical engineering laboratories , serving as a mentor and thesis committee member as an adjunct professor while working in the national laboratory system , and serving as a laboratory manager and instructor in the chemistry department at a state supported liberal arts university . R D experience primarily involves the application of electrochemical engineering to localized corrosion and sustainable energy applications . I have worked in such areas as materials compatibility and corrosion susceptibility of high temperature heat transfer fluids for solar energy , hydrogen storage and fuel cell applications , the development of alternative separations processes for used nuclear fuel , and battery component research and characterization . I participated in several start ups in the areas of fuel cell and hydrogen storage technologies , and am currently a co founder of a 501 c 3 nonprofit in the area of recovery from substance use disorder .","Experienced engineer with a diverse background ranging from educational instruction
                                 and mentoring roles, extensive experience in research and development environments,
                                 entrepreneurial start-ups and community-based non-profit social work. Educational
                                 roles range from experience as a teaching assistant in graduate school chemical engineering
                                 laboratories, serving as a mentor and thesis committee member as an adjunct professor
                                 while working in the national laboratory system, and serving as a laboratory manager
                                 and instructor in the chemistry department at a state-supported liberal arts university.
                                 R&D experience primarily involves the application of electrochemical engineering to
                                 localized corrosion and sustainable energy applications. I have worked in such areas
                                 as materials compatibility and corrosion susceptibility of high temperature heat transfer
                                 fluids for solar energy, hydrogen storage and fuel cell applications, the development
                                 of alternative separations processes for used nuclear fuel, and battery component
                                 research and characterization. I participated in several start-ups in the areas of
                                 fuel cell and hydrogen storage technologies, and am currently a co-founder of a 501(c)(3)
                                 nonprofit in the area of recovery from substance use disorder.","[""experience"",""fuel"",""corrosion"",""engineering"",""laboratory""]",https://www.sc.edu/study/colleges_schools/engineering_and_computing/faculty-staff/gray_joshua.php,"Experienced engineer with a diverse background ranging from educational instruction and mentoring roles , extensive experience in research and development environments , entrepreneurial start ups and community based non profit social work .
Educational roles range from experience as a teaching assistant in graduate school chemical engineering laboratories , serving as a mentor and thesis committee member as an adjunct professor while working in the national laboratory system , and serving as a laboratory manager and instructor in the chemistry department at a state supported liberal arts university .
I have worked in such areas as materials compatibility and corrosion susceptibility of high temperature heat transfer fluids for solar energy , hydrogen storage and fuel cell applications , the development of alternative separations processes for used nuclear fuel , and battery component research and characterization .
I participated in several start ups in the areas of fuel cell and hydrogen storage technologies , and am currently a co founder of a 501 c 3 nonprofit in the area of recovery from substance use disorder .Experienced engineer with a diverse background ranging from educational instruction"
99,"Gross, Andrew J.",Assistant Professor,Faculty,"Dr . Gross research interests center on the mechanical properties of materials . This includes the design , fabrication , and characterization of architected materials , especially those with nanoscale constituents as well as the use of full field experimental data for the calibration of material models .","Dr. Gross' research interests center on the mechanical properties of materials. This
                                 includes the design, fabrication, and characterization of architected materials, especially
                                 those with nanoscale constituents; as well as the use of full field experimental data
                                 for the calibration of material models.","[""materials"",""includes"",""models"",""data"",""research"",""design"",""experimental""]",https://www.sc.edu/study/colleges_schools/engineering_and_computing/faculty-staff/andrewgross.php,"This includes the design , fabrication , and characterization of architected materials , especially those with nanoscale constituents as well as the use of full field experimental data for the calibration of material models .Dr. Gross' research interests center on the mechanical properties of materials."
101,"Gumina, Sharon",Instructor,Faculty,"Innovation Center 550 Assembly Street , Suite 1300 Office 1317 Columbia , SC 29208Over 30 years experience as a developer , analyst , and educator in Information Technology . Cisco Academy Instructor in Cyber Security Operations and Routing and Switching CCNA 1 through CCNA 3 , version 7 . Developer using various tools including SQL Developer for Oracle and Visual Studio . Palo Alto Networks Authorized Cybersecurity Academy Instructor .","Over 30 years experience as a developer, analyst, and educator in Information Technology.
                                 Cisco Academy Instructor in Cyber Security Operations and Routing and Switching CCNA-1
                                 through CCNA-3, version 7. Developer using various tools including SQL Developer for
                                 Oracle and Visual Studio. Palo Alto Networks Authorized Cybersecurity Academy Instructor.","[""developer"",""academy"",""instructor""]",https://www.sc.edu/study/colleges_schools/engineering_and_computing/faculty-staff/gumina_sharon.php,"Palo Alto Networks Authorized Cybersecurity Academy Instructor .Over 30 years experience as a developer, analyst, and educator in Information Technology."
102,"Gürdal, Zafer ","Professor of Mechanical Engineering, Aerospace Engineering",Faculty,"Dr . G rdal s research interests are in structural and multidisciplinary design and optimization , design and optimization of composite materials and structures , and computational methods for design with manufacturing emphasis . His research has largely been funded by NASA Langley Research Center and Air Force Office of Scientific Research AFOSR in the US , and EU Research Frame work programs in Europe . He was one of the investigators of the NASA Virginia Tech Composites program during his tenure at Virginia Tech . He was the principal investigator and co investigator of more than 60 research grants , majority of which on methodologies for composite laminate design and novel structural configurations , as well as experimental verification of composites structures research . The funding sources for his research included ALCOA , Lockheed Martin , Newport News Ship Building , Boeing Helicopters , Commercial , and Defense , McDonnell Douglas , Sikorsky Aircraft , Ford Motor Company , Fokker Aerostructures . His research cooperation in Europe included DLR , NLR , ONERA , CIRA , EADS , Dassault Aviation , Airbus , Allenia , Rolls Royce , Astrium , Dutch Space , Piaggio , and Israel Aircraft Industries . He also worked with a number of small companies , and is one of the founders of a small business in Blacksburg Virginia , and one in the Netherlands . Prof . G rdal s research contributions resulted nearly 300 publications . He was a key note plenary speaker for 14 international conferences , co authored of 3 books , and taught several AIAA Professional Development Short courses . He served as the graduate thesis advisor for more than 60 masters and 30 doctoral students . He is a Lifetime member and Associate Fellow of the American Institute of Aeronautics and Astronautics AIAA , and one of the initial members of the AIAA Multidisciplinary Technical Committee MDO TC .","Dr. Gürdal’s research interests are in structural and multidisciplinary design and
                                    optimization, design and optimization of composite materials and structures, and computational
                                    methods for design with manufacturing emphasis. His research has largely been funded
                                    by NASA Langley Research Center and Air Force Office of Scientific Research (AFOSR)
                                    in the US, and EU Research Frame work programs in Europe. He was one of the investigators
                                    of the NASA – Virginia Tech Composites program during his tenure at Virginia Tech.
                                    He was the principal investigator and co-investigator of more than 60 research grants,
                                    majority of which on methodologies for composite laminate design and novel structural
                                    configurations, as well as experimental verification of composites structures research.
                                    The funding sources for his research included ALCOA, Lockheed Martin, Newport News
                                    Ship Building, Boeing (Helicopters, Commercial, and Defense), McDonnell Douglas, Sikorsky
                                    Aircraft, Ford Motor Company, Fokker Aerostructures. His research cooperation in Europe
                                    included DLR, NLR, ONERA, CIRA, EADS, Dassault Aviation, Airbus, Allenia, Rolls Royce,
                                    Astrium, Dutch Space, Piaggio, and Israel Aircraft Industries. He also worked with
                                    a number of small companies, and is one of the founders of a small business in Blacksburg
                                    Virginia, and one in the Netherlands. Prof. Gürdal’s research contributions resulted
                                    nearly 300 publications. He was a key-note/plenary speaker for 14 international conferences,
                                    co-authored of 3 books, and taught several AIAA Professional Development Short courses.
                                    He served as the graduate thesis advisor for more than 60 masters and 30 doctoral
                                    students. He is a Lifetime member and Associate Fellow of the American Institute of
                                    Aeronautics and Astronautics (AIAA), and one of the initial members of the AIAA Multidisciplinary
                                    Technical Committee (MDO-TC).","[""research"",""one"",""design""]",https://www.sc.edu/study/colleges_schools/engineering_and_computing/faculty-staff/gurdal_zafer.php,"G rdal s research interests are in structural and multidisciplinary design and optimization , design and optimization of composite materials and structures , and computational methods for design with manufacturing emphasis .
His research has largely been funded by NASA Langley Research Center and Air Force Office of Scientific Research AFOSR in the US , and EU Research Frame work programs in Europe .
The funding sources for his research included ALCOA , Lockheed Martin , Newport News Ship Building , Boeing Helicopters , Commercial , and Defense , McDonnell Douglas , Sikorsky Aircraft , Ford Motor Company , Fokker Aerostructures .
His research cooperation in Europe included DLR , NLR , ONERA , CIRA , EADS , Dassault Aviation , Airbus , Allenia , Rolls Royce , Astrium , Dutch Space , Piaggio , and Israel Aircraft Industries .
He also worked with a number of small companies , and is one of the founders of a small business in Blacksburg Virginia , and one in the Netherlands .
He was a key note plenary speaker for 14 international conferences , co authored of 3 books , and taught several AIAA Professional Development Short courses .
He served as the graduate thesis advisor for more than 60 masters and 30 doctoral students .
He is a Lifetime member and Associate Fellow of the American Institute of Aeronautics and Astronautics AIAA , and one of the initial members of the AIAA Multidisciplinary Technical Committee MDO TC .Dr. Gürdal’s research interests are in structural and multidisciplinary design and"
104,"Haj-Hariri, Hossein ",Dean,Faculty,"Professor Hossein Haj Hariri is a USC Educational Foundation Distinguished Professor , and Dean of the College of Engineering and Computing at the University of South Carolina , which he joined in January of 2016 . For the prior 27 years he was on the faculty of Mechanical and Aerospace Engineering at the University of Virginia , where he was chair from 2005 through 2015 . He was also concurrently the associate vice president for research in 2014 2015 , and the co Director of the K 12 Engineering Design Laboratory since 2013 . He holds a Ph . D . and S . M . in Mechanical Engineering in Applied Mechanics , and also an S . B . in Civil Engineering , all from MIT . Through his research efforts , Professor Haj Hariri has guided more than 35 research scientists , postdocs , and graduate students , as well as over 50 undergraduate students in their research , and published over 100 research papers , through over 30M of sponsored research funding . Dr . Haj Hariri s area of research has spanned a broad subset of computational and theoretical applied mechanics theoretical aero acoustics , hydrodynamic stability , linear and nonlinear waves , singular perturbations , microgravity fluid mechanics , interfacial phenomena , fluid solid interactions , fluid mechanics of swimming , and passive thermal management . He holds several patents in the area of thermal management , and carbon fiber composites .","Professor Hossein Haj-Hariri is a USC Educational Foundation Distinguished Professor,
                                 and Dean of the College of Engineering and Computing at the University of South Carolina,
                                 which he joined in January of 2016. For the prior 27 years he was on the faculty of
                                 Mechanical and Aerospace Engineering at the University of Virginia, where he was chair
                                 from 2005 through 2015.  He was also concurrently the associate vice president for
                                 research in 2014-2015, and the co-Director of the K-12 Engineering Design Laboratory
                                 since 2013.  He holds a Ph.D. and S.M. in Mechanical Engineering (in Applied Mechanics),
                                 and also an S.B. in Civil Engineering, all from MIT.","[""engineering"",""research"",""mechanics"",""university""]",https://www.sc.edu/study/colleges_schools/engineering_and_computing/faculty-staff/hajhariri.php,"Professor Hossein Haj Hariri is a USC Educational Foundation Distinguished Professor , and Dean of the College of Engineering and Computing at the University of South Carolina , which he joined in January of 2016 .
For the prior 27 years he was on the faculty of Mechanical and Aerospace Engineering at the University of Virginia , where he was chair from 2005 through 2015 .
He was also concurrently the associate vice president for research in 2014 2015 , and the co Director of the K 12 Engineering Design Laboratory since 2013 ."
105,"Hamm,  L Larry","Savannah River National Laboratory, Mechanical Engineering",Faculty,,,,https://www.sc.edu/study/colleges_schools/engineering_and_computing/faculty-staff/hamm_larry.php,
107,"Hardaway, Chad","Associate Director, Office of Economic Engagement",Faculty,,,,https://www.sc.edu/study/colleges_schools/engineering_and_computing/faculty-staff/hardaway_adjunct.php,
108,"Harik, Ramy","Professor, Mechanical Engineering",Faculty,"Dr . Harik , a Fulbright Scholar , is a faculty member in the Department of Mechanical Engineering at the University of South Carolina and a resident researcher at the McNAIR Center for Aerospace Innovation and Research . He is currently a visiting Research Scientist at NASA Langley , conducting research in Automated Fiber Placement . His education joins Mechanical Engineering Masters of Science , Automated Manufacturing Engineering Technology Masters of Science and Industrial Mechanical Engineering Doctor of Philosophy . He mainly teaches courses in Computer Aided Design CAD , Manufacturing and Computer Aided Manufacturing CAM . Dr Harik is an Associate Editor of the Computer Aided Design Applications international journal . He has more than 3 million USD in funding from Boeing , NASA , SC Department of Commerce , Fokker Aerostructures , Dassault Aviation funded as a student and several other agencies . He is the recipient of the 2016 Outstanding Young Educator Award from Pi Tau Sigma Honor Society at the University of South Carolina . Dr . Harik is the chair of ACE 15 , ACE 16 and ACE 17 Technical Symposiums South Carolina Aerospace Conference and Exhibition and was the chair of the PLM 16 International Conference held in Columbia , South Carolina . Dr . Harik s textbook for Manufacturing Education featuring both traditional and emergent manufacturing topics .","Dr. Harik, a Fulbright Scholar, is a faculty member in the Department of Mechanical
                                 Engineering at the University of South Carolina and a resident researcher at the McNAIR
                                 Center for Aerospace Innovation and Research. He is currently a visiting Research
                                 Scientist at NASA Langley, conducting research in Automated Fiber Placement. His education
                                 joins Mechanical Engineering (Masters of Science), Automated Manufacturing Engineering
                                 Technology (Masters of Science) and Industrial/Mechanical Engineering (Doctor of Philosophy).
                                 He mainly teaches courses in Computer Aided Design (CAD), Manufacturing and Computer
                                 Aided Manufacturing (CAM). Dr Harik is an Associate Editor of the Computer Aided Design
                                 & Applications international journal. He has more than 3 million USD in funding from
                                 Boeing, NASA, SC Department of Commerce, Fokker Aerostructures, Dassault Aviation
                                 (funded as a student) and several other agencies. He is the recipient of the 2016
                                 Outstanding Young Educator Award from Pi Tau Sigma Honor Society at the University
                                 of South Carolina. Dr. Harik is the chair of ACE’15, ACE’16 and ACE’17 Technical Symposiums
                                 (South Carolina Aerospace Conference and Exhibition) and was the chair of the PLM’16
                                 International Conference held in Columbia, South Carolina.","[""manufacturing"",""carolina"",""engineering"",""harik"",""south""]",https://www.sc.edu/study/colleges_schools/engineering_and_computing/faculty-staff/harik_ramy.php,"Harik , a Fulbright Scholar , is a faculty member in the Department of Mechanical Engineering at the University of South Carolina and a resident researcher at the McNAIR Center for Aerospace Innovation and Research .
Dr Harik is an Associate Editor of the Computer Aided Design Applications international journal .
He has more than 3 million USD in funding from Boeing , NASA , SC Department of Commerce , Fokker Aerostructures , Dassault Aviation funded as a student and several other agencies .
He is the recipient of the 2016 Outstanding Young Educator Award from Pi Tau Sigma Honor Society at the University of South Carolina .
Engineering at the University of South Carolina and a resident researcher at the McNAIR"
110,"Henrich, Silke","Undergraduate Director, Biomedical Engineering",Faculty,Biomedical Engineering1200 Catawba StRoom 202,,"[""catawba"",""biomedical"",""engineering"",""stroom""]",https://www.sc.edu/study/colleges_schools/engineering_and_computing/faculty-staff/henrich.php,Biomedical Engineering1200 Catawba StRoom 202
111,"Heyden, Andreas","Director of Graduate Studies, Chemical Engineering",Faculty,"CV of Dr . HeydenPh . D . , Hamburg University of Technology , 2005Diplom , Hamburg University of Technology , 2000",,"[""university"",""hamburg"",""technology""]",https://www.sc.edu/study/colleges_schools/engineering_and_computing/faculty-staff/heydenandreas.php,
115,"Hikmet, Neset","Director of Graduate Studies, Professor ",Faculty,"Innovation Center550 Assembly Street , Suite 1300Office 1309Columbia , SC 29208Ph . D . , Management Science and Information Systems , University of Rhode IslandM . B . A . , Business Administration , University of Rhode IslandB . S . , Civil Engineering , Middle East Technical University","Ph.D., Management Science and Information Systems, University of Rhode IslandM.B.A., Business Administration, University of Rhode IslandB.S., Civil Engineering, Middle East Technical University","[""university"",""rhode"",""technical"",""systems"",""management""]",https://www.sc.edu/study/colleges_schools/engineering_and_computing/faculty-staff/hikmet_neset.php,
116,"Hipp, Brian","Instructor, Computer Science and Engineering",Faculty,,,,https://www.sc.edu/study/colleges_schools/engineering_and_computing/faculty-staff/brian_hipp.php,
119,"Hoque, Shamia",Associate Professor,Faculty,"Dr . Hoque s research interests are on the development and application of mathematical models for fluid flow , pathogen dispersion and decontamination in the environmental system with the objective of informing risk assessors and first responders . Her research goal is to establish predictive integrated frameworks through coupling detailed models , statistical methods and risk analysis for providing a priori information and design tools for a more sustainable and resilient urban and built environment . Recent studies have involved multi physics modeling applying computational fluid dynamics analysis for predicting bioaerosol transport and inactivation in indoor areas through neural networks and modeling and assessing health impacts of nano additives in fuels in urban environment .",,"[""environment"",""models"",""urban"",""research"",""risk"",""analysis"",""fluid""]",https://www.sc.edu/study/colleges_schools/engineering_and_computing/faculty-staff/hoque_shamia.php,
120,"Hoskins, William ",Instructor,Faculty,,,,https://www.sc.edu/study/colleges_schools/engineering_and_computing/faculty-staff/hoskinswill.php,
121,"Hu, Jianjun","Professor, Graduate Recruiting Coordinator, Computer Science & Engineering",Faculty,"Lab homepage http mleg . cse . sc . eduDr . Hu s research interests are in the areas of machine learning , deep learning , data mining , big data , evolutionary computation and their applications in bioinformatics , material informatics , and health informatics . His research has been sponsored by NSF , NIH , Nvidia , and the South Carolina Department of Transportation . Currently , his major research focus is developing deep learning algotrithms for solving challenging application problems such as","
Postdoc., University of Southern California (2005-2007)
Postdoc., Purdue University (2004-2005)
Ph. D., Michigan State University (2004)
B. S., Wuhan University of Technology (1995) 
","[""university"",""learning"",""informatics"",""research""]",https://www.sc.edu/study/colleges_schools/engineering_and_computing/faculty-staff/jianjunhu.php,"Postdoc., University of Southern California (2005-2007)
Postdoc., Purdue University (2004-2005)"
122,"Hu, Ming","Professor, Mechanical Engineering",Faculty,"Dr . Hu s research interests include modeling and simulation of micro nano scale thermal transport in novel energy systems , in particular low dimensional materials and nanostructures , and energy nanotechnology , interfacial heat transfer for advanced thermal management , and multi scale and multiphysics modeling of complex energy transport process . Full list of publications",,"[""energy"",""scale"",""transport"",""modeling"",""thermal""]",https://www.sc.edu/study/colleges_schools/engineering_and_computing/faculty-staff/minghu.php,
123,"Huang, Chin-Tser","Professor, Computer Science & Engineering",Faculty,"Professor Huang s research interests include network security , network protocol design and verification , and distributed systems . His current research focuses on intrusion detection and wireless network security .","
 Ph. D., University of Texas at Austin (2003)
M. S., University of Texas at Austin (1998)
B. S., Nation Taiwan University (1993) 
","[""university"",""network"",""research"",""texas"",""austin""]",https://www.sc.edu/study/colleges_schools/engineering_and_computing/faculty-staff/chintserhuang.php,His current research focuses on intrusion detection and wireless network security .
124,"Huang, Kevin ",Professor,Faculty,"Curriculum Vitae pdf Publications pdf www . Huanglabs . comDr . Huang s research interests include solid oxide electrochemical cells , storage batteries , gas separation membranes , solid state defect chemistry and electrochemistry , and multiscale computational modeling . K , Huang and J , B , Goodenough , Solid Oxide Fuel Cell Technology Principles , Performance and Operations , September 2009 , Woodhead Publishing Ltd . , Cambridge , UK http www . woodheadpublishing . com en book . aspx ? bookID 1613","Dr. Huang's research interests include solid oxide electrochemical cells, storage
                                 batteries, gas separation membranes, solid state defect chemistry and electrochemistry,
                                 and multiscale computational modeling.","[""solid"",""oxide"",""huang"",""defect""]",https://www.sc.edu/study/colleges_schools/engineering_and_computing/faculty-staff/huang_kevin.php,"Curriculum Vitae pdf Publications pdf www .
Huang s research interests include solid oxide electrochemical cells , storage batteries , gas separation membranes , solid state defect chemistry and electrochemistry , and multiscale computational modeling ."
125,"Huang, Xinyu ","Associate Professor, Mechanical Engineering, Nuclear Engineering",Faculty,"Dr . Huang s research interests include mechanics and durability of functional and structural composite materials , in particular , composite materials in polymer electrolyte membrane fuel cells , solid oxide fuel cells , structural composites , and coatings .","Dr. Huang's research interests include mechanics and durability of functional and
                                    structural composite materials, in particular, composite materials in polymer electrolyte
                                    membrane fuel cells, solid oxide fuel cells, structural composites, and coatings.","[""composite"",""cells"",""fuel"",""materials"",""structural""]",https://www.sc.edu/study/colleges_schools/engineering_and_computing/faculty-staff/huang_xinyu.php,
129,"Imran, Jasim",Professor,Faculty,"Dr . Imran s area of specialization is water resources engineering . His major research interests are interdisciplinary in nature and involve application of fluid mechanics to study flow processes of both engineering and geophysical significance . Dr . Imran and his research team pursue basic and applied research in the fields of river mechanics , sediment transport , density and turbidity current , mass gravity flow , and stratified flow .","Dr. Imran's area of specialization is water resources engineering. His major research
                                 interests are interdisciplinary in nature and involve application of fluid mechanics
                                 to study flow processes of both engineering and geophysical significance. Dr. Imran
                                 and his research team pursue basic and applied research in the fields of river mechanics,
                                 sediment transport, density and turbidity current, mass gravity flow, and stratified
                                 flow.","[""research"",""flow"",""imran"",""engineering""]",https://www.sc.edu/study/colleges_schools/engineering_and_computing/faculty-staff/imran_jasim.php,"His major research interests are interdisciplinary in nature and involve application of fluid mechanics to study flow processes of both engineering and geophysical significance .
Imran and his research team pursue basic and applied research in the fields of river mechanics , sediment transport , density and turbidity current , mass gravity flow , and stratified flow .Dr. Imran's area of specialization is water resources engineering."
131,"Jabbari, Esmaiel","Professor, Chemical Engineering, Biomedical Engineering",Faculty,"Swearingen Room 3C13 301 Main Street Columbia , SC 29208CV of Dr . JabbariTissue engineering involves the triad of biomaterial science , growth factor delivery , and molecular biology to engineer devices for cell immobilization and tissue regeneration . Jabbari s research draws upon chemistry , biology , macromolecular science and exploits biomimetic strategies to engineer cellular constructs for regeneration of skeletal tissues . Biologically inspired materials combined with micro nanoscale technologies can potentially create constructs to support delivery , differentiation , and maturation of progenitor cells to multiple lineages to regenerate complex tissues like bone and cartilage . Current projects include 1 bio inspired multiscale constructs for regeneration of load bearing large bone segments 2 micro patterned cellular constructs with gradient of growth factors for concurrent induction of osteogenesis and vasculogenesis 3 multilayer gradient constructs for the regeneration of articular cartilage 4 cancer stem cell mechanotransduction in an engineered matrix and 4 synthesis of self assembled nanogels for the delivery of multiple growth factors in regenerative medicine .",,"[""regeneration"",""constructs"",""delivery"",""growth"",""micro""]",https://www.sc.edu/study/colleges_schools/engineering_and_computing/faculty-staff/jabbari.php,"Biologically inspired materials combined with micro nanoscale technologies can potentially create constructs to support delivery , differentiation , and maturation of progenitor cells to multiple lineages to regenerate complex tissues like bone and cartilage ."
132,"Jabbarzadeh, Ehsan","Professor, Chemical & Biomedical Engineering",Faculty,"Swearingen Room 3C15301 Main Street Columbia , SC 29208The overarching theme of our research is the robust design and engineering of tissues through understanding and modeling of the environmental effects on stem cell differentiation and tissue remodeling and development . We are engineering microenvironments based on carbon nanotube arrays with finely controllable biophysical and biochemical properties for the investigation of molecular mechanisms associated with cell migration , proliferation and differentiation . Investigations in the lab revolve around how cells sense distinctive types of mechanical , biochemical and morphological cues and integrate them to generate an appropriate response . This work is complemented by a parallel effort to construct a single cell based mathematical model of intercellular signaling events that are linked to signaling outputs associated with fate commitment . In addition , our laboratory is actively pursuing the development of biomaterials that recapitulate the key characteristics of natural extracellular matrix for applications in bone and vascular tissue engineering . Yanez , J . Blanchette , E . Jabbarzadeh , Modulation of Inflammatory Response to Implanted Biomaterials Using Natural Compounds , Current Pharmaceutical Design , In Press .",,"[""cell"",""biochemical"",""natural"",""engineering"",""associated"",""response""]",https://www.sc.edu/study/colleges_schools/engineering_and_computing/faculty-staff/Jabbarzadeh.php,"We are engineering microenvironments based on carbon nanotube arrays with finely controllable biophysical and biochemical properties for the investigation of molecular mechanisms associated with cell migration , proliferation and differentiation ."
134,"Jalilvand, Golareh",Assistant Professor,Faculty,"Dr . Golareh Jalilvand is an Assistant Professor in the Department of Chemical Engineering at the University of South Carolina UofSC . Prior to joining the UofSC , she received her M . Sc . and Ph . D . in Materials Science and Engineering from the Sharif University of Technology and the University of Central Florida UCF , respectively . Dr . Jalilvand s research is focused on materials development and structural design for a broad range of applications , including but not limited to energy storage systems . Her contributions to the field of materials structure to property relationships have received recognition in several national and international platforms including the outstanding paper and presentation awards at the Advanced Metallization Conference AMC , and International Microelectronics Assembly and Packaging Society IMAPS meeting . She was also nominated for the 2020 Ph . D . Student Award within the nine departments in the College of Engineering and Computer Science at the UCF for her conspicuous contributions to the local and national scientific community . Since joining UofSC , she has established the advance lithium based batteries research in the Chemical Engineering department . She is actively collaborating with multiple academic research labs , industry partners , and scientists at the National Renewable Energy Laboratory . Dr . Jalilvand s works on high performance Sulfur cathode , novel separator materials and structures , as well as new cost effective synthesis methods for Lithium transition metal oxide cathodes have received great attention from nationally and internationally renowned industrial sponsors , aiming to extend her research outcomes to the global battery market .","Dr. Golareh Jalilvand is an Assistant Professor in the Department of Chemical Engineering
                                 at the University of South Carolina (UofSC). Prior to joining the UofSC, she received
                                 her M.Sc. and Ph.D. in Materials Science and Engineering from the Sharif University
                                 of Technology and the University of Central Florida (UCF), respectively.","[""engineering"",""materials"",""research"",""university"",""uofsc""]",https://www.sc.edu/study/colleges_schools/engineering_and_computing/faculty-staff/jalilvand_golareh.php,"Golareh Jalilvand is an Assistant Professor in the Department of Chemical Engineering at the University of South Carolina UofSC .
in Materials Science and Engineering from the Sharif University of Technology and the University of Central Florida UCF , respectively ."
135,"Jamshidi, Pooyan ","Assistant Professor, Computer Science and Engineering",Faculty,"Pooyan Jamshidi s research involves designing novel artificial intelligence and machine learning algorithms and investigating their theoretical guarantees . He is also interested in applying the AI ML algorithms in high impact applications , including robotics , computer systems , healthcare , neuroscience , space explorations , engineering , and sciences . Pooyan has extensive collaborations with industry , including Google and NASA , and he is always open to new collaborations . Research ThemesHis Application Interests Include","
Assistant Professor, University of South Carolina, August 2018-Present
Postdoctoral Associate, Carnegie Mellon University, 2016-2018
Postdoctoral Associate, Imperial College London, 2014-2016
Ph. D., Dublin City University (2014)
M.S., Amirkabir University of Technology (2006)
B.S., Amirkabir University of Technology (2003)
","[""university"",""associate"",""algorithms"",""amirkabir"",""pooyan""]",https://www.sc.edu/study/colleges_schools/engineering_and_computing/faculty-staff/Jamshidi.php,"Research ThemesHis Application Interests Include
Postdoctoral Associate, Carnegie Mellon University, 2016-2018"
140,"Joseph, Lesley",Faculty Fellow,Faculty,"PhD , Civil Engineering , University of South Carolina 2021MSE , Environmental Engineering , Johns Hopkins University , 2013MS , Civil Engineering , University of South Carolina , 2012BS , Civil Engineering , University of South Carolina , 2011Dr . Lesley Joseph is a licensed professional engineer PE ENV in South Carolina , who joined the faculty of the University of South Carolina in the Department of Civil and Environmental Engineering . Prior to joining USC , Dr . Joseph spent over 10 years as a consulting engineer in the design , construction , and maintenance of water and wastewater systems , including water distribution systems , wastewater collection systems , along with water and wastewater treatment plants . He has also worked as the Senior Engineer for Water Wastewater Systems at the Savannah River Site . Dr . Joseph s research interests include examining disparities in the physical and social well being of disadvantaged communities , including differences in water access and water quality , health disparities , food security , disproportionate climate impacts , and various other environmental justice issues that are commonly present in underserved communities across the southeastern United States .","Dr. Lesley Joseph is a licensed professional engineer (PE-ENV) in South Carolina,
                                    who joined the faculty of the University of South Carolina in the Department of Civil
                                    and Environmental Engineering. Prior to joining USC, Dr. Joseph spent over 10 years
                                    as a consulting engineer in the design, construction, and maintenance of water and
                                    wastewater systems, including water distribution systems, wastewater collection systems,
                                    along with water and wastewater treatment plants. He has also worked as the Senior
                                    Engineer for Water/Wastewater Systems at the Savannah River Site.","[""water"",""carolina"",""wastewater"",""systems"",""university"",""south""]",https://www.sc.edu/study/colleges_schools/engineering_and_computing/faculty-staff/lesley_joseph.php,"Joseph spent over 10 years as a consulting engineer in the design , construction , and maintenance of water and wastewater systems , including water distribution systems , wastewater collection systems , along with water and wastewater treatment plants .
He has also worked as the Senior Engineer for Water Wastewater Systems at the Savannah River Site ."
142,"Kanapala, Neema ","Instructor, Computer Science and Engineering",Faculty,Neema Kanapala teaches various undergraduate courses .,,"[""kanapala"",""courses"",""neema"",""undergraduate"",""various"",""teaches""]",https://www.sc.edu/study/colleges_schools/engineering_and_computing/faculty-staff/neemakanapala.php,Neema Kanapala teaches various undergraduate courses .
143,"Karakchi, Rasha","Instructor, Computer Science and Engineering",Faculty,"Rasha Karakchi teaches a variety of courses , and her research interest is in high performance , reconfigurability and embedded systems .","Rasha Karakchi teaches a variety of courses, and her research interest is in high
                                 performance, reconfigurability and embedded systems. ","[""research"",""embedded"",""reconfigurability"",""systems"",""performance"",""variety"",""high"",""karakchi""]",https://www.sc.edu/study/colleges_schools/engineering_and_computing/faculty-staff/karakchi_rasha.php,
145,"Kfoury, Elie",Assistant Professor,Faculty,"Elie Kfoury received the Ph . D . degree in Informatics from the University of South Carolina USC , in 2023 . He is currently an assistant professor in the Integrated Information Technology department at USC . As a member of the Cyberinfrastructure Laboratory , he developed training materials using virtual labs on high speed networks , TCP congestion control , programmable switches , SDN , and cybersecurity . He is the co author a book High Speed Networks A Tutorial , that is being used nationally for deploying , troubleshooting , and tuning Science DMZ networks . His research interests include P4 programmable data planes , computer networks , cybersecurity , and Blockchain . He previously worked as a research and teaching assistant in the computer science department at the American University of Science and Technology in Beirut . Ph . D . , Informatics , University of South Carolina , SC , USA . M . S . , Computer Science , American University of Science and Technology , Beirut , Lebanon . B . S . , Computer Science , American University of Science and Technology , Beirut , Lebanon .","Elie Kfoury received the Ph.D. degree in Informatics from the University of South
                                 Carolina (USC), in 2023. He is currently an assistant professor in the Integrated
                                 Information Technology department at USC. As a member of the Cyberinfrastructure Laboratory,
                                 he developed training materials using virtual labs on high-speed networks, TCP congestion
                                 control, programmable switches, SDN, and cybersecurity. He is the co-author a book
                                 “High-Speed Networks: A Tutorial”, that is being used nationally for deploying, troubleshooting,
                                 and tuning Science DMZ networks. His research interests include  P4 programmable data
                                 planes, computer networks, cybersecurity, and Blockchain. He previously worked as
                                 a research and teaching assistant in the computer science department at the American
                                 University of Science and Technology in Beirut.","[""science"",""networks"",""university"",""technology""]",https://www.sc.edu/study/colleges_schools/engineering_and_computing/faculty-staff/elie_kfoury.php,"He is currently an assistant professor in the Integrated Information Technology department at USC .
As a member of the Cyberinfrastructure Laboratory , he developed training materials using virtual labs on high speed networks , TCP congestion control , programmable switches , SDN , and cybersecurity .
He is the co author a book High Speed Networks A Tutorial , that is being used nationally for deploying , troubleshooting , and tuning Science DMZ networks .
He previously worked as a research and teaching assistant in the computer science department at the American University of Science and Technology in Beirut ."
146,"Khan, Asif","Professor, Carolina Distinguished Professor, Electrical Engineering",Faculty,"SwearingenRoom 3A45301 Main StreetColumbia , SC 29208",,"[""swearingenroom"",""streetcolumbia"",""main""]",https://www.sc.edu/study/colleges_schools/engineering_and_computing/faculty-staff/khanasif.php,"SwearingenRoom 3A45301 Main StreetColumbia , SC 29208"
147,"Khan, Jamil   A.",Director of College Faculty Affairs,Faculty,"Dr . Khan s research interest include modeling of manufacturing processes , temperature distribution during machining , heat transfer and fluid flow with phase change solidification melting in casting , welding , computational and experimental fluid dynamics related to contaminants transport in rooms , heat transfer in porous media , micro channel heat transfer , thermodynamic analysis of IC Engines , CFD analysis of combustion processes etc .","Dr. Khan's research interest include modeling of manufacturing processes, temperature
                                    distribution during machining, heat transfer and fluid flow with phase change (solidification/melting
                                    in casting, welding), computational and experimental fluid dynamics related to contaminants
                                    transport in rooms, heat transfer in porous media, micro-channel heat transfer, thermodynamic
                                    analysis of IC Engines, CFD analysis of combustion processes etc.","[""heat"",""transfer"",""analysis"",""fluid"",""processes""]",https://www.sc.edu/study/colleges_schools/engineering_and_computing/faculty-staff/khan_jamil.php,"Khan s research interest include modeling of manufacturing processes , temperature distribution during machining , heat transfer and fluid flow with phase change solidification melting in casting , welding , computational and experimental fluid dynamics related to contaminants transport in rooms , heat transfer in porous media , micro channel heat transfer , thermodynamic analysis of IC Engines , CFD analysis of combustion processes etc .Dr. Khan's research interest include modeling of manufacturing processes, temperature"
148,"Knight, Travis W.","Chair and Professor, Mechanical Engineering",Faculty,"Dr . Knight s research and interests are in the areas of Advanced nuclear fuels and materials , Nuclear safeguards , Nuclear fuel cycle , Alternative uses of nuclear power including hydrogen , space nuclear power and propulsion .","Dr. Knight's research and interests are in the areas of Advanced nuclear fuels and
                                    materials, Nuclear safeguards, Nuclear fuel cycle, Alternative uses of nuclear power
                                    including hydrogen, space nuclear power and propulsion.","[""nuclear"",""power"",""safeguards"",""cycle"",""fuels""]",https://www.sc.edu/study/colleges_schools/engineering_and_computing/faculty-staff/knight_travis.php,
149,"Lauterbach, Jochen","Professor, Chemical Engineering",Faculty,"Horizon 1Room 135541 Main StreetColumbia , SC 29208CV of Dr . LauterbachDr . rer . nat . in Physical , Free University of Berlin , 1994",,"[""free"",""lauterbachdr"",""rer"",""nat"",""horizon"",""university""]",https://www.sc.edu/study/colleges_schools/engineering_and_computing/faculty-staff/lauterbachjochen.php,"in Physical , Free University of Berlin , 1994"
150,"Lee, Dongkyu",Assistant Professor,Faculty,"Developing new energy materials is a key step toward satisfying the needs for next generation energy conversion and storage devices . Complex oxides are widely used in many energy technologies owing to their fascinating properties , including electrocatalytic activity , and ionic and electronic conductivity . In particular , a new class of nanostructured oxide materials can yield many intriguing physicochemical properties that are unattainable in the bulk oxides , and thus have become critical to improve the performance of many energy devices , such as fuel cells , batteries , solar cells , and thermoelectric devices . Dr . Lee s research interests lie at the intersection of synthesizing functional oxide materials by atomic control , understanding energy conversion and storage mechanisms as well as the physicochemical properties of materials , and applying a fundamental understanding to design advanced energy conversion and storage devices including solid oxide fuel cells , solid state batteries , solar thermoelectric generators , and solar to fuel energy conversion devices .","Developing new energy materials is a key step toward satisfying the needs for next-generation
                                 energy conversion and storage devices. Complex oxides are widely used in many energy
                                 technologies owing to their fascinating properties, including electrocatalytic activity,
                                 and ionic and electronic conductivity. In particular, a new class of nanostructured
                                 oxide materials can yield many intriguing physicochemical properties that are unattainable
                                 in the bulk oxides, and thus have become critical to improve the performance of many
                                 energy devices, such as fuel cells, batteries, solar cells, and thermoelectric devices. Dr. Lee's research interests lie at the intersection of synthesizing functional oxide
                                 materials by atomic control, understanding energy conversion and storage mechanisms
                                 as well as the physicochemical properties of materials, and applying a fundamental
                                 understanding to design advanced energy conversion and storage devices including solid
                                 oxide fuel cells, solid-state batteries, solar thermoelectric generators, and solar
                                 to fuel energy conversion devices.","[""energy"",""devices"",""materials"",""conversion""]",https://www.sc.edu/study/colleges_schools/engineering_and_computing/faculty-staff/dongkyulee.php,"Complex oxides are widely used in many energy technologies owing to their fascinating properties , including electrocatalytic activity , and ionic and electronic conductivity .
In particular , a new class of nanostructured oxide materials can yield many intriguing physicochemical properties that are unattainable in the bulk oxides , and thus have become critical to improve the performance of many energy devices , such as fuel cells , batteries , solar cells , and thermoelectric devices .
Lee s research interests lie at the intersection of synthesizing functional oxide materials by atomic control , understanding energy conversion and storage mechanisms as well as the physicochemical properties of materials , and applying a fundamental understanding to design advanced energy conversion and storage devices including solid oxide fuel cells , solid state batteries , solar thermoelectric generators , and solar to fuel energy conversion devices .Developing new energy materials is a key step toward satisfying the needs for next-generation"
151,"Lee, Junsoo",Assistant Professor,Faculty,"Junsoo Lee received the B . S . degree in mechanical and aerospace engineering and the M . S . degree in aerospace engineering from the Seoul National University , Republic of Korea , in 2016 and 2018 , respectively . In 2018 he joined the Georgia Institute of Technology , where he received the M . S . degree in applied mathematics in 2021 and Ph . D degree in aerospace engineering in 2022 . In 2022 he joined the Department of Mechanical Engineering at the University of South Carolina as an Assistant Professor . Dr . Lee s expertise and research interests include stability theory , optimal control , multiagent systems , network control , and stochastic systems and control .","Junsoo Lee received the B.S. degree in mechanical and aerospace engineering and the
                                    M.S. degree in aerospace engineering from the Seoul National University, Republic
                                    of Korea, in 2016 and 2018, respectively. In 2018 he joined the Georgia Institute
                                    of Technology, where he received the M.S. degree in applied mathematics in 2021 and
                                    Ph. D degree in aerospace engineering in 2022. In 2022 he joined the Department of
                                    Mechanical Engineering at the University of South Carolina as an Assistant Professor.","[""engineering"",""degree"",""aerospace"",""joined""]",https://www.sc.edu/study/colleges_schools/engineering_and_computing/faculty-staff/junsoo_lee.php,"degree in aerospace engineering from the Seoul National University , Republic of Korea , in 2016 and 2018 , respectively .
In 2018 he joined the Georgia Institute of Technology , where he received the M .
In 2022 he joined the Department of Mechanical Engineering at the University of South Carolina as an Assistant Professor ."
152,"Lee, Woo-Kum",Adjunct Professor,Faculty,,,,https://www.sc.edu/study/colleges_schools/engineering_and_computing/faculty-staff/leewoo-kum.php,
154,"Lessner , Susan M.","Associate Professor, School of Medicine",Faculty,"School of Medicine Bldg 1 Room C 38 6439 Garners Ferry Road Columbia , SC 29209Dr . Lessner s work focuses on the vascular biology and biomechanics of atherosclerosis , with an emphasis on mechanical failure plaque rupture and intraplaque angiogenesis . Atherosclerotic plaque rupture is a leading cause of acute cardiovascular events such as heart attack and stroke . Evidence suggests that plaque rupture results from an adverse interaction between biomechanical and biological factors . Our research focuses on understanding the interplay between both these types of factors , in order to develop methods to reduce the incidence of plaque rupture . On the biological side , we are particularly interested in intraplaque angiogenesis , or new blood vessel growth , as a destabilizing factor in plaque progression . We use transgenic mouse models and human endarterectomy specimens to examine the relationships between mechanical loading environment , matrix organization , and mechano sensitive gene expression . On the biomechanics front , we study micromechanics of arterial tissue failure in plaque rupture and arterial dissection , and we aim to develop methods to identify patients at elevated risk of acute cardiovascular syndromes where material failure plays a major role . We use both experimental and computational approaches to understand artery wall failure mechanisms . I collaborate with faculty in Mechanical Engineering at UofSC , together with vascular surgeons at Greenville Hospital , Palmetto Health , and MUSC .",,"[""plaque"",""rupture"",""failure""]",https://www.sc.edu/study/colleges_schools/engineering_and_computing/faculty-staff/lessner.php,"Lessner s work focuses on the vascular biology and biomechanics of atherosclerosis , with an emphasis on mechanical failure plaque rupture and intraplaque angiogenesis .
Our research focuses on understanding the interplay between both these types of factors , in order to develop methods to reduce the incidence of plaque rupture ."
156,"Lewis, Jeremy ","Instructor, Computer Science and Engineering",Faculty,Jeremy Lewis teaches various undergraduate courses .,,"[""lewis"",""various"",""courses"",""jeremy"",""teaches"",""undergraduate""]",https://www.sc.edu/study/colleges_schools/engineering_and_computing/faculty-staff/jeremylewis.php,Jeremy Lewis teaches various undergraduate courses .
157,"Li, Chen ","Professor, Mechanical Engineering",Faculty,"Dr . Li s research interest are micro nano scale two phase heat and flow physics , prediction , control and modeling . Aim at basic research in developing and verifying theories for two phase transport behaviors and the application of these theories towards controlling two phase heat and flows at micro nano scale .","Dr. Li's research interest are micro/nano-scale two-phase heat and flow physics, prediction,
                                    control and modeling. Aim at basic research in developing and verifying theories for
                                    two-phase transport behaviors and the application of these theories towards controlling
                                    two-phase heat and flows at micro/nano-scale.","[""theories"",""heat"",""research"",""phase"",""micro""]",https://www.sc.edu/study/colleges_schools/engineering_and_computing/faculty-staff/li_chen.php,"Li s research interest are micro nano scale two phase heat and flow physics , prediction , control and modeling ."
158,"Ling, Yue (Stanley)","Associate Professor, Department of Mechanical Engineering",Faculty,"Dr . Ling s research focuses on the high fidelity modeling and simulation of a wide range of multiphase flows and heat transfer processes . This encompasses atomization and sprays , the aerodynamic deformation and breakup of droplets , flows containing droplets and bubbles undergoing phase change , and the impact of droplets on solid surfaces and thin films . More specifically , his research group develops advanced numerical methods and simulation tools . They conduct large scale simulations using state of the art supercomputers , investigating the intricate thermal energy challenges within multiphase flows . Moreover , they develop physics based and data driven models to efficiently predict outcomes in practical applications .",,"[""flows"",""research"",""droplets"",""multiphase""]",https://www.sc.edu/study/colleges_schools/engineering_and_computing/faculty-staff/yue_stanley_ling.php,Ling s research focuses on the high fidelity modeling and simulation of a wide range of multiphase flows and heat transfer processes .
159,"Liu, Chang","Associate Professor, Chemical Engineering, Biomedical Engineering",Faculty,"Point Of Care Testing and Lab Testing Assays and Devices for Protein Biomarkers of Various Diseases Disease biomarkers include two major categories proteins and nucleic acids . In diagnostic testing of many diseases e . g . HIV , Tuberculosis , COVID 19 , nucleic acids usually exhibit higher sensitivity because they can be amplified exponentially , thus are detectable earlier after the onset of a disease . However , in many cases , such as HIV , there is no evidence showing that RNA appears ahead of antigen . The major challenge for antigen detection is that proteins cannot be amplified like nucleic acids , leading to the widely held belief that antigen protein biomarker tests are relatively insensitive and therefore have a limited clinical utility , which is in fact a technological issue . Our lab has developed a click chemistry amplified nanopore CAN assay for ultrasensitive circulating antigen quantification . This assay achieved ultralow detection limit in human blood , demonstrating higher analytical sensitivity than latest immunoassays and clinically used benchmark ELISA . Clinical evaluation in HIV and TB patients demonstrated superiority of the CAN assay for quantification at ultra low concentration range in patients missed by traditional methods . We are currently developing a streamlined automatic device including a cost effective microfluidic chip for sample preparation and a nanopore reader for quantification of protein biomarkers in clinical lab testing , POCT , and self testing applications . Machine Learning Assisted Sequencing by Degradation for Single Molecule Protein SequencingRevealing the primary sequence of a protein or peptide is essential to its identification and function . Protein sequencing is commonly performed using mass spectrometry MS , a technique that involves fractionating the protein into many smaller peptides and then obtaining the mass to charge ratio of each new peptide . Recently , efforts have been made to develop single molecule sequencing techniques for proteins similar to what were developed for nucleic acids . Comparing to MS , these single molecule technologies have many desirable advantages experimental simplicity cost efficiency of instruments potential portability and robustness . While nanopore sequencing has matured in gene sequencing , similar methods are being explored for protein sequencing . Successful protein sequencing requires precisely identifying and locating each AA . A crucial point for nanopore sensing is the effective diameter and length of the sensing region i . e . the constriction . Our group designed a Sequencing by Degradation SBD method , in which the N terminal AAs of a peptide sample is chemically derivatized and cleaved , and then identified by a nanopore in a cyclic manner to reconstitute its sequence . The scientific advantage of this method lies in higher sequencing accuracy and coverage than existing single molecule methods single AA resolution by separately reading each AA universal chemistry for degradation of all AAs in natural proteins compatibility with routine pre treatments for complex samples and algorithms designed for identification in heterogeneous samples . Toxin and Pollutant Identification , Detection , and InteractionPer and polyfluoroalkyl substances PFAS manufactured and used in various industries are very persistent in the environment . Accumulation of PFAS in human body through food and water can lead to adverse health outcomes . Rapid and precise detection and identification of these environmental toxins is essential to protecting human health . We engineered nanopores by modifying the pore lumen with cyclodextrins as adapters to enable sensing of small PFAS molecules . Our results showed detection and identification of various PFOA related and PFOS related compounds , all are members of the PFAS family with slight size differences . Using this platform , we also successfully monitored a detoxification process that reverses the binding of PFOA to human serum albumin in vitro .",,"[""sequencing"",""protein"",""identification"",""testing"",""single""]",https://www.sc.edu/study/colleges_schools/engineering_and_computing/faculty-staff/liu.php,"Point Of Care Testing and Lab Testing Assays and Devices for Protein Biomarkers of Various Diseases Disease biomarkers include two major categories proteins and nucleic acids .
HIV , Tuberculosis , COVID 19 , nucleic acids usually exhibit higher sensitivity because they can be amplified exponentially , thus are detectable earlier after the onset of a disease .
The major challenge for antigen detection is that proteins cannot be amplified like nucleic acids , leading to the widely held belief that antigen protein biomarker tests are relatively insensitive and therefore have a limited clinical utility , which is in fact a technological issue .
We are currently developing a streamlined automatic device including a cost effective microfluidic chip for sample preparation and a nanopore reader for quantification of protein biomarkers in clinical lab testing , POCT , and self testing applications .
Recently , efforts have been made to develop single molecule sequencing techniques for proteins similar to what were developed for nucleic acids ."
161,"Lyons, Jed ",Senior Associate Dean for Academic Affairs,Faculty,"As the Senior Associate Dean for Academic Affairs , Dr . Lyons directs undergraduate recruitment , retention , and graduation activities . He provides college oversight for academic programs at all levels , manages academic resources and assessment services , directs K 12 outreach activities , and is part of the college s communications and marketing team . His research includes engineering education and engineering materials . Jed Lyons received his PhD in Mechanical Engineering from the Georgia Institute of Technology . In 1990 , he joined the University of South Carolina as an Assistant Professor in the Department of Mechanical Engineering , where he advanced to full Professor and served as Mechanical Engineering Undergraduate Director . In 2004 , he helped create a university wide Center for Teaching Excellence , where he served as the first Faculty Director from 2006 to 2012 . Lyons was appointed as the Associate Dean for Academic Affairs in the College of Engineering and Computing in 2012 and promoted to Senior Associate Dean in 2017 . Lyons was elected as a Fellow of the American Society for Engineering Education ASEE in 2009 . He was a founding member of the K 12 Engineering Division of ASEE , and has served as Chair and Executive Committee member of this Division . Lyons has also served the Mechanical Engineering Division of ASEE as Executive Committee Member , Secretary , Program Chair , and Division Chair . Lyons scholarship in the areas of mechanical engineering and engineering education includes over 8M in funded research and implementation projects . He has mentored over 200 research assistants , teaching assistants , teaching fellows and K 12 teacher researchers . In addition to ASEE Fellow status , Lyons works as an engineering educator has been recognized with Georgia Tech s Outstanding Young Alumni award 1996 . UofSC awards include the Michael J . Mungo Undergraduate Teaching award 2003 , Bedenbach Distinguished Service award 2006 , Litman Distinguished Professor award 2004 , and Educational Foundation Award for Outstanding Faculty Service 2019 .","As the Senior Associate Dean for Academic Affairs, Dr. Lyons directs undergraduate
                                 recruitment, retention, and graduation activities. He provides college oversight for
                                 academic programs at all levels, manages academic resources and assessment services,
                                 directs K-12 outreach activities, and is part of the college’s communications and
                                 marketing team. His research includes engineering education and engineering materials.","[""engineering"",""lyons"",""academic""]",https://www.sc.edu/study/colleges_schools/engineering_and_computing/faculty-staff/lyons_jed.php,"He provides college oversight for academic programs at all levels , manages academic resources and assessment services , directs K 12 outreach activities , and is part of the college s communications and marketing team .
Lyons has also served the Mechanical Engineering Division of ASEE as Executive Committee Member , Secretary , Program Chair , and Division Chair .
In addition to ASEE Fellow status , Lyons works as an engineering educator has been recognized with Georgia Tech s Outstanding Young Alumni award 1996 .
Mungo Undergraduate Teaching award 2003 , Bedenbach Distinguished Service award 2006 , Litman Distinguished Professor award 2004 , and Educational Foundation Award for Outstanding Faculty Service 2019 .As the Senior Associate Dean for Academic Affairs, Dr. Lyons directs undergraduate"
162,"Mandal, Krishna","Professor, Electrical Engineering",Faculty,"SwearingenRoom 3A38301 Main StreetColumbia , SC 29208",,"[""streetcolumbia"",""swearingenroom"",""main""]",https://www.sc.edu/study/colleges_schools/engineering_and_computing/faculty-staff/mandalkrishna.php,"SwearingenRoom 3A38301 Main StreetColumbia , SC 29208"
164,"Matolak, David","Professor, Electrical Engineering",Faculty,"SwearingenRoom 3A28301 Main StreetColumbia , SC 29208David W . Matolak received the B . S . degree from The Pennsylvania State University , M . S . degree from The University of Massachusetts , and Ph . D . degree from The University of Virginia , all in electrical engineering . He has over 25 years experience in communication system research , development , and deployment , with industry , government institutions , and academia , including AT T Bell Labs , L3 Communication Systems , MITRE , and Lockheed Martin . He has over 250 publications and eight patents . He was a professor at Ohio University 1999 2012 , and since 2012 has been a professor at the University of South Carolina . He has organized multiple IEEE workshops and special sessions , and was Associate Editor for IEEE Transactions on Vehicular Technology and IEEE Transactions on Wireless Communications . His research interests are radio channel modeling and communication techniques for non stationary fading channels . Prof . Matolak is also a member of standards groups in RTCA and ITU , and a member of Eta Kappa Nu , Sigma Xi , Tau Beta Pi , URSI , ASEE , and AIAA . He is also an IEEE Fellow .","David W. Matolak received the B.S. degree from The Pennsylvania State University,
                                 M.S. degree from The University of Massachusetts, and Ph.D. degree from The University
                                 of Virginia, all in electrical engineering. He has over 25 years’ experience in communication
                                 system research, development, and deployment, with industry, government institutions,
                                 and academia, including AT&T Bell Labs, L3 Communication Systems, MITRE, and Lockheed
                                 Martin. He has over 250 publications and eight patents. He was a professor at Ohio
                                 University (1999-2012), and since 2012 has been a professor at the University of South
                                 Carolina. He has organized multiple IEEE workshops and special sessions, and was Associate
                                 Editor for IEEE Transactions on Vehicular Technology and IEEE Transactions on Wireless
                                 Communications. His research interests are radio channel modeling and communication
                                 techniques for non-stationary fading channels. Prof. Matolak is also a member of standards
                                 groups in RTCA and ITU, and a member of Eta Kappa Nu, Sigma Xi, Tau Beta Pi, URSI,
                                 ASEE, and AIAA. He is also an IEEE Fellow.","[""university"",""ieee"",""degree"",""communication""]",https://www.sc.edu/study/colleges_schools/engineering_and_computing/faculty-staff/matolakdavid.php,"He has over 25 years experience in communication system research , development , and deployment , with industry , government institutions , and academia , including AT T Bell Labs , L3 Communication Systems , MITRE , and Lockheed Martin .
He was a professor at Ohio University 1999 2012 , and since 2012 has been a professor at the University of South Carolina .
He has organized multiple IEEE workshops and special sessions , and was Associate Editor for IEEE Transactions on Vehicular Technology and IEEE Transactions on Wireless Communications .
His research interests are radio channel modeling and communication techniques for non stationary fading channels .
Matolak is also a member of standards groups in RTCA and ITU , and a member of Eta Kappa Nu , Sigma Xi , Tau Beta Pi , URSI , ASEE , and AIAA .
Matolak received the B.S. degree from The Pennsylvania State University,"
165,"Matta, Fabio","Associate Professor, Civil and Environmental Engineering",Faculty,"Dr . Matta s team of graduate and undergraduate assistants does experimental and theoretical research on construction materials and their structural performance , ranging from affordable and high quality earth masonry to advanced cement and polymer matrix composites . Emphasis is placed on extreme stressors such as high wind pressures and flying debris impact tornadoes , hurricanes , earthquakes , and radionuclide exposure . Areas of interest include low cost and hazard resistant dwellings civil infrastructure strengthening and repair multi scale and multi functional reinforcement for cement composites load testing , monitoring and assessment of constructed facilities and corrosion in steel and concrete structures . Research sponsors include National Science Foundation , Department of Energy , Federal Highway Administration , National Institute of Standards and Technology , and industry .",,"[""include"",""cement"",""high"",""composites"",""research"",""multi"",""national""]",https://www.sc.edu/study/colleges_schools/engineering_and_computing/faculty-staff/matta_fabio.php,
167,"Matthews, Michael A.",Associate Vice President for Research | Senior Associate Dean for Research and Graduate Programs,Faculty,"Professor Mike Matthews obtained his Ph . D . in 1986 from Texas A M University . He joined the University of South Carolina in 1994 . He teaches and conducts research in the broad field of thermodynamics , with projects related to hydrogen storage in chemical hydrides , biomedical engineering , and green chemistry . He has raised over 10M in research funding and has published approximately 70 journal papers . He has served as department chair , associate dean , and chair of the Industrial and Engineering Chemistry Division of the American Chemical Society ACS . Currently he serves on the Committee on Environmental Improvement of ACS . He is a Fellow both of the American Chemical Society and the American Institute of Chemical Engineers . Two major research thrusts are underway in his group . The first deals with applications of supercritical carbon dioxide for biomedical applications . Funding from the National Institute of Biomedical Imaging and Bioengineering has focused on development of novel technology for sterilization and disinfection of synthetic and natural biomaterials . Funding from the National Institute of Environmental Health Sciences is aimed at abatement of indoor allergenic proteins and other respiratory hazards . Dr . Matthews founded CarboNix LLC with the aid of three SBIR grants from the NIEHS . The second thrust is in utilization of chemical hydrides as a hydrogen storage medium , with application in PEM fuel cells . Funding from NSF and DOE has led to expanded understanding of the role of deliquescence in the reaction between water vapor and sodium borohydride . In addition , improved understanding of the hydration states of the reaction products is important in decreasing the total water utilization in this reaction .",,"[""funding"",""chemical"",""american"",""research"",""institute"",""biomedical""]",https://www.sc.edu/study/colleges_schools/engineering_and_computing/faculty-staff/matthews.php,"He teaches and conducts research in the broad field of thermodynamics , with projects related to hydrogen storage in chemical hydrides , biomedical engineering , and green chemistry .
He has served as department chair , associate dean , and chair of the Industrial and Engineering Chemistry Division of the American Chemical Society ACS .
The second thrust is in utilization of chemical hydrides as a hydrogen storage medium , with application in PEM fuel cells ."
170,"McAnally, A. Steve",Associate Professor,Faculty,"Dr . McAnally s research interests focus on water and wastewater treatment , particularly appropriate technology applications for developing communities . Recent research projects include optimization studies for potable water production using low cost portable water treatment units . Other research areas include water treatment for heavy metals removal and corrosion control , industrial waste minimization , constructed wetland applications for industrial and municipal wastewater treatment and education reform in civil and environmental engineering .","Dr. McAnally's research interests focus on water and wastewater treatment, particularly
                                 appropriate technology applications for developing communities. Recent research projects
                                 include optimization studies for potable water production using low-cost portable
                                 water treatment units. Other research areas include water treatment for heavy metals
                                 removal and corrosion control, industrial waste minimization, constructed wetland
                                 applications for industrial and municipal wastewater treatment and education reform
                                 in civil and environmental engineering.","[""water"",""treatment"",""research""]",https://www.sc.edu/study/colleges_schools/engineering_and_computing/faculty-staff/mcanally_steve.php,"Recent research projects include optimization studies for potable water production using low cost portable water treatment units .
Other research areas include water treatment for heavy metals removal and corrosion control , industrial waste minimization , constructed wetland applications for industrial and municipal wastewater treatment and education reform in civil and environmental engineering .Dr. McAnally's research interests focus on water and wastewater treatment, particularly"
171,"McCants, Dale ","Instructor, Mechanical Engineering",Faculty,"Dr . McCants research interests include nanofluids heat transfer mechanics , electronics thermal management , experimental and computational fluid dynamics with heat transfer .","Dr. McCants research interests include nanofluids heat transfer mechanics, electronics
                                    thermal management, experimental and computational fluid dynamics with heat transfer.","[""transfer"",""heat"",""mccants"",""electronics"",""fluid""]",https://www.sc.edu/study/colleges_schools/engineering_and_computing/faculty-staff/mccants_dale.php,
172,"McCarthy, Cam","Assistant Professor, School of Medicine, Biomedical Engineering",Faculty,"My lab studies novel mechanisms that contribute to vascular deterioration in cardiovascular and metabolic diseases , as well as aging . Current hypotheses include dysregulation in cellular recycling autophagy and energy sensing . Furthermore , we are interested in understanding the mechanisms by which therapeutic interventions such as exercise and caloric restriction reverse vascular dysfunction .",,"[""mechanisms"",""vascular"",""recycling"",""well"",""furthermore""]",https://www.sc.edu/study/colleges_schools/engineering_and_computing/faculty-staff/mccarthy_cam.php,
178,"McNeill, Stephen ","Professor Emeritus, Mechanical Engineering",Faculty,"Dr . McNeill s research and interests include computer vision , digital image correlation , microprocessors , experimental mechanics and reverse engineering .","Dr. McNeill's research and interests include computer vision, digital image correlation,
                                    microprocessors, experimental mechanics and reverse engineering.","[""mcneill"",""image"",""experimental"",""microprocessors"",""include"",""correlation"",""research"",""mechanics""]",https://www.sc.edu/study/colleges_schools/engineering_and_computing/faculty-staff/mcneill_steven.php,
179,"Meadows, Michael ",Associate Professor,Faculty,,,,https://www.sc.edu/study/colleges_schools/engineering_and_computing/faculty-staff/meadows_michael.php,
180,"Meekins, Benjamin H.",Research Assistant Professor,Faculty,"Dr . Meekins has a background in photovoltaics , solar fuel conversion , and catalysis . As a member of the Chemical Engineering department at the University of South Carolina , his research interests include the synthesis of new candidate photovoltaic materials , photocatalytic splitting of water into hydrogen and oxygen , remediation of carbon dioxide to high value products via solar assisted pathways , and single particle reaction kinetics and catalysis to aid fundamental understanding of catalytic processes . Maximilian B . Gorensek , Benjamin Meekins , Hector Colon Mercado , John Weidner . Parametric study of operating conditions of an SO2 depolarized electrolyzer . Int . J . of Hydrogen Energy . 2020 , 45 43 , 22408 22418 . B . H . Meekins , Anthony B . Thompson , Varsha Gopal , Bahareh A Tavakoli Mehrabadi , Mark C Elvington , Prabhu Ganesan , Ty A . Newhouse Illige , Adam W . Sheperd , Lawrence E . Scipioni , James A . Greer , John C Weiss , John W Weidner , Hector ColonMercado . In situ and ex situ comparison of the electrochemical oxidation of SO2 on carbon supported Pt and Au catalysts . Int . J . of Hydrogen Energy . 2020 , 45 3 , 1940 1947 . Kennedy , A . , Meekins , B . Combustion synthesis and photoelectrochemical characterization of gallium zinc oxynitrides . J . Mat . Res . 2018 , 33 23 , 3971 3978 . DOI 10 . 1557 jmr . 2018 . 402",,"[""meekins"",""hydrogen"",""john"",""synthesis""]",https://www.sc.edu/study/colleges_schools/engineering_and_computing/faculty-staff/meekinsben.php,"Meekins has a background in photovoltaics , solar fuel conversion , and catalysis .
As a member of the Chemical Engineering department at the University of South Carolina , his research interests include the synthesis of new candidate photovoltaic materials , photocatalytic splitting of water into hydrogen and oxygen , remediation of carbon dioxide to high value products via solar assisted pathways , and single particle reaction kinetics and catalysis to aid fundamental understanding of catalytic processes .
Gorensek , Benjamin Meekins , Hector Colon Mercado , John Weidner .
, Meekins , B ."
182,"Mobli, Mostafa",Instructor and Lab Director,Faculty,"Interested in numerical solutions to problems involving reactive flows and heat transfer . Focused on developing new numerical methods and applying previously developed methods to analyze a wide range of fluid flow and heat transfer applications . Specially focused on continuous methods to simulate phase change on a micro nano scale used in various cooling industries , and thermal analysis of glow discharge to show importance of an accurate temperature analysis in glow discharge simulations .","Interested in numerical solutions to problems involving reactive flows and heat transfer.
                                 Focused on developing new numerical methods and applying previously developed methods
                                 to analyze a wide range of fluid flow and heat transfer applications. Specially focused
                                 on continuous methods to simulate phase change on a micro/nano scale used in various
                                 cooling industries, and thermal analysis of glow discharge to show importance of an
                                 accurate temperature analysis in glow discharge simulations.","[""heat"",""discharge"",""methods"",""glow"",""numerical"",""transfer"",""focused""]",https://www.sc.edu/study/colleges_schools/engineering_and_computing/faculty-staff/mostafamobli.php,"Specially focused on continuous methods to simulate phase change on a micro nano scale used in various cooling industries , and thermal analysis of glow discharge to show importance of an accurate temperature analysis in glow discharge simulations .Interested in numerical solutions to problems involving reactive flows and heat transfer."
183,"Monnier, John R.","Professor, Chemical Engineering",Faculty,"Swearingen Engineering CenterRoom 3C04301 Main StreetColumbia , SC 29208Ph . D . , University of Wisconsin Milwaukee , 1978M . S . , University of Wisconsin Milwaukee , 1972B . S . , St . Ambrose University , 1970My research group focuses on heterogeneous catalysis , ranging from rational catalyst design and synthesis to characterization and evaluation . Current interests are in the design and synthesis of novel bimetallic catalysts for the selective transformation of hydrocarbons to higher value chemicals and for higher output PEM fuel cells . Bimetallic catalysts afford great opportunities for changing performance , either by changing the catalyst surfaces into ensembles of catalytic sites that permit only selected reaction pathways , modifying the electronic properties of the catalytic surface sites , or by introducing bifunctionality to the active surface by placing different catalytic metals in contiguous proximity . Bimetallic catalyst synthesis is often carried out by either simultaneous co impregnation of both metal salts onto the catalyst support or by successive steps of metal salt addition . For either of these preparative methods , it is virtually impossible to ensure formation of only bimetallic particles rather , formation of separate metallic particles of both metals can and does occur . Thus , it is very difficult to characterize such catalytic systems , and even more difficult to correlate catalyst performance with bimetallic catalyst composition . Our laboratory uses electroless deposition ED , whereby a controlled chemical reaction is used to deposit a metal salt onto a catalytic metal site that has been activated by a reducing agent . The process may be either catalytic deposition of the metal salt metal A from solution onto the pre existing metal metal B on the support or autocatalytic deposition of the metal salt metal A onto the just reduced , deposited metal metal A , depending on the nature of the activated metal site and the reducing agent . In principle , ED should result in the selective deposition of the secondary metal onto a metallic surface with no formation of isolated crystallites of the secondary metal on the catalyst support . Perhaps most importantly , ED is an industrially relevant process that can be applied to a wide range of metals . We have prepared a large number of bimetallic catalysts using electroless deposition . Those supported on carbon , such as Pt Co , Pt Pd , and Pt Rh have been tested as electrocatalysts for PEM fuel cells , while silica supported compositions such as Ag Pt , Au Pd , and Cu Pd have been evaluated for traditional catalytic reactions such as selective epoxidation of olefins , selective oxidation of biomass molecules such as glycerol , and selective hydrogenation of multi functional olefins . Reactions are conducted in either automated , single pass plug flow reactors six in all or two high pressure batch or stirred tank reactors . Our research projects are currently funded by NSF , DOE , and several industrial companies .",,"[""metal"",""catalyst"",""deposition"",""catalytic"",""either""]",https://www.sc.edu/study/colleges_schools/engineering_and_computing/faculty-staff/monnierjohn.php,"Ambrose University , 1970My research group focuses on heterogeneous catalysis , ranging from rational catalyst design and synthesis to characterization and evaluation .
Current interests are in the design and synthesis of novel bimetallic catalysts for the selective transformation of hydrocarbons to higher value chemicals and for higher output PEM fuel cells .
Our laboratory uses electroless deposition ED , whereby a controlled chemical reaction is used to deposit a metal salt onto a catalytic metal site that has been activated by a reducing agent ."
185,"Morehouse, Jeff ",Associate Professor Emeritus,Faculty,"Dr . Morehouse and his students have investigated a broad range of thermodynamic heat engine applications , ranging from space based fuel cell power systems to ground coupled heat pumps to phase change storage systems . Dr . Morehouse has long been associated with solar energy system design and analysis and is currently involved in a conventional HVAC control project and with evaporative system applications in humid climates .","Dr. Morehouse and his students have investigated a broad range of thermodynamic heat
                                    engine applications, ranging from space-based fuel cell power systems to ground-coupled
                                    heat pumps to phase change storage systems. Dr. Morehouse has long been associated
                                    with solar energy system design and analysis and is currently involved in a conventional
                                    HVAC control project and with evaporative system applications in humid climates.","[""applications"",""heat"",""morehouse"",""systems"",""system""]",https://www.sc.edu/study/colleges_schools/engineering_and_computing/faculty-staff/morehouse_jeff.php,Morehouse has long been associated with solar energy system design and analysis and is currently involved in a conventional HVAC control project and with evaporative system applications in humid climates .Dr. Morehouse and his students have investigated a broad range of thermodynamic heat
186,"Moss, Melissa Ann",Department Chair of Chemical Engineering,Faculty,"Swearingen Engineering Center301 Main StreetRoom 2C13Columbia , SC 29208Professor Moss s research focuses on the involvement of protein aggregation in Alzheimer s disease . One hallmark of Alzheimer s disease is the senile plaques that accumulate in the brain where they are associated with neuronal loss and in the cerebrovasculature where they may perpetuate stoke . These plaques are composed primarily of the amyloid protein A . A aggregates into fibrils that deposit to yield plaques . Consequently , inhibition of A aggregation has emerged as one therapeutic approach for Alzheimer s disease . The focus of our research is to understand this aggregation process and to identify and characterize inhibitors that attenuate A aggregation . We utilize a myriad of biophysical techniques including chromatography , fluorescence spectroscopy , static and dynamic light scattering , Western blotting , dot blotting , electron microscopy , and atomic force microscopy . Furthermore , we seek to determine how various A aggregation products affect both neuronal and vascular cells . In particular , we are interested in Ab stimulation of neuronal apoptosis and endothelial inflammatory responses , including NF kB activation . Correlating changes in Ab aggregation with cellular effects will assist research efforts to design effective therapeutic agents for Alzheimer s disease therapy .",,"[""aggregation"",""disease"",""alzheimer"",""research"",""plaques""]",https://www.sc.edu/study/colleges_schools/engineering_and_computing/faculty-staff/moss.php,"Swearingen Engineering Center301 Main StreetRoom 2C13Columbia , SC 29208Professor Moss s research focuses on the involvement of protein aggregation in Alzheimer s disease .
One hallmark of Alzheimer s disease is the senile plaques that accumulate in the brain where they are associated with neuronal loss and in the cerebrovasculature where they may perpetuate stoke ."
188,"Mulchahey, Kenneth",Adjunct Professor,Faculty,,,,https://www.sc.edu/study/colleges_schools/engineering_and_computing/faculty-staff/mulchahey.php,
189,"Mullen, Robert L",Professor,Faculty,"Room C118300 Main St . Columbia , SC 29208MW 9 30 10 30 a . m .",,"[""main"",""columbia"",""room""]",https://www.sc.edu/study/colleges_schools/engineering_and_computing/faculty-staff/mullen.php,
190,"Mustain, William E",Associate Dean for Research,Faculty,"Ph . D . Illinois Institute of Technology , 2006The overarching theme for all of the projects in the Mustain Laboratory for Electrocatalysts and Fuels m leaf is the design , characterization and implementation of electroactive materials in electrochemical systems . We use a wide variety of electrochemical and physical characterization techniques to explore chemistry property and structure property relationships , which allow us to propose next generation materials with a high level of success . In addition , these relationships help to advance the fundamental understanding of electrochemical processes and we use that knowledge to develop critical components of the 21st century energy portfolio including batteries , fuel cells , electrolyzers , reactors for electrochemical synthesis , and systems for CO2 spearation and utilization .",,"[""electrochemical"",""property"",""use"",""materials"",""systems"",""characterization"",""relationships""]",https://www.sc.edu/study/colleges_schools/engineering_and_computing/faculty-staff/mustainwilliam.php,
192,"Narayanan, Vignesh","Assistant Professor, Computer Science and Engineering",Faculty,"Science Technology Building , Room 514AI Institute at University of South Carolina AIISC 1112 Greene Street Columbia SC 29208",,"[""room"",""science"",""university"",""south"",""building"",""institute"",""aiisc""]",https://www.sc.edu/study/colleges_schools/engineering_and_computing/faculty-staff/narayanan_vignesh.php,"Science Technology Building , Room 514AI Institute at University of South Carolina AIISC 1112 Greene Street Columbia SC 29208"
193,"Nasiri, Adel","Distinguished Professor, Electrical Engineering",Faculty,"Prof . Nasiri joined University of South Carolina USC in August 2021 after a 16 year career at the University of Wisconsin Milwaukee UWM . AT UWM , he served in various positions including Associate Dean for Research , Richard Grigg , Jr . Professor and Director of Center for Sustainable Electrical Energy Systems in the College of Engineering and Applied Sciences at the University of Wisconsin Milwaukee , site director for the NSF center on Grid connected Advanced Power Electronic Systems GRAPES , Interim Executive Director of Connected Systems Institute . Prior to UWM , he worked for ForHealth Technologies , Inc . and Moshanir Power Engineering Company . He has served as a primary investigator on many federal and industry sponsored projects . His research interests are high power voltage energy conversion , energy storage , and microgrids . Dr . Nasiri has published numerous technical journal and conference papers on related topics . He also holds seven patents and has co authored two books . Dr . Nasiri is currently the chair of IEEE Industry Applications Society IAS Committee on renewable and sustainable energy conversion and Vice Chair TC5 sustainable energy systems at IEEE Power Electronics Society PELS . He is also an Editor of Power Components and Systems , and Associate Editor of the International Journal of Power Electronics and was an Editor of IEEE Transactions on Smart Grid 2013 2019 and paper review chair for IAS 2018 2019 . He was the general Chair of 2012 IEEE Symposium on Sensorless Electric Drives , 2014 International Conference on Renewable Energy Research and Applications ICRERA 2014 , and 2014 IEEE Power Electronics and Machines for Wind and Water Applications PEMWA 2014 . Power electronics Distributed generations Microgrids Grid interface Resilient energy systems Energy efficiency Energy water nexus Energy storage systems Interface and controls Data intensive energy systems Smart and connected energy systems .","Prof. Nasiri joined University of South Carolina (USC) in August 2021 after a 16-year
                                 career at the University of Wisconsin-Milwaukee (UWM). AT UWM, he served in various
                                 positions including Associate Dean for Research, Richard Grigg, Jr. Professor and
                                 Director of Center for Sustainable Electrical Energy Systems in the College of Engineering
                                 and Applied Sciences at the University of Wisconsin–Milwaukee, site director for the
                                 NSF center on Grid-connected Advanced Power Electronic Systems (GRAPES), Interim Executive
                                 Director of Connected Systems Institute. Prior to UWM, he worked for ForHealth Technologies,
                                 Inc. and Moshanir Power Engineering Company. He has served as a primary investigator
                                 on many federal and industry sponsored projects. His research interests are high power/voltage
                                 energy conversion, energy storage, and microgrids. Dr. Nasiri has published numerous
                                 technical journal and conference papers on related topics. He also holds seven patents
                                 and has co-authored two books. Dr. Nasiri is currently the chair of IEEE Industry Applications Society (IAS) Committee
                                 on renewable and sustainable energy conversion and Vice Chair TC5 (sustainable energy
                                 systems) at IEEE Power Electronics Society (PELS). He is also an Editor of Power Components
                                 and Systems, and Associate Editor of the International Journal of Power Electronics
                                 and was an Editor of IEEE Transactions on Smart Grid (2013-2019) and paper review
                                 chair for IAS (2018-2019). He was the general Chair of 2012 IEEE Symposium on Sensorless
                                 Electric Drives, 2014 International Conference on Renewable Energy Research and Applications
                                 (ICRERA 2014), and 2014 IEEE Power Electronics and Machines for Wind and Water Applications
                                 (PEMWA 2014).","[""energy"",""power"",""systems""]",https://www.sc.edu/study/colleges_schools/engineering_and_computing/faculty-staff/nasiri_adel.php,"Professor and Director of Center for Sustainable Electrical Energy Systems in the College of Engineering and Applied Sciences at the University of Wisconsin Milwaukee , site director for the NSF center on Grid connected Advanced Power Electronic Systems GRAPES , Interim Executive Director of Connected Systems Institute .
He also holds seven patents and has co authored two books .
Nasiri is currently the chair of IEEE Industry Applications Society IAS Committee on renewable and sustainable energy conversion and Vice Chair TC5 sustainable energy systems at IEEE Power Electronics Society PELS .
He is also an Editor of Power Components and Systems , and Associate Editor of the International Journal of Power Electronics and was an Editor of IEEE Transactions on Smart Grid 2013 2019 and paper review chair for IAS 2018 2019 .
He was the general Chair of 2012 IEEE Symposium on Sensorless Electric Drives , 2014 International Conference on Renewable Energy Research and Applications ICRERA 2014 , and 2014 IEEE Power Electronics and Machines for Wind and Water Applications PEMWA 2014 .
Power electronics Distributed generations Microgrids Grid interface Resilient energy systems Energy efficiency Energy water nexus Energy storage systems Interface and controls Data intensive energy systems Smart and connected energy systems .Prof.
Dr. Nasiri is currently the chair of IEEE Industry Applications Society (IAS) Committee
and Systems, and Associate Editor of the International Journal of Power Electronics"
194,"Nelakuditi, Srihari","Professor, Computer Science & Engineering",Faculty,"Professor Nelakuditi s research interests are in the areas of mobile computing , wireless networking , and Internet routing .","
Ph. D., University of Minnesota, Minneapolis (2001)
M. Tech., Indian Institute of Technology, Madras (1991)
B. E., Andhra University, Visakhapatnam (1989)
","[""university"",""indian"",""routing"",""wireless"",""internet"",""research"",""computing""]",https://www.sc.edu/study/colleges_schools/engineering_and_computing/faculty-staff/sriharinelakuditi.php,
195,"Nezhad, Cyrus Riahi",Senior Instructor,Faculty,"300 Main Street Room A214Columbia , SC , 29208Dr . Riahi Nezhad s broad areas of specialization are based on innovative combinations of fluid mechanics , separation science , and heterogeneous catalysis . These include 1 Separations enhanced by electric fields including electro mixing , drop electro coalescence with applications in biofuel production , radioactive waste treatment , and tannery waste water treatment , 2 High liquid flow in packed towers for optimal gas liquid phase interaction , 3 Synthesis and characterization of mesoporous heterogeneous catalysts for oxidative destruction of volatile organic compounds with applications in automotive exhaust emission control , 4 Application of nano catalysts for hydrogen production using water gas shift reaction , 5 Gas engine driven air conditioning GEDAC for heating and cooling , 6 Hydraulic and fluid mechanics utilizing experimental and numerical analyses with applications that include flow through a breached levee and during levee closure .","Dr. Riahi-Nezhad’s broad areas of specialization are based on innovative combinations
                                 of fluid mechanics, separation science, and heterogeneous catalysis.  These include:
                                 1) Separations enhanced by electric fields including electro-mixing, drop electro
                                 coalescence with applications in biofuel production, radioactive waste treatment,
                                 and tannery waste water treatment, 2) High liquid flow in packed towers for optimal
                                 gas-liquid phase interaction, 3) Synthesis and characterization of mesoporous heterogeneous
                                 catalysts for oxidative destruction of volatile organic compounds with applications
                                 in automotive exhaust emission control, 4)  Application of nano-catalysts for hydrogen
                                 production using water-gas shift reaction, 5) Gas-engine driven air conditioning (GEDAC)
                                 for heating and cooling, 6)  Hydraulic and fluid mechanics utilizing experimental
                                 and numerical analyses with applications that include flow through a breached levee
                                 and during levee closure.","[""applications"",""mechanics"",""heterogeneous"",""fluid"",""treatment"",""levee"",""production""]",https://www.sc.edu/study/colleges_schools/engineering_and_computing/faculty-staff/nezhad.php,"These include 1 Separations enhanced by electric fields including electro mixing , drop electro coalescence with applications in biofuel production , radioactive waste treatment , and tannery waste water treatment , 2 High liquid flow in packed towers for optimal gas liquid phase interaction , 3 Synthesis and characterization of mesoporous heterogeneous catalysts for oxidative destruction of volatile organic compounds with applications in automotive exhaust emission control , 4 Application of nano catalysts for hydrogen production using water gas shift reaction , 5 Gas engine driven air conditioning GEDAC for heating and cooling , 6 Hydraulic and fluid mechanics utilizing experimental and numerical analyses with applications that include flow through a breached levee and during levee closure .Dr. Riahi-Nezhad’s broad areas of specialization are based on innovative combinations
1) Separations enhanced by electric fields including electro-mixing, drop electro
and numerical analyses with applications that include flow through a breached levee"
197,"Nicholson, Marjorie",Instructor,Faculty,,,,https://www.sc.edu/study/colleges_schools/engineering_and_computing/faculty-staff/nicholsonmarjorie.php,
199,"O'Reilly, Christian","Assistant Professor, Computer Science and Engineering",Faculty,"Storey Innovation CenterChristian O Reilly received his B . Ing electrical eng . 2007 , his M . Sc . A . biomedical eng . 2011 , and his Ph . D . biomedical eng . 2012 from the cole Polytechnique de Montr al where he worked under the mentoring of Pr . R . Plamondon to apply pattern recognition and machine learning to predict brain stroke risks . He was later a postdoctoral fellow in Pr . T . Nielsen s laboratory at the Center for Advanced Research in Sleep Medicine of the H pital du Sacr Coeur Universit de Montr al 2012 2014 and then a NSERC postdoctoral fellow at McGill s Brain Imaging Center 2014 2015 where he worked in Pr . Baillet s laboratory on characterizing EEG sleep transients , their sources , and their functional connectivity . During this period , he also was a visiting scholar in Pr . K . Friston s laboratory at the University College of London in order to study effective connectivity during sleep transients using the Dynamic Causal Modelling approach . He later took on a six month fellowship with the Pr . M . Elsabbagh on functional connectivity in autism after which he moved to Switzerland to work for the internationally renown Blue Brain project Pr . S . Hill EPFL 2015 2018 where he led the project on large scale biophysically detailed modelling of the thalamocortical loop . In 2020 , he resumed his collaboration with the Dr . Elsabbagh as a research associate at the Azrieli Centre for Autism Research McGill where he studied brain connectivity in autism and related neurodevelopmental disorders . Since 2021 , Christian joined the Department of Computer Science and Engineering , the Artificial Intelligence Institute AIISC , and the Carolina Autism and Neurodevelopmental CAN Research Center at the University of South Carolina as an assistant professor in neuroscience and artificial intelligence . Christian s main interests are related to better understanding the brain across spatial and temporal scales in order to address complex neurodevelopmental issues such as autism and other neurodevelopmental disorders . The methods he uses include analytical techniques e . g . , EEG source reconstruction , functional connectivity and modeling e . g . , point neurons , morphologically detailed neurons , neural masses , as well as the combination of these two approaches through Bayesian model driven analyses . He is further interested in novel ways to empower the study of neuroscience through AI and to empower AI through biologically inspired neural networks . His full and up to date publication list can be found on his Google Scholar profile .","Christian O’Reilly received his B.Ing(electrical eng.; 2007), his M.Sc.A. (biomedical eng.; 2011), and his Ph.D. (biomedical eng.; 2012) from the École
                                    Polytechnique de Montréal where he worked under the mentoring of Pr. R. Plamondon
                                    to apply pattern recognition and machine learning to predict brain stroke risks. He
                                    was later a postdoctoral fellow in Pr. T. Nielsen’s laboratory at the Center for Advanced
                                    Research in Sleep Medicine of the Hôpital du Sacré-Coeur/Université de Montréal (2012-2014)
                                    and then a NSERC postdoctoral fellow at McGill's Brain Imaging Center (2014-2015)
                                    where he worked in Pr. Baillet’s laboratory on characterizing EEG sleep transients,
                                    their sources, and their functional connectivity. During this period, he also was
                                    a visiting scholar in Pr. K. Friston's laboratory at the University College of London
                                    in order to study effective connectivity during sleep transients using the Dynamic
                                    Causal Modelling approach. He later took on a six-month fellowship with the Pr. M.
                                    Elsabbagh on functional connectivity in autism after which he moved to Switzerland
                                    to work for the internationally renown Blue Brain project (Pr. S. Hill; EPFL; 2015-2018)
                                    where he led the project on large-scale biophysically-detailed modelling of the thalamocortical
                                    loop. In 2020, he resumed his collaboration with the Dr. Elsabbagh as a research associate
                                    at the Azrieli Centre for Autism Research (McGill) where he studied brain connectivity
                                    in autism and related neurodevelopmental disorders. Since 2021, Christian joined the
                                    Department of Computer Science and Engineering, the Artificial Intelligence Institute
                                    (AIISC), and the Carolina Autism and Neurodevelopmental (CAN) Research Center at the
                                    University of South Carolina as an assistant professor in neuroscience and artificial
                                    intelligence.","[""autism"",""brain"",""connectivity"",""research""]",https://www.sc.edu/study/colleges_schools/engineering_and_computing/faculty-staff/oreilly_christian.php,"Nielsen s laboratory at the Center for Advanced Research in Sleep Medicine of the H pital du Sacr Coeur Universit de Montr al 2012 2014 and then a NSERC postdoctoral fellow at McGill s Brain Imaging Center 2014 2015 where he worked in Pr .
Baillet s laboratory on characterizing EEG sleep transients , their sources , and their functional connectivity .
Friston s laboratory at the University College of London in order to study effective connectivity during sleep transients using the Dynamic Causal Modelling approach .
Elsabbagh on functional connectivity in autism after which he moved to Switzerland to work for the internationally renown Blue Brain project Pr .
Hill EPFL 2015 2018 where he led the project on large scale biophysically detailed modelling of the thalamocortical loop .
Elsabbagh as a research associate at the Azrieli Centre for Autism Research McGill where he studied brain connectivity in autism and related neurodevelopmental disorders .
Since 2021 , Christian joined the Department of Computer Science and Engineering , the Artificial Intelligence Institute AIISC , and the Carolina Autism and Neurodevelopmental CAN Research Center at the University of South Carolina as an assistant professor in neuroscience and artificial intelligence .
Christian s main interests are related to better understanding the brain across spatial and temporal scales in order to address complex neurodevelopmental issues such as autism and other neurodevelopmental disorders .
His full and up to date publication list can be found on his Google Scholar profile .Christian O’Reilly received his B.Ing(electrical eng.; 2007), his M.Sc.A.
at the Azrieli Centre for Autism Research (McGill) where he studied brain connectivity"
200,"O'Reilly, James","Instructor, Computer Science and Engineering",Faculty,James O Reilly teaches various undergraduate courses .,,"[""reilly"",""teaches"",""courses"",""various"",""undergraduate"",""james""]",https://www.sc.edu/study/colleges_schools/engineering_and_computing/faculty-staff/jamesoreilly.php,James O Reilly teaches various undergraduate courses .
201,"Ortiz-Hernandez, Ivelisse","Instructor, Chemical Engineering College of Engineering and Computing",Faculty,"Ph . D . , University of South Carolina , 2006B . Ch . E . , University of Puerto Rico , 2000Dr . Ortiz Hernandez background involves the study of heterogeneous catalytic systems under reaction conditions . Her research interest involves the development and characterization of new catalytic materials with applications in environmental and alternate energy systems . She is also interested in the use of analytical instrumentation techniques for the characterization of materials and the study of chemical reactions . Her experience involves the teaching and developing of new curriculums in the area of chemical engineering and chemical technology .",,"[""chemical"",""involves"",""study"",""catalytic"",""characterization""]",https://www.sc.edu/study/colleges_schools/engineering_and_computing/faculty-staff/hernandez.php,Her research interest involves the development and characterization of new catalytic materials with applications in environmental and alternate energy systems .
204,"Patel, Chandrashekhar","Research Associate Professor, Biomedical Engineering",Faculty,Dr . Patel s research interests include molecular regulation of vascular endothelial and smooth muscle cells .,,"[""muscle"",""interests"",""include"",""endothelial"",""vascular"",""research"",""smooth"",""regulation""]",https://www.sc.edu/study/colleges_schools/engineering_and_computing/faculty-staff/patel.php,Dr . Patel s research interests include molecular regulation of vascular endothelial and smooth muscle cells .
206,"Paul, Titan C.","Instructor, Department of Mechanical Engineering",Faculty,"Dr . Paul s research interest includes Energy storage liquid for solar technologies , Heat transfer with phase change , Numerical methods in conjugate heat and mass transfer problem , Thermal management of microelectronics , and Heat transfer and moisture migration problems in building environment . 1 . Paul , T . C . , Tikadar , A . , Mahamud , R . , Salman , A . S . , Morshed , AKM . M . , Khan , J . A . A Critical Review on the Development of Ionic Liquids Based Nanofluids as Heat Transfer Fluids for Solar Thermal Energy Processes 2021 , 9 , 858 . https doi . org 10 . 3390 pr9050858 . 2 . Main , K . L . , Eberl , B . K . , McDaniel , D . , Tikadar , A . , Paul , T . C . , Khan , J . K . Nanoparticles size effect on thermophysical properties of ionic liquids based nanofluids Journal of Molecular Liquids 343 2021 117609 . 3 . Howe , M . L . , Paul , T . C . , Khan , J . A . Radiative properties of Al2O3 nanoparticles enhanced ionic liquids NEILs for direct absorption solar collectors Solar Energy Materials Solar Cells 232 2021 1113274 . Shahadat , M . B . , Roni , R . H . , Masnoon , A . S . , Shamim , S . A . , Morshed , AKM . M . , Paul , T . C . A Molecular Dynamics Study of Enhancement of Heat Transfer during Phase Change from a Nano Engineered Solid Surface Processes 2021 , 9 , 715 . https doi . org 10 . 3390 pr90407155 . Mahmud , R . , Morshed , AKM . M . Paul , T . C . Enhanced Specific Heat Capacity of Liquid Entrapped between Two Solid Walls Separated by a Nanogap Processes 2020 , 8 , 459 doi 10 . 3390 pr8040459 . 6 . Tikadar , A . , Paul , T . C . , Oudah , S . K . , Salman , A . S . , Khan , J . A . Enhancing thermal hydraulic performance of counter flow mini channel heat sinks using transverse inter connectors numerical study with experimental validation International Communications in Heat and Mass Transfer 111 2020 104447 . 7 . McCants , D . A . , Hayes , A . , Paul , T . C . , M . , Shaaban , A . , Khan , J . A . Experimental and numerical evaluation of heat transfer enhancement potential of Copper II and Zinc oxide nanofluids flowing over a heated plate ASME Journal of Thermal Science and Engineering Applications 11 4 , 041015 Jul 15 , 2019 . 8 . Tikadar , A . , Oudah , S . K . , Paul , T . C . , Salman , A . S . , Morshed , AKM . M . , Khan , J . A . Parametric study on thermal and hydraulic characteristics of inter connected parallel and counter flow mini channel heat sink Applied Thermal Engineering 153 2019 15 28 . 9 . Mahmud , R . , Morshed , AKM . M . Paul , T . C . , Rahman , S . Atomistic simulation of size dependent heat capacity of liquid in molecular scale confinement at different temperatures Micro Nano Letters 2019 , DOI 10 . 1049 mnl . 2018 . 5288 . 10 . Paul , T . C . , Mahmud , R . , Khan , J . A . Multiphase modeling approach for Ionic Liquids ILs based nanofluids Improving the performance of heat transfer fluids HTFs Applied Thermal Engineering 149 2019 165 172 . 11 . Salman , A . S . , Abdulrazzaq , N . M . , Oudah , S . K . Tikadar , A . , Anumbe , N . , Paul , T . C . , Khan , J . A . Experimental Investigation of the Impact of Geometrical Surface Modification on Spray Cooling Heat Transfer Performance in the Non Boiling Regime International Journal of Heat and Mass Transfer 133 2019 330 340 . 12 . Tikadar , A . , Najeeb , U . , Paul , T . C . , Oudah , S . K . , Salman A . S . Abir , A . M . , Carrilho , L . A . , Khan , J . A . Numerical Investigation of Heat Transfer and Pressure Drop in Nuclear Fuel Rod with Three Dimensional Surface Roughness International Journal of Heat and Mass Transfer 126 2018 493 507 . 13 . Paul , T . C . , Morshed , AKM . M . , Fox , E . B . , Khan , J . A . Enhanced thermophysical properties of NEILs as heat transfer fluids for solar thermal applications Applied Thermal Engineering 110 2017 1 9 . 14 . Paul , T . C . , Morshed , AKM . M . , Fox , E . B . , Khan , J . A . Thermal Performance of Al2O3 Nanoparticle Enhanced Ionic Liquids NEILs for Concentrated Solar Power CSP Applications International Journal of Heat and Mass Transfer 85 2015 585 594 . 15 . Paul , T . C . , Morshed , AKM . M . , Fox , E . B . , Khan , J . A . Experimental Investigation of Natural Convection Heat Transfer of Al2O3 Nanoparticle Enhanced Ionic Liquids NEILs International Journal of Heat and Mass Transfer 83 2015 753 761 . 16 . Paul , T . C . , Morshed , AKM . M . , Khan , J . A . Effect of Nanoparticle Dispersion on Thermophysical Properties of Ionic Liquids for its Potential Application in Solar Collector Procedia Engineering 90 2014 643 648 . 17 . Paul , T . C . , Morshed , AKM . M . , Fox , E . B . , Visser , A . E . , Bridges , N . J . , Khan , J . A . Thermal Performance of Ionic Liquid for Solar Thermal Applications Experimental Thermal and Fluid Science 59 2014 88 95 . 18 . Paul , T . C . , Morshed , AKM . M . , Fox , E . B . , Visser , A . E . , Bridges , N . J . , Khan , J . A . Buoyancy Driven Heat Transfer Behavior of C4mim NTf2 Ionic Liquid An Experimental Study Applied Thermal Engineering 66 2014 534 540 . 19 . Paul , T . C . , Morshed , AKM . M . , Khan , J . A . Nanoparticle Enhanced Ionic Liquids NEILs as Working Fluid for the Next Generation Solar Collector Procedia Engineering 56 2013 631 636 . 20 . Morshed , AKM . M . , Paul , T . C . , Khan , J . A . Effect of Al2O3 Nanoparticle Deposition on Flow Boiling Performance of Water in a Microchannel Experimental Thermal and Fluid Science 47 2013 6 13 . 21 . Morshed , AKM . M . , Paul , T . C . , Khan , J . A . Atomistic Simulation of Temperature Dependent Thermal Transport across Nanoconfined Liquid , Physica E Low dimensional Systems and Nanostructures 47 2013 246 251 . 22 . Morshed , AKM . M . , Paul , T . C . , Khan , J . A . Effect of Cu Al2O3 Nanocomposite Coating on Flow Boiling Performance of a Microchannel Applied Thermal Engineering 51 2013 1135 1143 . 23 . Morshed , AKM . M . , Paul , T . C . , Khan , J . A . Effect of Nanostructures on Evaporation and Explosive Boiling of Thin Liquid Films A Molecular Dynamics Study Applied Physics A Materials Science and Processing 105 2011 2 445 451 . 24 . Sree , D . , Paul , T . , Aglan , H . Temperature and Power Consumption Measurements as a Means for Evaluating Building Thermal Performance . Applied Energy 87 2010 2014 2022 . 25 . Paul , T . , Sree , D . , Aglan , H . Effect of Mechanically Induced Ventilation on the Indoor Air Quality of Building Envelopes Energy and Buildings 42 2010 326 332 .","Dr. Paul’s research interest includes Energy storage liquid for solar technologies,
                                 Heat transfer with phase change, Numerical methods in conjugate heat and mass transfer
                                 problem, Thermal management of microelectronics, and Heat transfer and moisture migration
                                 problems in building environment.","[""paul"",""heat"",""transfer"",""khan""]",https://www.sc.edu/study/colleges_schools/engineering_and_computing/faculty-staff/paul_titan.php,"Paul s research interest includes Energy storage liquid for solar technologies , Heat transfer with phase change , Numerical methods in conjugate heat and mass transfer problem , Thermal management of microelectronics , and Heat transfer and moisture migration problems in building environment .
A Critical Review on the Development of Ionic Liquids Based Nanofluids as Heat Transfer Fluids for Solar Thermal Energy Processes 2021 , 9 , 858 .
Nanoparticles size effect on thermophysical properties of ionic liquids based nanofluids Journal of Molecular Liquids 343 2021 117609 .
Radiative properties of Al2O3 nanoparticles enhanced ionic liquids NEILs for direct absorption solar collectors Solar Energy Materials Solar Cells 232 2021 1113274 .
A Molecular Dynamics Study of Enhancement of Heat Transfer during Phase Change from a Nano Engineered Solid Surface Processes 2021 , 9 , 715 .
Enhanced Specific Heat Capacity of Liquid Entrapped between Two Solid Walls Separated by a Nanogap Processes 2020 , 8 , 459 doi 10 .
Enhancing thermal hydraulic performance of counter flow mini channel heat sinks using transverse inter connectors numerical study with experimental validation International Communications in Heat and Mass Transfer 111 2020 104447 .
Experimental and numerical evaluation of heat transfer enhancement potential of Copper II and Zinc oxide nanofluids flowing over a heated plate ASME Journal of Thermal Science and Engineering Applications 11 4 , 041015 Jul 15 , 2019 .
Parametric study on thermal and hydraulic characteristics of inter connected parallel and counter flow mini channel heat sink Applied Thermal Engineering 153 2019 15 28 .
Atomistic simulation of size dependent heat capacity of liquid in molecular scale confinement at different temperatures Micro Nano Letters 2019 , DOI 10 .
Multiphase modeling approach for Ionic Liquids ILs based nanofluids Improving the performance of heat transfer fluids HTFs Applied Thermal Engineering 149 2019 165 172 .
Experimental Investigation of the Impact of Geometrical Surface Modification on Spray Cooling Heat Transfer Performance in the Non Boiling Regime International Journal of Heat and Mass Transfer 133 2019 330 340 .
Numerical Investigation of Heat Transfer and Pressure Drop in Nuclear Fuel Rod with Three Dimensional Surface Roughness International Journal of Heat and Mass Transfer 126 2018 493 507 .
Enhanced thermophysical properties of NEILs as heat transfer fluids for solar thermal applications Applied Thermal Engineering 110 2017 1 9 .
Thermal Performance of Al2O3 Nanoparticle Enhanced Ionic Liquids NEILs for Concentrated Solar Power CSP Applications International Journal of Heat and Mass Transfer 85 2015 585 594 .
Experimental Investigation of Natural Convection Heat Transfer of Al2O3 Nanoparticle Enhanced Ionic Liquids NEILs International Journal of Heat and Mass Transfer 83 2015 753 761 .
Effect of Nanoparticle Dispersion on Thermophysical Properties of Ionic Liquids for its Potential Application in Solar Collector Procedia Engineering 90 2014 643 648 .
Thermal Performance of Ionic Liquid for Solar Thermal Applications Experimental Thermal and Fluid Science 59 2014 88 95 .
Buoyancy Driven Heat Transfer Behavior of C4mim NTf2 Ionic Liquid An Experimental Study Applied Thermal Engineering 66 2014 534 540 .
Nanoparticle Enhanced Ionic Liquids NEILs as Working Fluid for the Next Generation Solar Collector Procedia Engineering 56 2013 631 636 .
Effect of Al2O3 Nanoparticle Deposition on Flow Boiling Performance of Water in a Microchannel Experimental Thermal and Fluid Science 47 2013 6 13 .
Atomistic Simulation of Temperature Dependent Thermal Transport across Nanoconfined Liquid , Physica E Low dimensional Systems and Nanostructures 47 2013 246 251 .
Effect of Cu Al2O3 Nanocomposite Coating on Flow Boiling Performance of a Microchannel Applied Thermal Engineering 51 2013 1135 1143 .
Effect of Nanostructures on Evaporation and Explosive Boiling of Thin Liquid Films A Molecular Dynamics Study Applied Physics A Materials Science and Processing 105 2011 2 445 451 .
Temperature and Power Consumption Measurements as a Means for Evaluating Building Thermal Performance .
Applied Energy 87 2010 2014 2022 .
Effect of Mechanically Induced Ventilation on the Indoor Air Quality of Building Envelopes Energy and Buildings 42 2010 326 332 .Dr. Paul’s research interest includes Energy storage liquid for solar technologies,
Heat transfer with phase change, Numerical methods in conjugate heat and mass transfer
problem, Thermal management of microelectronics, and Heat transfer and moisture migration"
208,"Peng, Zhenmeng","Professor, Chemical Engineering",Faculty,"Our research is driven by the attempts to understand reactions at the molecular level , and to discover advanced catalyst materials based on multidisciplinary knowledge in Heterogeneous Catalysis , Materials Science , Electrochemistry , and Physical Chemistry . The research efforts cover rational search of new catalytic structures of interest , development of synthesis strategies to realize the desired structures , evaluation of the catalytic properties , and in depth study of the reaction mechanisms . Our current research interests include electrochemical hydrogen generation storage utilization , new approaches for electrical energy storage , C1 chemicals conversion , electrochemical engineering for desalination and separation applications .","
Professor, University of South Carolina, 01/2023-present
Assistant/Associate/Full Professor, University of Akron, 08/2012-12/2022
Postdoc, University of California, Berkeley, 04/2010-07/2012
","[""research"",""professor"",""new"",""university"",""electrochemical""]",https://www.sc.edu/study/colleges_schools/engineering_and_computing/faculty-staff/zhenmeng_peng.php,"The research efforts cover rational search of new catalytic structures of interest , development of synthesis strategies to realize the desired structures , evaluation of the catalytic properties , and in depth study of the reaction mechanisms ."
210,"Peters, Wally ","Distinguished Professor Emeritus, Mechanical Engineering",Faculty,Dr . Peters research and interests include Complex Systems Study and Design .,Dr. Peters' research and interests include Complex Systems Study and Design.,"[""peters"",""design"",""interests"",""complex"",""include"",""research"",""systems""]",https://www.sc.edu/study/colleges_schools/engineering_and_computing/faculty-staff/peters_wally.php,Dr . Peters research and interests include Complex Systems Study and Design .Dr. Peters' research and interests include Complex Systems Study and Design.
211,"Pierce, Charles",Associate Professor,Faculty,,,,https://www.sc.edu/study/colleges_schools/engineering_and_computing/faculty-staff/pierce_charles.php,
213,"Plante, Portia","Instructor, Computer Science and Engineering",Faculty,Portia Plante teaches various undergraduate courses .,,"[""courses"",""various"",""portia"",""teaches"",""plante"",""undergraduate""]",https://www.sc.edu/study/colleges_schools/engineering_and_computing/faculty-staff/portiaplante.php,Portia Plante teaches various undergraduate courses .
214,"Popov, Branko N.","Carolina Distinguished Professor, Chemical Engineering",Faculty,"Swearingen Engineering CenterRoom 2C19301 Main StreetColumbia , SC 29208CV of Dr . PopovPopov s Readership WorldwidePh . D . , University of Zagreb , Croatia , 1972M . S . , University of Illinois , 1969B . S . , University Kiril and Metodij , Skopje , Macedonia , 1965",,"[""university"",""kiril"",""readership"",""swearingen"",""popovpopov"",""main""]",https://www.sc.edu/study/colleges_schools/engineering_and_computing/faculty-staff/popovbranko.php,", University of Zagreb , Croatia , 1972M ."
215,"Potts, Jay","Professor, School of Medicine, Biomedical Engineering",Faculty,"School of Medicine Bldg 1 Room C 50 6439 Garners Ferry Road Columbia , SC 29209The prevalence of congenital cardiac malformations places an extreme sociological and personal burden . There are a myriad of congenital cardiac defects but the majority involve a region known as the atrioventricular canal AV . The AV canal is responsible for the production of the AV valves and membranous portion of the interventricular septum . This is accomplished through a process known as epithelial mesenchymal cell transformation . Understanding how the early heart and in particular the AV canal is formed is critical to building the foundation for future therapeutic measures . Norris , RA , Potts , JD , Yost , MJ , Junor , L , Brooks , T , Tan , H , Hoffman , S , Hart , MM , Damon , B , Markwald , RR , Goodwin , RL . 2009 . Periostin promotes a fibroblastic lineage pathway in atrioventricular valve progenitor cells . Dev . Dyn . 238 1052 1063 .",,"[""canal"",""atrioventricular"",""cardiac"",""congenital"",""known""]",https://www.sc.edu/study/colleges_schools/engineering_and_computing/faculty-staff/potts.php,There are a myriad of congenital cardiac defects but the majority involve a region known as the atrioventricular canal AV .
217,"Priviero, Fernanda",Research Associate Professor,Faculty,,,,https://www.sc.edu/study/colleges_schools/engineering_and_computing/faculty-staff/priviero_fernanda.php,
219,"Qian, Yu",Associate Professor,Faculty,"Dr . Yu Qian has been working on transportation geotechnics and railroad infrastructure related research , mainly focusing on heavy haul and transit track structures , high speed rails , pavements , geosynthetics , and discrete element simulation . He is currently serving as a committee member for three TRB Committees , two AREMA Committees , and the ASCE Rail Transportation Committee .",,"[""committees"",""transportation"",""committee""]",https://www.sc.edu/study/colleges_schools/engineering_and_computing/faculty-staff/qian_yu.php,
222,"Regalbuto, John R.","Professor, Chemical Engineering",Faculty,"Swearingen Engineering CenterRoom 3C13301 Main StreetColumbia , SC 29208Ph . D . , University of Notre Dame , 1986 . M . S . , University of Notre Dame , 1983 .",,"[""dame"",""notre"",""university""]",https://www.sc.edu/study/colleges_schools/engineering_and_computing/faculty-staff/regalbutojohn.php,
223,"Regan, Elizabeth A.",Department Chair and Associate Professor ,Faculty,"Innovation Center550 Assembly Street , Suite 1300Office 1310Columbia , SC 29208Ph . D . , University of ConnecticutM . A . , B . S . , A . S . , University of ConnecticutDr . Elizabeth Regan is chair of the Department of Integrated Information Technology and associate professor of Health Information Technology at the University of South Carolina . She is also an adjunct professor in the Arnold School of Public Health . Prior to joining USC in July 2011 , she served as chair of the Department of Information Systems , College of Business , at Morehead State University , Kentucky , for 11 years , and as the Elmer and Donna Smith Endowed Chair in Health Systems Management for two years . She serves on the Board of Directors for the Northeast Kentucky Regional Health Information Organization NeKY RHIO , of which she is a founding member and first board chair . The RHIO also serves as the Regional Extension Center for Eastern Kentucky . Dr . Regan served five years on the Coordinating Council for the Kentucky State Health Information Exchange and on the faculty of the University of Kentucky Medical School Rural Physician Leadership program . She was recently appointed to the national HIMSS Innovation Committee .","Ph.D., University of ConnecticutM.A., B.S., A.S., University of Connecticut","[""information"",""university"",""health"",""kentucky"",""chair""]",https://www.sc.edu/study/colleges_schools/engineering_and_computing/faculty-staff/regan_elizabeth.php,"She serves on the Board of Directors for the Northeast Kentucky Regional Health Information Organization NeKY RHIO , of which she is a founding member and first board chair .
The RHIO also serves as the Regional Extension Center for Eastern Kentucky ."
224,"Reifsnider, Kenneth ","Emeritus Professor, Mechanical Engineering",Faculty,"Dr . Reifsnider s research and interests include durability , damage tolerance and strength life relationships in material systems performance of life prognosis , aging , material state changes , long term behavior fuel cell science and engineering .","Dr. Reifsnider's research and interests include durability, damage tolerance and strength-life
                                    relationships in material systems; performance of life prognosis, aging, material
                                    state changes, long term behavior; fuel cell science and engineering.","[""material"",""life"",""durability"",""aging"",""tolerance"",""changes""]",https://www.sc.edu/study/colleges_schools/engineering_and_computing/faculty-staff/reifsnider_kenneth.php,
225,"Rekleitis, Ioannis","Associate Professor, Computer Science & Engineering",Faculty,"Mobile Robotics , Space Robotics , Multi Robot Systems , Sensor Networks , Artificial Intelligence , Computer Vision and Image Processing , Computational Geometry , Computer Graphics .","
Ph.D., School of Computer Science, McGill University, Canada (2003) 
M.Sc., School of Computer Science, McGill University, Canada (1995)
B.Sc., Department of Informatics, University of Athens, Greece (1991)
","[""computer"",""university"",""mcgill"",""robotics""]",https://www.sc.edu/study/colleges_schools/engineering_and_computing/faculty-staff/ioannisrekleitis.php,
226,"Reynolds, Tony ","Professor, Mechanical Engineering",Faculty,"Dr . Reynolds research and interests include friction stir welding , fatigue and fracture , experimental micro mechanics , quantitative fractographic analysis .","Dr. Reynolds' research and interests include friction stir welding, fatigue and fracture,
                                    experimental micro-mechanics, quantitative fractographic analysis.","[""fatigue"",""fracture"",""research"",""interests"",""stir"",""analysis"",""experimental"",""reynolds""]",https://www.sc.edu/study/colleges_schools/engineering_and_computing/faculty-staff/reynolds_tony.php,
227,"Ritter, James A.",Carolina Distinguished Professor,Faculty,"James A . Ritter , Ph . D . , is the L . M . Weisiger Professor of Engineering and a Carolina Distinguished Professor in the Department of Chemical Engineering at the University of South Carolina . Professor Ritter has authored or coauthored over 142 peer reviewed journal articles and holds two U . S . Patents in the areas of cyclic adsorption processes for gas separation and purification , hydrogen storage processes and materials , and magnetic field enhanced processes for separations and targeted drug delivery . He has served or is serving as a consultant for more than 20 companies , government agencies and national laboratories including ExxonMobil , Eastman Chemical , DOE , and the Pacific Northwest National Laboratory . He is also serving or has served on the Editorial Boards of four journals Separation Science and Technology Adsorption , Journal of the International Adsorption Society Recent Patents in Chemical Engineering and Industrial and Engineering Chemistry Research . He currently has funding for his research from the DOE , NASA , NSBRI , and several university centers and private companies . Professor Ritter is using this funding to support one Research Associate Professor Dr . Armin D . Ebner , one Postdoctoral Associate Dr . Marjorie A . Nicholson , and seven Ph . D . students Fan Wu , Iftekhar Hossain , Anahita Abdollhi , Lutfi Erden , Atikur Rahman , Nima Mohammadi , and Hanifi Erden . Shubhra Bhadra left Professor Ritter s group after successfully defending his Ph . D . in February 2012 and joined the Adsorption Team at Air Products and Chemicals in April .",,"[""professor"",""adsorption"",""ritter"",""engineering"",""research""]",https://www.sc.edu/study/colleges_schools/engineering_and_computing/faculty-staff/ritterjim.php,"He is also serving or has served on the Editorial Boards of four journals Separation Science and Technology Adsorption , Journal of the International Adsorption Society Recent Patents in Chemical Engineering and Industrial and Engineering Chemistry Research .
He currently has funding for his research from the DOE , NASA , NSBRI , and several university centers and private companies .
Professor Ritter is using this funding to support one Research Associate Professor Dr ."
228,"Rizos, Dimitris","Director, Railway Engineering Graduate Certificate",Faculty,"His areas of interest are in Structural Mechanics with emphasis on Railway and Highway Infrastructure , High Speed Rail Systems , and Civilian and Military Bridges . Dr . Rizos expertise is in the area of structural mechanics and modeling with emphasis on i Development and implementation of computational methods BEM , FEM , DEM , Hybrid Methods for problems in wave propagation , soil structure interaction , structural dynamics , and transient analysis of multi phase media , such as the train rail trackbed soil interaction problems ii Analysis and Design of freight , passenger and High Speed Railway infrastructure bridges , tunnels , tracks , etc iii Bridge Engineering and High Performance Materials for civilian and military applications .",,"[""structural"",""interaction"",""high"",""methods""]",https://www.sc.edu/study/colleges_schools/engineering_and_computing/faculty-staff/rizos_dimitris.php,
229,"Roberts, Elwyn","Research Associate, Mechanical Engineering",Faculty,"Dr . Robert s research and interests include materials performance in nuclear reactors , product design , manufacturing and concurrent engineering .","Dr. Robert's research and interests include materials performance in nuclear reactors,
                                    product design, manufacturing and concurrent engineering.","[""robert"",""design"",""concurrent"",""nuclear"",""reactors"",""manufacturing"",""materials"",""include""]",https://www.sc.edu/study/colleges_schools/engineering_and_computing/faculty-staff/roberts_elwyn.php,
230,"Rocheleau, David ","Associate Professor, Department of Mechanical Engineering",Faculty,"Dr . Rocheleau s group has interest in machine design and machine component design . His group has done work in optimizing the design of epicyclic gear trains to ensure long life and reduced noise . Work has also been done in helping small to medium size companies in a wide area of product design issues . The design concepts are modeled using Pro ENGINEER design software and analyses are performed with a variety of computer aided engineering tools . His group has done work in the modeling of balance of plants in a PEM fuel cell system . Overall design issues involving kinematic and dynamics of mechanisms , from robots to prosthetic devices , have also been performed . Dr . Rocheleau holds several patents , primarily in new product innovation devices .","Dr. Rocheleau’s group has interest in machine design and machine component design.
                                    His group has done work in optimizing the design of epicyclic gear trains to ensure
                                    long life and reduced noise. Work has also been done in helping small to medium size
                                    companies in a wide area of product design issues. The design concepts are modeled
                                    using Pro/ENGINEER design software and analyses are performed with a variety of computer-aided-engineering
                                    tools. His group has done work in the modeling of balance of plants in a PEM fuel
                                    cell system. Overall design issues involving kinematic and dynamics of mechanisms,
                                    from robots to prosthetic devices, have also been performed. Dr. Rocheleau holds several
                                    patents, primarily in new product innovation devices.","[""design"",""done"",""group"",""also"",""work""]",https://www.sc.edu/study/colleges_schools/engineering_and_computing/faculty-staff/rocheleau_david.php,"His group has done work in optimizing the design of epicyclic gear trains to ensure long life and reduced noise .
Work has also been done in helping small to medium size companies in a wide area of product design issues .
The design concepts are modeled using Pro ENGINEER design software and analyses are performed with a variety of computer aided engineering tools .
Rocheleau holds several patents , primarily in new product innovation devices .Dr. Rocheleau’s group has interest in machine design and machine component design."
231,"Rodriguez, Alejandro David",Faculty Fellow,Faculty,,,,https://www.sc.edu/study/colleges_schools/engineering_and_computing/faculty-staff/alejandro_rodriguez.php,
232,"Rose, John R. ",Professor,Faculty,"I am currently a member of IEEE . I am the author of over 50 technical papers in bioinformatics , machine intelligence , and computational science . My research interests are in the areas of bioinformatics , normative reasoning and planning , DAI and multiagent systems , and computational chemistry . I have conducted research funded by NSF , NIH , NASA , DOD ONR , Alexander von Humboldt Foundation , BMFT German NSF equivalent , as well as the South Carolina Commission on Higher Education . I have been a NASA Institute for Advanced Concepts NIAC Fellow . I was formerly the Director of the SC INBRE Bioinformatics Core . A major new focus of my research group is de novo peptide sequencing . We have recently received NSF funding to support this effort .","
Ph.D., Computer Science, SUNY at Stony Brook (1991)
M.S., Computer Science, SUNY at Stony Brook (1989)
B.Mus., Music, Immaculate Heart College (1980)
","[""bioinformatics"",""science"",""nsf"",""research""]",https://www.sc.edu/study/colleges_schools/engineering_and_computing/faculty-staff/johnrose.php,"I am the author of over 50 technical papers in bioinformatics , machine intelligence , and computational science .
I have conducted research funded by NSF , NIH , NASA , DOD ONR , Alexander von Humboldt Foundation , BMFT German NSF equivalent , as well as the South Carolina Commission on Higher Education ."
235,"Sabalowsky, Andrew", Instructor,Faculty,"Dr . Sabalowsky s prior research expertise are in anaerobic processes , specifically as they relate to bioremediation of hazardous xenobiotic molecules and biofuel production , such has methane and hydrogen production , microbial fuel cells , and fermentable products . More recently , his interests are in renewable energy technology centered on fluid flow , such as wave attenuation , micro wind turbines , and solar chimneys .",,"[""production"",""flow"",""bioremediation"",""technology"",""interests"",""relate"",""micro""]",https://www.sc.edu/study/colleges_schools/engineering_and_computing/faculty-staff/andrewsabalowsky.php,
236,"Sadati, Monirosadat (Sanaz)",Assistant Professor,Faculty,"Assistant Professor , University of South Carolina , January 2019 Postdoctoral Associate , The University of Chicago , 2014 2018 Postdoctoral Associate , Harvard , 2012 2014 PhD , Materials Science , ETH Zurich , 2012 BS and MS , Polymer Engineering , Amirkabir University of Technology , 2003The Sadati lab will pursue a bottom up approach to study the structure , dynamics , and self assembly of soft materials , with an emphasis on anisotropic components capable of leading to new , tunable macroscopic properties . Through systematic studies of self assembly , topological defects , and real time structure and rheology , we will engineer responsive materials with unique architectural features designed for a broad range of applications including tissue engineering , actuation , drug delivery , controlled cargo transport , and biosensing . A common feature among natural microswimmers such a bacteria is the ability to convert energy to motion and regulate their self propulsion in response to external stimuli . Inspired by the biomechanics of nature , artificial active micromotors are being developed that can transduce the local energy to directed motion and to propulsion . These artificial micromotors have been envisioned for a broad range of applications such as drug loading , controlled release in the vicinity of cells , and water remediation to name a few . In many of these applications , these micromotors have to move in a complex environment . We will explore the micro rheology of microswimmers in complex environments to design autonomous micromachines that can navigate efficiently in realistic condition of operations .",,"[""applications"",""micromotors"",""university"",""materials"",""self""]",https://www.sc.edu/study/colleges_schools/engineering_and_computing/faculty-staff/sadati_sanaz.php,"Through systematic studies of self assembly , topological defects , and real time structure and rheology , we will engineer responsive materials with unique architectural features designed for a broad range of applications including tissue engineering , actuation , drug delivery , controlled cargo transport , and biosensing ."
237,"Sahin, Alphan ",Assistant Professor,Faculty,"Assistant Professor Sahin s research interests include the signal processing methods emphasizing on the physical layer of wireless communication systems , intelligent air interfaces , waveforms , sequences , machine learning , radio access technologies , broadband mobile networks , and wireless communication standards , e . g . , IEEE 802 . 11 Wi Fi and 3GPP 5G NR .","Assistant Professor Sahin's research interests include the signal processing methods emphasizing on the physical layer of wireless communication systems, intelligent air-interfaces,
                                    waveforms, sequences, machine learning, radio access technologies, broadband mobile
                                    networks, and wireless communication standards, e.g., IEEE 802.11 Wi-Fi and 3GPP 5G
                                    NR.","[""wireless"",""communication"",""sequences"",""networks"",""systems""]",https://www.sc.edu/study/colleges_schools/engineering_and_computing/faculty-staff/alphansahin.php,"Assistant Professor Sahin s research interests include the signal processing methods emphasizing on the physical layer of wireless communication systems , intelligent air interfaces , waveforms , sequences , machine learning , radio access technologies , broadband mobile networks , and wireless communication standards , e ."
238,"Santi, Enrico","Professor, Electrical Engineering",Faculty,"SwearingenRoom 3A36301 Main StreetColumbia , SC 29208Enrico Santi received the B . S . degree from the University of Padua , Italy , the M . S . and Ph . D . degrees from Caltech California Institute of Technology in Pasadena , California , all in Electrical Engineering . He has over 25 years of experience in research and development in power electronics , both in industry and in academia . He worked in industry for five years as a Senior Design Engineer , involved in the design of various power supplies for telecommunications and computers , and of electronic ballasts for avionics . He has over 200 publications , three books and four patents . He is currently Transaction Review Chair of the Power Electronics Devices and Components Committee of the IEEE Industry Applications Society . He has been Associate Editor of the IEEE Transactions on Power Electronics and the IEEE Transaction on Industry Applications . His area of research is power electronics . It is a growing research area with many applications from renewable energy to transportation to the power grid . In particular , penetration of power electronics is leading to revolutionary changes in the nature and characteristics of the utility power grid , providing significant research opportunities . His research interests are in control of power electronics power distribution systems , system identification of power electronics systems , physics based modeling of power semiconductor devices , and modeling and simulation .","Enrico Santi received the B.S. degree from the University of Padua, Italy, the M.S.
                                 and Ph.D. degrees from Caltech (California Institute of Technology) in Pasadena, California,
                                 all in Electrical Engineering. He has over 25 years of experience in research and
                                 development in power electronics, both in industry and in academia. He worked in industry
                                 for five years as a Senior Design Engineer, involved in the design of various power
                                 supplies for telecommunications and computers, and of electronic ballasts for avionics.
                                 He has over 200 publications, three books and four patents. He is currently Transaction
                                 Review Chair of the Power Electronics Devices and Components Committee of the IEEE
                                 Industry Applications Society. He has been Associate Editor of the IEEE Transactions
                                 on Power Electronics and the IEEE Transaction on Industry Applications. His area of
                                 research is power electronics. It is a growing research area with many applications
                                 from renewable energy to transportation to the power grid. In particular, penetration
                                 of power electronics is leading to revolutionary changes in the nature and characteristics
                                 of the utility power grid, providing significant research opportunities. His research
                                 interests are in control of power electronics power distribution systems, system identification
                                 of power electronics systems, physics-based modeling of power semiconductor devices,
                                 and modeling and simulation.","[""power"",""electronics"",""research"",""industry""]",https://www.sc.edu/study/colleges_schools/engineering_and_computing/faculty-staff/santienrico.php,"He has over 25 years of experience in research and development in power electronics , both in industry and in academia .
He worked in industry for five years as a Senior Design Engineer , involved in the design of various power supplies for telecommunications and computers , and of electronic ballasts for avionics .
He is currently Transaction Review Chair of the Power Electronics Devices and Components Committee of the IEEE Industry Applications Society .
It is a growing research area with many applications from renewable energy to transportation to the power grid .
In particular , penetration of power electronics is leading to revolutionary changes in the nature and characteristics of the utility power grid , providing significant research opportunities .
His research interests are in control of power electronics power distribution systems , system identification of power electronics systems , physics based modeling of power semiconductor devices , and modeling and simulation .Enrico Santi received the B.S. degree from the University of Padua, Italy, the M.S.
on Power Electronics and the IEEE Transaction on Industry Applications."
239,"Sasanakul, Inthuorn",Associate Professor,Faculty,"Dr . Sasanakul has expertise in geotechnical centrifuge modeling , specializing in soil dynamics , soil characterization , instrumentations , and behavior of soils , and soil structure systems that are subjected to earthquakes and other natural hazards . Her research includes work on advance soil testing using resonant column and torsional shear devices , centrifuge modeling of mine tailings , New Orleans levees and T walls system , underground tunnel , soil model characterization using bender element , CPT , and T bar , and contaminant migration through soil cement barriers . Dr . Sasanakul was a recipient of ASTM Hogentogler Award of 2012 . She also received prestigious awards from the U . S . Army Corp . of Engineer including the Commander s Award of Public Service with accompanying medal from the Chief U . S . Army Corps of Engineers . This award is in appreciation for the support of New Orleans Recovery through efforts of the Evaluation Task Force of the Hurricane Katrina Interagency .","Dr. Sasanakul has expertise in geotechnical centrifuge modeling, specializing in soil
                                 dynamics, soil characterization, instrumentations, and behavior of soils, and soil-structure
                                 systems that are subjected to earthquakes and other natural hazards. Her research
                                 includes work on advance soil testing using resonant column and torsional shear devices,
                                 centrifuge modeling of mine tailings, New Orleans levees and T-walls system, underground
                                 tunnel, soil model characterization using bender element, CPT, and T bar, and contaminant
                                 migration through soil cement barriers.   Dr. Sasanakul was a recipient of “ASTM Hogentogler
                                 Award of 2012”. She also received prestigious awards from the U.S. Army Corp. of Engineer
                                 including the “Commander’s Award of Public Service” with accompanying medal from the
                                 Chief U.S. Army Corps of Engineers. This award is in appreciation for the support
                                 of New Orleans Recovery through efforts of the Evaluation Task Force of the Hurricane
                                 Katrina Interagency.","[""soil"",""award"",""centrifuge"",""using"",""orleans""]",https://www.sc.edu/study/colleges_schools/engineering_and_computing/faculty-staff/sasanakul_inthuorn.php,"Sasanakul has expertise in geotechnical centrifuge modeling , specializing in soil dynamics , soil characterization , instrumentations , and behavior of soils , and soil structure systems that are subjected to earthquakes and other natural hazards .
Her research includes work on advance soil testing using resonant column and torsional shear devices , centrifuge modeling of mine tailings , New Orleans levees and T walls system , underground tunnel , soil model characterization using bender element , CPT , and T bar , and contaminant migration through soil cement barriers .
of Engineer including the Commander s Award of Public Service with accompanying medal from the Chief U .
This award is in appreciation for the support of New Orleans Recovery through efforts of the Evaluation Task Force of the Hurricane Katrina Interagency .Dr. Sasanakul has expertise in geotechnical centrifuge modeling, specializing in soil"
243,"Shazly, Tarek ","Graduate Director, Biomedical Engineering",Faculty,"Research Area 1 Interactions between implanted polymeric materials and soft tissuesMy early work was focused on understanding soft tissue material interactions for the purpose of optimizing surgical sealant performance . The publications that emerged from this line of inquiry impacted the field in two distinct ways . First , we provided the initial demonstration that adhesion is a tissue specific phenomenon that can be exploited in advanced material design . Second , these and related publications established novel design strategies to enhance adhesion strength without compromising material biocompatibility the power in these strategies is that they can be generalized across material systems and surgical sealant applications . Research Area 2 Characterization , assessment , and modeling of endovascular technologiesEndovascular technologies such as drug eluting stents , erodible scaffolds , and drug coated balloons have steadily evolved over the past 40 years . Multidisciplinary research approaches are needed to design , optimize , and evaluate emergent devices , typically requiring consideration of hemodynamics , drug pharmacokinetics , material mechanics , and device degradation erosion kinetics . To accommodate this inherent complexity in the face of rapid device development , regulatory agencies have begun to expect and nearly require predictive computational models which clearly explain the mechanism of action and potential risk of new technologies . To meet this field demand , our work has been focused on the development of finite element based computational models and design deployment strategies to facilitate the continued advancement of endovascular technologies and their safe introduction into clinical practice . Research Area 3 Experimental and theoretical biomechanical studies on native and engineered blood vesselsThe identification of constitutive mechanical models of vascular tissue is essential for quantifying the local environment of mechanosensitive vascular cells in normal and disease states , understanding mechanically mediated vascular tissue remodeling , and providing a basis for the engineering of vascular tissue substitutes . Publications in these areas have been impactful in terms of providing data and models for previously understudied yet critical regions of the circulatory system , applying continuum mechanical principles to explain intra vessel variations in geometry , properties , and composition , and introducing tissue engineered constructs which exhibit enhanced matrix elaboration and thus potential as vascular substitutes .","Research Area 1: Interactions between implanted polymeric materials and soft tissuesMy early work was focused on understanding soft tissue-material interactions for the
                                 purpose of optimizing surgical sealant performance. The publications that emerged
                                 from this line of inquiry impacted the field in two distinct ways. First, we provided
                                 the initial demonstration that adhesion is a tissue-specific phenomenon that can be
                                 exploited in advanced material design. Second, these and related publications established
                                 novel design strategies to enhance adhesion strength without compromising material
                                 biocompatibility – the power in these strategies is that they can be generalized across
                                 material systems and surgical sealant applications.Research Area 2: Characterization, assessment, and modeling of endovascular technologiesEndovascular technologies such as drug-eluting stents, erodible scaffolds, and drug-coated
                                 balloons have steadily evolved over the past 40 years. Multidisciplinary research
                                 approaches are needed to design, optimize, and evaluate emergent devices, typically
                                 requiring consideration of hemodynamics, drug pharmacokinetics, material mechanics,
                                 and device degradation/erosion kinetics. To accommodate this inherent complexity in
                                 the face of rapid device development, regulatory agencies have begun to expect and
                                 nearly require predictive computational models which clearly explain the mechanism-of-action
                                 and potential risk of new technologies. To meet this field demand, our work has been
                                 focused on the development of finite element-based computational models and design/deployment
                                 strategies to facilitate the continued advancement of endovascular technologies and
                                 their safe introduction into clinical practice.  ","[""material"",""tissue"",""strategies"",""design"",""models""]",https://www.sc.edu/study/colleges_schools/engineering_and_computing/faculty-staff/shazly_tarek.php,"Second , these and related publications established novel design strategies to enhance adhesion strength without compromising material biocompatibility the power in these strategies is that they can be generalized across material systems and surgical sealant applications .
Research Area 2 Characterization , assessment , and modeling of endovascular technologiesEndovascular technologies such as drug eluting stents , erodible scaffolds , and drug coated balloons have steadily evolved over the past 40 years .
Multidisciplinary research approaches are needed to design , optimize , and evaluate emergent devices , typically requiring consideration of hemodynamics , drug pharmacokinetics , material mechanics , and device degradation erosion kinetics .
To accommodate this inherent complexity in the face of rapid device development , regulatory agencies have begun to expect and nearly require predictive computational models which clearly explain the mechanism of action and potential risk of new technologies .
To meet this field demand , our work has been focused on the development of finite element based computational models and design deployment strategies to facilitate the continued advancement of endovascular technologies and their safe introduction into clinical practice .
material systems and surgical sealant applications.Research Area 2: Characterization, assessment, and modeling of endovascular technologiesEndovascular technologies such as drug-eluting stents, erodible scaffolds, and drug-coated"
244,"Shepherd, Jeremiah","Instructor, Computer Science & Engineering",Faculty,JJ Shepherd teaches CSCE 145 and 146 courses .,,"[""teaches"",""courses"",""shepherd"",""csce""]",https://www.sc.edu/study/colleges_schools/engineering_and_computing/faculty-staff/jeremiahshepherd.php,JJ Shepherd teaches CSCE 145 and 146 courses .
245,"Sheth, Amit","Founding Director, Artificial Intelligence Institute and Professor, Computer Science & Engineering",Faculty,"Professor Sheth is an educator , researcher , and entrepreneur . He is the founding director university wide AI Institute at the University of South Carolina . He is a Fellow of the IEEE , AAAI , AAAS and ACM , elected for his pioneering and enduring contributions to information integration , distributed workflow processes , semantics , knowledge enhanced computing , etc . He has co founded four companies , three of them by licensing his university research outcomes , including the first Semantic Search company in 1999 that pioneered technology similar to what is found today in Google Semantic Search and Knowledge Graph . He is particularly proud of the success of his 45 Ph . D . advisees and postdocs in academia , industry research , and entrepreneurs . He received his B . E . Hons from BITS Pilani , India , and MS and PhD from the Ohio State University , USA . Professor Sheth s current interests include Artificial Intelligence esp . knowledge graphs , NLP , deep learning , knowledge enhanced learning , conversational AI esp chatbots for health and education , Semantic Web , Physical IoT Cyber Social Clinical Big Data , Augmented Personalized Health , AI and Big Data applications in health and life sciences , social good , disaster management , etc . .","Professor Sheth is an educator, researcher, and entrepreneur. He is the founding director
                                 university-wide AI Institute at the University of South Carolina. He is a Fellow of
                                 the IEEE, AAAI, AAAS and ACM, elected for his pioneering and enduring contributions
                                 to information integration,  distributed workflow processes, semantics, knowledge-enhanced
                                 computing, etc. He has (co-)founded four companies, three of them by licensing his
                                 university research outcomes, including the first Semantic Search company in 1999
                                 that pioneered technology similar to what is found today in Google Semantic Search
                                 and Knowledge Graph. He is particularly proud of the success of his 45 Ph.D. advisees
                                 and postdocs in academia, industry research, and entrepreneurs.  He received his B.E.
                                 (Hons) from BITS-Pilani, India, and MS and PhD from the Ohio State University, USA.
                                  ","[""university"",""knowledge"",""research"",""semantic""]",https://www.sc.edu/study/colleges_schools/engineering_and_computing/faculty-staff/amitsheth.php,"He is the founding director university wide AI Institute at the University of South Carolina .
He is a Fellow of the IEEE , AAAI , AAAS and ACM , elected for his pioneering and enduring contributions to information integration , distributed workflow processes , semantics , knowledge enhanced computing , etc .
He has co founded four companies , three of them by licensing his university research outcomes , including the first Semantic Search company in 1999 that pioneered technology similar to what is found today in Google Semantic Search and Knowledge Graph .
to information integration,  distributed workflow processes, semantics, knowledge-enhanced
university research outcomes, including the first Semantic Search company in 1999"
246,"Shimpalee, Sirivatch","Research Professor, Chemical Engineering",Faculty,"Horizon 1Room 439541 Main StreetColumbia , SC 29208Ph . D . , University of South Carolina , Columbia , 2001M . S . , Bradley University , 1998B . S . , Chiang Mai University , Thailand , 1992Dr . Shimpalee s current research is in the area of renewable energy including fuel cells , energy storage , high temperature thermal system , and bioenergy . His expertise is to use multi scale and multi dimensional modeling combine with electrochemistry to understand the physics inside their complex systems particularly in the transport phenomena .",,"[""university"",""energy"",""multi""]",https://www.sc.edu/study/colleges_schools/engineering_and_computing/faculty-staff/shimpalee_sirivatch.php,"Shimpalee s current research is in the area of renewable energy including fuel cells , energy storage , high temperature thermal system , and bioenergy ."
247,"Simin, Grigory","Undergraduate Director, Electrical Engineering",Faculty,"SwearingenRoom 3A16301 Main StreetColumbia , SC 29208",,"[""swearingenroom"",""main"",""streetcolumbia""]",https://www.sc.edu/study/colleges_schools/engineering_and_computing/faculty-staff/simingrigory.php,"SwearingenRoom 3A16301 Main StreetColumbia , SC 29208"
248,"Smoak, Wilson","Capstone Instructor, Electrical Engineering",Faculty,"Wilson Smoak is the instructor and coordinator for our Capstone Design Courses , ELCT 403 404 in Electrical Engineering Department , following a successful career in design of digital electronics , most recently for Intel .",,"[""design"",""elct"",""coordinator"",""electronics"",""instructor"",""successful""]",https://www.sc.edu/study/colleges_schools/engineering_and_computing/faculty-staff/smoakwilson.php,"Wilson Smoak is the instructor and coordinator for our Capstone Design Courses , ELCT 403 404 in Electrical Engineering Department , following a successful career in design of digital electronics , most recently for Intel ."
250,"Sockalingam, Subramani ","Associate Professor, Mechanical Engineering",Faculty,"Dr . Sockalingam s research interests are in the development of novel material systems with spatially heterogeneous properties at multiple length scales and developing fundamental understanding of mechanisms during composite material manufacturing and deformation over a range of strain rates . The impacts of this research reside in the potential to develop new energy efficient and environmentally friendly composites with unprecedented properties stronger , tougher , lighter for aerospace and defense applications . His expertise are in multiscale finite element modeling and analysis , composite material characterization , constitutive model development , ballistic impact , design and development of body and vehicle armor , automotive crashworthiness and engineering consulting ."," Dr. Sockalingam’s research interests are in the development of novel material systems
                                 with spatially heterogeneous properties at multiple length scales and developing fundamental
                                 understanding of mechanisms during composite material manufacturing and deformation
                                 over a range of strain rates. The impacts of this research reside in the potential
                                 to develop new energy-efficient and environmentally-friendly composites with unprecedented
                                 properties (stronger, tougher, lighter) for aerospace and defense applications. His
                                 expertise are in multiscale finite element modeling and analysis, composite material
                                 characterization, constitutive model development, ballistic impact, design and development
                                 of body and vehicle armor, automotive crashworthiness and engineering consulting.","[""development"",""material"",""composite"",""research""]",https://www.sc.edu/study/colleges_schools/engineering_and_computing/faculty-staff/subramani_sockalingam.php,"Sockalingam s research interests are in the development of novel material systems with spatially heterogeneous properties at multiple length scales and developing fundamental understanding of mechanisms during composite material manufacturing and deformation over a range of strain rates .
His expertise are in multiscale finite element modeling and analysis , composite material characterization , constitutive model development , ballistic impact , design and development of body and vehicle armor , automotive crashworthiness and engineering consulting ."
251,"Spinale, Frank G.","Professor, Cell Biology & Anatomy",Faculty,"Francis G . Spinale , MD , PhD , an internationally renowned cardiovascular scientist , has directed a translational research effort in the thematic area of cardiovascular remodeling with a particular focus upon heart failure , the main cause of death and disability in South Carolina , for over the past two decades . The mechanistic , translational , and clinical studies he has been working on will advance our understanding and potential treatment for major causes of heart failure in patients . He is also an entrepreneur with patents and a NIH Small Business Technology Transfer grant to develop a microdialysis microfluidics delivery system for cardiac surgery . Additionally , Dr . Spinale serves on the ditorial board of seven prestigious scientific journals and is a consultant to various pharmaceutical companies and biotechnology companies . To his credit , he also has over 400 peer reviewed publications in leading cardiovascular journals and is a fellow of several professional societies , including the American Heart Association and the American College of Cardiology . He has been invited to present his research both nationally and internationally at major scientific meetings , universities , and congresses conferences . Dr . Spinale is the director of the Cardiovascular Translational Research Center , and he has pioneered various projects for cardiac research while working to collaborate with other departments and faculty between the SOM and VA .",,"[""cardiovascular"",""research"",""translational"",""heart"",""spinale""]",https://www.sc.edu/study/colleges_schools/engineering_and_computing/faculty-staff/spinalefrank.php,"Spinale , MD , PhD , an internationally renowned cardiovascular scientist , has directed a translational research effort in the thematic area of cardiovascular remodeling with a particular focus upon heart failure , the main cause of death and disability in South Carolina , for over the past two decades ."
252,"Srivastava, Biplav",Professor,Faculty,"Biplav Srivastava is a professor of computer science at the AI Institute at the University of South Carolina . Previously , he was at IBM for nearly two decades in the roles of a Research Scientist , Distinguished Data Scientist and Master Inventor . Biplav is an ACM Distinguished Scientist , AAAI Senior Member , IEEE Senior Member and AAAS Leshner Fellow for Public Engagement on AI 2020 2021 . Dr . Srivastava is interested in enabling people to make rational decisions despite real world complexities of poor data , changing goals and limited resources by augmenting their cognitive limitations with technology . He is exploring new approaches for goal oriented , ethical , human machine collaboration via natural interfaces using domain and user models , learning , and planning . He is a co inventor of over 50 patents and co author of over 150 peer reviewed papers .","Biplav Srivastava is a professor of computer science at the AI Institute at the University
                                 of South Carolina. Previously, he was at IBM for nearly two decades in the roles of
                                 a Research Scientist, Distinguished Data Scientist and Master Inventor. Biplav is
                                 an ACM Distinguished Scientist, AAAI Senior Member,  IEEE Senior Member and AAAS Leshner
                                 Fellow for Public Engagement on AI (2020-2021). Dr. Srivastava is interested in enabling people to make rational decisions despite real world complexities
                                 of poor data, changing goals and limited resources by augmenting their cognitive limitations
                                 with technology. He is exploring new approaches for goal-oriented, ethical, human-machine
                                 collaboration via natural interfaces using domain and user models, learning, and planning.
                                 He is a co-inventor of over 50 patents and co-author of over 150 peer-reviewed papers.","[""scientist"",""data"",""member"",""srivastava"",""distinguished""]",https://www.sc.edu/study/colleges_schools/engineering_and_computing/faculty-staff/srivastava.php,"Biplav is an ACM Distinguished Scientist , AAAI Senior Member , IEEE Senior Member and AAAS Leshner Fellow for Public Engagement on AI 2020 2021 .
Srivastava is interested in enabling people to make rational decisions despite real world complexities of poor data , changing goals and limited resources by augmenting their cognitive limitations with technology .
He is a co inventor of over 50 patents and co author of over 150 peer reviewed papers .Biplav Srivastava is a professor of computer science at the AI Institute at the University"
253,"Stanford, Thomas G.","Professor Emeritus, Chemical Engineering",Faculty,"Swearingen Engineering CenterRoom 2C05301 Main StreetColumbia , SC 29208Ph . D . , University Of Michigan , 1977 . M . S . Math , University of Michigan , 1969",,"[""michigan"",""university"",""centerroom"",""swearingen"",""math""]",https://www.sc.edu/study/colleges_schools/engineering_and_computing/faculty-staff/stanfordtom.php,
257,"Sur, Sanjib ","Assistant Professor, Computer Science and Engineering",Faculty,"Professor Sur s research interests are in the areas of Wireless Systems and Architectures , Millimeter Wave Communications and Networks , Internet of Things Connectivity and Sensing Systems .","
Ph.D., University of Wisconsin-Madison (2018)
B.E., Indian Institute of Engineering Science and Technology (2011)
","[""systems"",""indian"",""professor"",""wireless"",""areas"",""networks"",""architectures""]",https://www.sc.edu/study/colleges_schools/engineering_and_computing/faculty-staff/sur.php,
258,"Sutton, Michael",Distinguished Professor,Faculty,"Dr . Sutton s research and interests include coherent and incoherent optics applications , experimental mechanics , digital image processing , Computer Vision , applications of integral methods and experimental mechanics , boundary valve problems , plastic fracture mechanics , finite elements modeling of cracked bodies .","Dr. Sutton's research and interests include coherent and incoherent optics applications,
                                    experimental mechanics, digital image processing, Computer Vision, applications of
                                    integral methods and experimental mechanics, boundary valve problems, plastic fracture
                                    mechanics, finite elements modeling of cracked bodies.","[""mechanics"",""experimental"",""applications""]",https://www.sc.edu/study/colleges_schools/engineering_and_computing/faculty-staff/sutton_michael.php,
260,"Taheri Qazvini, Nader ",Assistant Professor,Faculty,,,,https://www.sc.edu/study/colleges_schools/engineering_and_computing/faculty-staff/nader_taheri-qazvini.php,
261,"Tan, Wenbin",Associate Professor,Faculty,,,,https://www.sc.edu/study/colleges_schools/engineering_and_computing/faculty-staff/tan_wenbin.php,
262,"Tang, Chuanbing",Professor,Faculty,,,,https://www.sc.edu/study/colleges_schools/engineering_and_computing/faculty-staff/tang_chuaunbing.php,
263,"Tatting, Brian",Research Assistant Professor,Faculty,"Ph . D . , Engineering Science Mechanics , Virginia Polytechnic Institute State University , Blacksburg VA , October 1998 . B . S . , Engineering Mechanics , University of Illinois at Urbana Champaign , Champaign IL , U . S . A . , May 1989 . Dr . Tatting joined the research team at the McNAIR Center in 2016 to perform research and mentor graduate students , focusing on composite design and manufacture . His main topics included variable stiffness designs for cylinders , novel 3D optimization techniques for composites , and physics based modeling of automated fiber placement AFP , funded by The Boeing Company . Further work under NASA s ACC program investigated effects of defects formed during the AFP process on part reliability . Previously , Dr . Tatting consulted for the aeronautics aerospace industry concerning composite design of structures , specifically using AFP , for clients including Lockheed Martin , Sikorsky , NASA Langley Research Center , and Ingersoll Machine Tools . Projects ranged from design and analysis of composite parts for airplanes to software development for composite design .","Dr. Tatting joined the research team at the McNAIR Center in 2016 to perform research
                                    and mentor graduate students, focusing on composite design and manufacture. His main
                                    topics included variable stiffness designs for cylinders, novel 3D optimization techniques
                                    for composites, and physics-based modeling of automated fiber placement (AFP), funded
                                    by The Boeing Company. Further work under NASA's ACC program investigated effects
                                    of defects formed during the AFP process on part reliability. ","[""research"",""afp"",""design"",""composite""]",https://www.sc.edu/study/colleges_schools/engineering_and_computing/faculty-staff/tatting_brian.php,"Tatting joined the research team at the McNAIR Center in 2016 to perform research and mentor graduate students , focusing on composite design and manufacture .
His main topics included variable stiffness designs for cylinders , novel 3D optimization techniques for composites , and physics based modeling of automated fiber placement AFP , funded by The Boeing Company .
Further work under NASA s ACC program investigated effects of defects formed during the AFP process on part reliability ."
264,"Thatcher, Matt E. ","Professor, Computer Science & Engineering",Faculty,"My research examines the strategic and economic impacts of information technology IT with a focus on four themes IT value , software patent policy design , IT offshoring , and the social costs of information privacy .","
Ph.D., Information Systems, The Wharton School, University of Pennsylvania (1998)
M.A., Information Systems, The Wharton School, University of Pennsylvania (1996)
B.S., Decision Sciences/Finance, The Wharton School, University of Pennsylvania (1992)
","[""information"",""wharton"",""school"",""university"",""pennsylvania""]",https://www.sc.edu/study/colleges_schools/engineering_and_computing/faculty-staff/mattthatcher.php,
266,"Tong, Yan",Professor,Faculty,Professor Tong s research interests focus on computer vision and pattern recognition especially on human computer interaction including but not limited to,"
Ph. D., Rensselaer Polytechnic Institute (2007)
M. S., University of Nevada, Reno (2004)
B. S., Zhejiang University (1997)
","[""university"",""computer"",""limited"",""vision"",""zhejiang"",""including""]",https://www.sc.edu/study/colleges_schools/engineering_and_computing/faculty-staff/yantong.php,
267,"Tooren, Michel  van","Research Faculty, Mechanical Engineering",Faculty,"Dr . van Tooren s research interest include Design Automation , Knowledge Based Engineering , Alternative aircraft concepts , Composite aircraft fuselages , Aircraft Certification , Systems Engineering and Road vehicle aerodynamics .","Dr. van Tooren's research interest include Design Automation, Knowledge Based Engineering,
                                    Alternative aircraft concepts, Composite aircraft fuselages, Aircraft Certification,
                                    Systems Engineering and Road vehicle aerodynamics.","[""engineering"",""composite"",""automation"",""aircraft"",""certification"",""van""]",https://www.sc.edu/study/colleges_schools/engineering_and_computing/faculty-staff/tooren_van.php,
268,"Tulenko, James","Adjunct Professor, Mechanical Engineering",Faculty,,,,https://www.sc.edu/study/colleges_schools/engineering_and_computing/faculty-staff/tulenko_james.php,
272,"Uline, Mark J.","Program Director, Biomedical Engineering",Faculty,"Swearingen Room 3C17 301 Main Street Columbia , SC 29208The Uline research group is working toward the fundamental understanding of how the complex interactions at interfaces couple together to give the rich phenomena observed in various chemical and biological systems . Currently , we are focused on molecular modeling of biological interfaces , in particular , phase transitions and binding in lipid bilayers and surfactant driven nematic ordering transitions in liquid crystal thin films . Other ongoing research interests include bubble and droplet nucleation theory , molecular dynamics simulations in the isothermal isobaric ensemble , and the effects of multivalent ions on the charge regulation in tethered polyelectrolytes . For Dr . Uline s publications please see Google Scholar Webpage",,"[""interfaces"",""transitions"",""research"",""molecular"",""biological"",""uline""]",https://www.sc.edu/study/colleges_schools/engineering_and_computing/faculty-staff/uline.php,
274,"Valafar, Homayoun","Professor, Chair, Computer Science & Engineering",Faculty,Dr . Valafar s research activities fall into two broad categories of research Computational Medicine and Computational Biology . The computational medicine tier of his research is focused on development of computational modeling of human response to different medical treatments or methods of rehabilitation . Dr . Valafar s group has demonstrated a success in relation to administration of Hydroxyurea for alleviation of symptoms associated with Sickle Cell Anemia . The second tier of his research focuses on the problem of protein folding . The general community of researchers focus on two disjoint and orthogonal approaches to protein structure determination purely experimental and purely computational approaches . Each of these two approaches possess advantages and disadvantages that results in their continued research and developments and hinders their practical utility . Dr . Valafar s current research funded by NIH and NSF is focused on exploration of hybrid approaches that combines minimum experimental data with novel computational approaches . This hybrid approach has been shown to combine the advantages of each contributing components while mitigating their detriments .,,"[""computational"",""research"",""approaches""]",https://www.sc.edu/study/colleges_schools/engineering_and_computing/faculty-staff/homayounvalafar.php,Valafar s current research funded by NIH and NSF is focused on exploration of hybrid approaches that combines minimum experimental data with novel computational approaches .
275,"Valtorta, Marco","Professor, Graduate Director, Computer Science and Engineering",Faculty,"Dr . Valtorta s research interests are in the areas of normative reasoning under uncertainty especially Bayesian networks , chain graphs , influence diagrams , causal models , identifiability issues , and applications in multiagent systems , heuristics for problem solving , and computational complexity in artificial intelligence . As a faculty member , he conducted research funded by ARDA , SPAWAR , DARPA , IARPA , the Office of Naval Research ONR , the U . S . Department of Agriculture DOA , CISE an Italian laboratory controlled by ENEL , the state electricity company , and the South Carolina Law Enforcement Division . He recently led the UofSC part of a multi institution IARPA funded project on the synergistic use of Wigmorean inference networks and Bayesian networks to support argumentation and collaborated with Dr . Linyuan Lu of the UofSC mathematics department in an ONR funded project on the Markov properties of directed hypergraphs . His current research includes inventing new algorithms for learning chain graphs from data and domain knowledge and the application of counterfactual reasoning to personalized health care .","
Ph.D., Computer Science, Duke University, (1987)
M.A., Computer Science, Duke University, (1984)
Laurea, Electrical Engineering, Politecnico di Milano, (1980) 
","[""research"",""funded"",""networks""]",https://www.sc.edu/study/colleges_schools/engineering_and_computing/faculty-staff/marcovaltorta.php,Linyuan Lu of the UofSC mathematics department in an ONR funded project on the Markov properties of directed hypergraphs .
277,"Vargas, Juan","Adjunct Professor, Computer Science & Engineering",Faculty,Dr . Vargas is a adjunct professor for the Computer Science and Engineering Department .,,"[""science"",""engineering"",""adjunct"",""department"",""computer"",""professor""]",https://www.sc.edu/study/colleges_schools/engineering_and_computing/faculty-staff/juanvargas.php,Dr . Vargas is a adjunct professor for the Computer Science and Engineering Department .
279,"Vidal, Jose M. ","Professor, Director of Undergraduate Studies, Computer Science & Engineering",Faculty,"Professor Vidal s research interests are in the area of multiagent systems . On the theoretical side he is interested in developing systems that coordinate and aggregate the actions of large number of autonomous agents . This is interdisciplinary work which straddles the boundaries of economics , algorithmic game theory , distributed algorithms , agent based modelling , and the social sciences . On the implementation side he is interested in the development of agent based simulations , web applications and web services . Dr . Vidal currently teaches our Senior Capstone Project class .","
Ph.D., University of Michigan (1998)
M.S., Rensselaer Polytechnic Institute (1991)
B.S., Massachusetts Institute of Technology (1990)
","[""institute"",""agent"",""systems"",""web"",""interested"",""based""]",https://www.sc.edu/study/colleges_schools/engineering_and_computing/faculty-staff/josevidal.php,"On the implementation side he is interested in the development of agent based simulations , web applications and web services ."
280,"Viparelli, Enrica",Professor,Faculty,"2023 Present Professor , Civil and Environmental Engineering , University of South Carolina , Columbia2018 2023 Associate Professor , Civil and Environmental Engineering , University of South Carolina , Columbia2012 2017 Assistant Professor , Civil and Environmental Engineering , University of South Carolina , Columbia",,"[""south"",""carolina"",""university"",""environmental"",""professor"",""civil"",""engineering""]",https://www.sc.edu/study/colleges_schools/engineering_and_computing/faculty-staff/viparelli_enrica.php,"2023 Present Professor , Civil and Environmental Engineering , University of South Carolina , Columbia2018 2023 Associate Professor , Civil and Environmental Engineering , University of South Carolina , Columbia2012 2017 Assistant Professor , Civil and Environmental Engineering , University of South Carolina , Columbia"
281,"Vitali, Juan A.",Adjunct Professor,Faculty,"Assistant Director , Nuclear Energy InnovationOffice of Science and Technology PolicyExecutive Office of the PresidentThe White HouseDr . Vitali serves as Chief , Army Nuclear Power Branch , Office of The Chief of Engineers . Previously he served as Division Chief , Integrated Logistics Support HQDA G44M overseeing acquisition programs for the HQDA G4 . He also served as Strategist and Chief of Future Operations Strategy Division at HQDA G 43 5 7 where he was responsible for integrating future operations capabilities , concepts and strategies for the Army G 4 including PESTEL analysis of mobile nuclear power plants for ground operations . In his previous job as Chief Engineer and Chief for S T programs at Logistics Innovation Agency LIA , Dr . Vitali lead the development of S T strategies for the G 4 and the development of the LIA Corporate Strategy 2015 2019 as well as Operational Energy and Microreactor strategies . Prior to his stint at LIA , Dr . Vitali was the Chief of Test and Evaluation at the Joint Program Executive Office for Chemical and Biological Defense , Office of the Secretary of Defense . In that position , he oversaw the testing and evaluation of over 4 billion in joint service assets and provides key leadership to ensure that all acquisition programs incorporate thorough testing . Coauthored the White House sponsored , National Technology Council Goals and Policy for Standardization in the Chemical Biological Radiological and Nuclear Defense . When he joined the Army in 2005 , he served as Division Chief for Aircraft , Unmanned Air Vehicles and Support Systems at the Army Evaluation Center Army Test and Evaluation Command ATEC , he exercised test and evaluation oversight of all of the Army s unmanned air systems programs , the Cargo and Utility Helicopter acquisition programs . Prior to that position , Dr . Vitali was Principal Research Faculty for eight years at Georgia Tech Research Institute , and was Director of the Washington Office for the Electro Optics Environment and Materials Laboratory . He also served at the Office of the Secretary of Defense Director of Operational Test and Evaluation Live Fire office DOTE LFT E as a specialist in fire and explosion protection systems for weapons . Earlier in his career , he was a Senior Scientist for the Air Force Research Laboratory and the 46th Test Wing , at Wright Patterson Air Force Base .","Dr. Vitali serves as Chief, Army Nuclear Power Branch, Office of The Chief of Engineers.
                                 Previously he served as Division Chief, Integrated Logistics Support HQDA G44M overseeing
                                 acquisition programs for the HQDA G4. He also served as Strategist and Chief of Future
                                 Operations/Strategy Division at HQDA G-43/5/7 where he was responsible for integrating
                                 future operations capabilities, concepts and strategies for the Army G-4 including
                                 PESTEL analysis of mobile nuclear power plants for ground operations.","[""chief"",""army"",""office"",""nuclear""]",https://www.sc.edu/study/colleges_schools/engineering_and_computing/faculty-staff/vitali_juan.php,"Previously he served as Division Chief , Integrated Logistics Support HQDA G44M overseeing acquisition programs for the HQDA G4 .
He also served as Strategist and Chief of Future Operations Strategy Division at HQDA G 43 5 7 where he was responsible for integrating future operations capabilities , concepts and strategies for the Army G 4 including PESTEL analysis of mobile nuclear power plants for ground operations .
Earlier in his career , he was a Senior Scientist for the Air Force Research Laboratory and the 46th Test Wing , at Wright Patterson Air Force Base .Dr. Vitali serves as Chief, Army Nuclear Power Branch, Office of The Chief of Engineers.
Previously he served as Division Chief, Integrated Logistics Support HQDA G44M overseeing"
282,"Vitzilaios, Nikolaos (Nikos)",Assistant Professor,Faculty,"Dr . Vitzilaios research interests are in the broad area of Autonomous Unmanned Systems and include Robotics , Intelligent Systems , Mechatronics , Unmanned Aircraft Systems UAS , perception and autonomous navigation of mobile robots , operational autonomy , field robotics , robot teams , automation , control systems , and machine learning .","Dr. Vitzilaios’ research interests are in the broad area of Autonomous Unmanned Systems
                                 and include Robotics, Intelligent Systems, Mechatronics, Unmanned Aircraft Systems
                                 (UAS), perception and autonomous navigation of mobile robots, operational autonomy,
                                 field robotics, robot teams, automation, control systems, and machine learning.","[""systems"",""robotics"",""unmanned"",""autonomous""]",https://www.sc.edu/study/colleges_schools/engineering_and_computing/faculty-staff/vitzilaios.php,
283,"Vogt, Thomas",Distinguished Professor of Chemistry and Biochemistry,Faculty,,,,https://www.sc.edu/study/colleges_schools/engineering_and_computing/faculty-staff/cas_vogt_thomas.php,
284,"Wang, Guiren","Associate Professor, Mechanical Engineering, Biomedical Engineering",Faculty,"300 Main Street Room A221 Columbia , SC 29208Dr . Wang s research and interests include micro nanofluidics , electrokinetics , lab on a chip , far field optical nanoscopy , super resolution imaging , cancer detection , fluorescence spectroscopy , tissue engineering , fluid dynamics , turbulence and mixing .",,"[""detection"",""resolution"",""dynamics"",""wang"",""fluid"",""nanoscopy"",""field"",""main"",""turbulence""]",https://www.sc.edu/study/colleges_schools/engineering_and_computing/faculty-staff/wang_guiren.php,
285,"Wang, Guoan","Graduate Director, Electrical Engineering",Faculty,"SwearingenRoom 3A12301 Main StreetColumbia , SC 29208",,"[""streetcolumbia"",""main"",""swearingenroom""]",https://www.sc.edu/study/colleges_schools/engineering_and_computing/faculty-staff/wangguoan.php,"SwearingenRoom 3A12301 Main StreetColumbia , SC 29208"
286,"Wang, Song","Professor, Research Director, Chair of the Tenure and Promotion Committee, Computer Science & Engineering",Faculty,"Professor Wang s research interests include computer vision , medical imaging , and machine learning . Recently , his research is focused on developing computational algorithms and software tools for","
Ph. D., University of Illinois at Urbana-Champaign (2002) 
","[""research"",""urbana"",""champaign"",""learning"",""tools"",""interests"",""focused""]",https://www.sc.edu/study/colleges_schools/engineering_and_computing/faculty-staff/songwang.php,
287,"Wang, Xiaofeng","Associate Professor, Electrical Engineering",Faculty,"SwearingenRoom 3A20301 Main StreetColumbia , SC 29208Model predictive control , robust adaptive control , networked control systems , multi agent systems , and machine learning , with their applications in robotics , cyber physical systems , and autonomous systems .",,"[""systems"",""control"",""robotics"",""main"",""machine""]",https://www.sc.edu/study/colleges_schools/engineering_and_computing/faculty-staff/wangxiaofeng.php,"SwearingenRoom 3A20301 Main StreetColumbia , SC 29208Model predictive control , robust adaptive control , networked control systems , multi agent systems , and machine learning , with their applications in robotics , cyber physical systems , and autonomous systems ."
288,"Wang, Yi",Professor,Faculty,"Curriculum Vitae pdf iMSEL LabDr . Wang s research interests include Computational and data enabled science and engineering CDS E and its applications in multiphysics and multiscale systems engineering , including fluid structural interaction , microfluidics nanofluidics , thermal and energy management , additive manufacturing , among others . The specific focuses are 1 physics based adaptive modeling , from high fidelity multiphysics CFD FEM analysis to reduced order modeling and closed form modeling for real time simulation , trade space exploration , and process control 2 data driven multi fidelity surrogate modeling for multidisciplinary analysis and optimization , large scale system level simulation , and adaptive model integration 3 massive and real time data analytics , discovery , and management , including engineering data mining , parameter estimation , uncertainty quantification , machine learning , and green computing visualization and 4 systems engineering of microfluidics nanofluidics , including model development , system design , control synthesis , hardware development , and experimentation , with the long term goal towards engineering intelligenceL . M . Lee , J . M . Rosanoa , Y . Wang , C . J . Garsona , B . Prabhakarpandiana , K . Pant G . J . Klarmannc , L . M . Alvarez , and E . Lai , Label Free Mesenchymal Stem Cells Enrichment from Bone Marrow by Spiral Inertial Microfluidics , Analytical Methods , 10 , 713 721 , 2018","Dr. Wang’s research interests include Computational and data-enabled science and engineering
                                 (CDS&E) and its applications in multiphysics and multiscale systems engineering, including
                                 fluid structural interaction, microfluidics/nanofluidics, thermal and energy management,
                                 additive manufacturing, among others. The specific focuses are (1) physics-based adaptive
                                 modeling, from high-fidelity multiphysics CFD/FEM analysis to reduced order modeling
                                 and closed-form modeling for real-time simulation, trade space exploration, and process
                                 control; (2) data-driven multi-fidelity surrogate modeling for multidisciplinary analysis
                                 and optimization, large-scale system-level simulation, and adaptive model integration;
                                 (3) massive and real-time data analytics, discovery, and management, including engineering
                                 data mining, parameter estimation, uncertainty quantification, machine learning, and
                                 green computing & visualization; and (4) systems engineering of microfluidics/nanofluidics,
                                 including model development, system design, control synthesis, hardware development,
                                 and experimentation, with the long-term goal towards engineering intelligence","[""engineering"",""modeling"",""data"",""including""]",https://www.sc.edu/study/colleges_schools/engineering_and_computing/faculty-staff/yi_wang.php,"Wang s research interests include Computational and data enabled science and engineering CDS E and its applications in multiphysics and multiscale systems engineering , including fluid structural interaction , microfluidics nanofluidics , thermal and energy management , additive manufacturing , among others .
The specific focuses are 1 physics based adaptive modeling , from high fidelity multiphysics CFD FEM analysis to reduced order modeling and closed form modeling for real time simulation , trade space exploration , and process control 2 data driven multi fidelity surrogate modeling for multidisciplinary analysis and optimization , large scale system level simulation , and adaptive model integration 3 massive and real time data analytics , discovery , and management , including engineering data mining , parameter estimation , uncertainty quantification , machine learning , and green computing visualization and 4 systems engineering of microfluidics nanofluidics , including model development , system design , control synthesis , hardware development , and experimentation , with the long term goal towards engineering intelligenceL .
Lai , Label Free Mesenchymal Stem Cells Enrichment from Bone Marrow by Spiral Inertial Microfluidics , Analytical Methods , 10 , 713 721 , 2018Dr. Wang’s research interests include Computational and data-enabled science and engineering
(3) massive and real-time data analytics, discovery, and management, including engineering
green computing & visualization; and (4) systems engineering of microfluidics/nanofluidics,"
289,"Waugh, David",Dean Emeritus,Faculty,Dr . Waugh s research interest are in the area of Structural Engineering . Dr . Waugh was dean of the College of Engineering and Computing at USC from 1977 to 1987 . Dr . Waugh graduated from his B . Sc . in Civil Engineering from USC in 1954 and from his M . S . in Civil Engineering from Yale in 1964 . Dr . Waugh was awarded the Order of the Palmetto South Carolina Highest Honor by two different South Carolina governors . Dr . Waugh was the first in the state elected president of a major national engineering society NSPE . Dr . Waugh oversaw and raised the funds for the Swearingen Engineering Center and 300 Main Street buildings at USC .,"Dr. Waugh’s research interest are in the area of Structural Engineering.  Dr. Waugh
                                 was dean of the College of Engineering and Computing at USC from 1977 to 1987.  Dr.
                                 Waugh graduated from his B.Sc. in Civil Engineering from USC in 1954 and from his
                                 M.S. in Civil Engineering from Yale in 1964.  Dr. Waugh was awarded the “Order of
                                 the Palmetto” (South Carolina Highest Honor) by two different South Carolina governors.
                                  Dr. Waugh was the first in the state elected president of a major national engineering
                                 society (NSPE).  Dr. Waugh oversaw and raised the funds for the Swearingen Engineering
                                 Center and 300 Main Street buildings at USC.","[""waugh"",""engineering"",""usc""]",https://www.sc.edu/study/colleges_schools/engineering_and_computing/faculty-staff/wuagh_david.php,"Waugh was awarded the Order of the Palmetto South Carolina Highest Honor by two different South Carolina governors .
Waugh was the first in the state elected president of a major national engineering society NSPE .
Waugh oversaw and raised the funds for the Swearingen Engineering Center and 300 Main Street buildings at USC .Dr. Waugh’s research interest are in the area of Structural Engineering."
291,"Webb, R. Clinton","Professor, Biomedical Engineering",Faculty,"The physiology of smooth muscle , with particular emphasis placed on 1 vascular reactivity in hypertension and diabetes , 2 penile and clitoral erection in sexual dysfunction , 3 mechanisms of bladder dysfunction in diabetes , 4 cellular and subcellular mechanisms of contraction and relaxation of vascular smooth muscle cell signaling , electrogenic sodium pump , subcellular calcium distribution , monovalent cation movements , nitric oxide , RhoA Rho kinase , etc . , 5 adrenergic neurotransmission in blood vessels , and 6 intercellular communication between smooth muscle cells .",,"[""smooth"",""muscle"",""vascular"",""subcellular"",""dysfunction""]",https://www.sc.edu/study/colleges_schools/engineering_and_computing/faculty-staff/webb_clinton.php,
292,"Wei, Tao",Associate Professor,Faculty,"Dr . Tao Wei s lab focuses on functional materials and biotechnologies using the combination of multiscale simulations , experiments and machine learning . Ph . D . , Mork Family Department of Chemical Engineering and Materials Science , University of Southern California , 12 2008 . M . S . , Department of Chemical Engineering , Nanjing University of Technology , Nanjing , China , 06 2002 . B . S . , Department of Chemical Engineering , Nanjing University of Technology , Nanjing , China , 06 1999 . Dr . Wei lab focuses on functional materials and biotechnologies to tackle challenges in health , energy and environment . To achieve structure function design , we combine our house developed multiscale simulation framework quantum , atomistic , mesoscopic and continuum scales with theories , machine learning and experiments at the interface between chemistry , physics and biology .","Dr. Tao Wei's lab focuses on functional materials and biotechnologies using the combination
                                 of multiscale simulations, experiments and machine learning.","[""materials"",""wei"",""functional"",""multiscale"",""nanjing"",""department"",""university""]",https://www.sc.edu/study/colleges_schools/engineering_and_computing/faculty-staff/tao_wei.php,", Mork Family Department of Chemical Engineering and Materials Science , University of Southern California , 12 2008 ."
294,"Wenceslau, Camilla Ferreira",Associate Professor,Faculty,"The overarching goal of my laboratory is to understand vascular physiology in cardiovascular diseases . We study the mechanisms associated with the vascular immune network in hypertension , metabolic syndrome and sepsis . Specifically , we question why immunoreceptors that are crucial for chemotaxis and inflammation in sentinel cells , are expressed in the vasculature ? Further , does activation or inhibition of these receptors play a role in the vascular physiology and pathophysiology ? To answer these questions , my laboratory employs a wide range of cutting edge techniques and multidisciplinary in vivo and in vitro experimental approaches including clinically relevant diseased mouse and rat models , radiotelemetry , vascular isobaric and isometric force measurement , and biochemical and molecular biology methods . Our work has been previously supported by the American Heart Association AHA and it is currently funded by the NIH NHLBI R01 and NIGMS R00 .",,"[""vascular"",""physiology"",""laboratory""]",https://www.sc.edu/study/colleges_schools/engineering_and_computing/faculty-staff/wenceslau_camilla.php,The overarching goal of my laboratory is to understand vascular physiology in cardiovascular diseases .
296,"White, Ralph E.","Professor, Chemical Engineering",Faculty,"Dr . White and members of his research group are working on projects in the areas of fuel cells , batteries , electro deposition , corrosion , and numerical methods . Their work on numerical methods consists of developing efficient algorithms to solve the equations that represent the phenomena that occur in electrochemical and chemical systems . Xinfang Jin , Meng Guo , Ralph E . White , and Kevin Huang , Understanding Power Enhancement of SOFC by Built in Chemical Iron Bed A Computational Approach , Journal of the Electrochemical Society , 164 11 , E3054 E3062 , 2017 . Meng Guo , Xinfang Jin , and Ralph E . White , Nonlinear State Variable Method NSVM for Li Ion Batteries Finite Element Method and Control Mode , Journal of the Electrochemical Society , 164 11 , E3200 E3214 , 2017 .",,"[""electrochemical"",""chemical"",""white"",""society"",""method""]",https://www.sc.edu/study/colleges_schools/engineering_and_computing/faculty-staff/whiteralph.php,"White , Nonlinear State Variable Method NSVM for Li Ion Batteries Finite Element Method and Control Mode , Journal of the Electrochemical Society , 164 11 , E3200 E3214 , 2017 ."
298,"Wilkinson, Ronni",Director of IT Services,Faculty,,,,https://www.sc.edu/study/colleges_schools/engineering_and_computing/faculty-staff/wilkinson.php,
300,"Williams, Christopher","Undergraduate Director, Chemical Engineering",Faculty,"Swearingen Engineering CenterRoom 2C15301 Main StreetColumbia , SC 29208The Williams group research interests are in the area of heterogeneous catalysis and surface science , with a particular focus on studying solid liquid catalytic interfaces . Catalysis carried out in the liquid phase is very important for applications such as fine chemicals and pharmaceutical production , and in the production of new fuels from biorenewable resources . Our primary research involves the development and application of in situ or operando surface vibrational spectroscopic methods to study adsorption and catalysis at solid catalyst surfaces under industrially relevant reaction conditions i . e . , in the liquid phase and or at high gas pressures and temperatures . Specific techniques under development in our group include surface enhanced Raman spectroscopy SERS , attenuated total reflection infrared ATR IR spectroscopy , and sum frequency spectroscopy SFS . The information obtained with these approaches allows us to develop a molecular level understanding of the catalytic mechanisms that govern the function of heterogeneous catalysts under reaction conditions . Such understanding is critical if we wish to rationally design catalysts for specific applications in the future . Current reaction systems of interest include enantioselective hydrogenation of alpha ketoesters and alkenoic acids selective oxidation of alcohols , including especially glycerol , which is the major byproduct in biodiesel production hydrodeoxygenation of biomass derived organic acids and acid esters to hydrocarbon fuel and electrocatalytic reduction of carbon dioxide to hydrocarbons . Catalysts under investigation involve both polycrystalline transition metals and oxide supported mono and bimetallic nanoparticle catalysts . The latter materials are prepared either through traditional catalyst synthesis methods or more novel protocols under development e . g . , dendrimer metal nano composites , electroless deposition that allow for control of size and composition on the nanoscale . The Williams group is currently funded by the National Science Foundation , and by a variety of industrial sources .",,"[""catalysts"",""liquid"",""surface"",""reaction"",""production"",""development""]",https://www.sc.edu/study/colleges_schools/engineering_and_computing/faculty-staff/williamschris.php,"Swearingen Engineering CenterRoom 2C15301 Main StreetColumbia , SC 29208The Williams group research interests are in the area of heterogeneous catalysis and surface science , with a particular focus on studying solid liquid catalytic interfaces .
Our primary research involves the development and application of in situ or operando surface vibrational spectroscopic methods to study adsorption and catalysis at solid catalyst surfaces under industrially relevant reaction conditions i ."
303,"Won, Sang Hee"," Director, Aerospace Engineering Program",Faculty,"The simultaneous achievement of high efficiency , fuel flexibility , and low pollutant emissions has been a major goal in the recent development of advanced engines . Consequently , these advanced engines have been designed to operate at near limit conditions high pressures and low temperatures , where the critical combustion behaviors become dominated by combustion chemistry through complex interactions with thermo fluid dynamics . Recent efforts to certificate emerging alternative bio fuels and strict regulation on pollutant emissions also require comprehensive understanding of real fuel combustion . Dr . Won s research involves 1 Combustion chemistry of real transportation fuels with the state of the art current kinetic models to incorporate multi species combustion chemistry , 2 Development of well defined experimental platforms to investigate the role of combustion chemistry in near limit combustion dynamics , where complicated turbulent chemistry interactions can be fundamentally investigated , 3 Plasma assisted combustion techniques , in which the near limit combustion dynamics are manipulated by plasma , will be introduced based on the understanding of combustion chemistry , and 4 Development of novel combustion diagnostic techniques .","The simultaneous achievement of high efficiency, fuel flexibility, and low pollutant
                                 emissions has been a major goal in the recent development of advanced engines. Consequently,
                                 these advanced engines have been designed to operate at near-limit conditions (high
                                 pressures and low temperatures), where the critical combustion behaviors become dominated
                                 by combustion chemistry through complex interactions with thermo-fluid dynamics. Recent
                                 efforts to certificate emerging alternative (bio-) fuels and strict regulation on
                                 pollutant emissions also require comprehensive understanding of real fuel combustion.","[""combustion"",""chemistry"",""engines"",""low"",""recent""]",https://www.sc.edu/study/colleges_schools/engineering_and_computing/faculty-staff/sang_hee_won.php,"Consequently , these advanced engines have been designed to operate at near limit conditions high pressures and low temperatures , where the critical combustion behaviors become dominated by combustion chemistry through complex interactions with thermo fluid dynamics .
Recent efforts to certificate emerging alternative bio fuels and strict regulation on pollutant emissions also require comprehensive understanding of real fuel combustion ."
306,"Wright, Patrick M., Sr.","Instructor, Integrated Information Technology",Faculty,Cisco Academy Instructor s CoursesOthers,,"[""cisco"",""academy"",""coursesothers"",""instructor""]",https://www.sc.edu/study/colleges_schools/engineering_and_computing/faculty-staff/wright_patrick.php,Cisco Academy Instructor s CoursesOthers
307,"Wu, Dezhi",Associate Professor,Faculty,"IBM Innovation Center 550 Assembly Street , Suite 1300Office 1313 , Columbia , SC 29298",,"[""street"",""center"",""ibm"",""assembly"",""innovation"",""columbia""]",https://www.sc.edu/study/colleges_schools/engineering_and_computing/faculty-staff/dezhiwu.php,"IBM Innovation Center 550 Assembly Street , Suite 1300Office 1313 , Columbia , SC 29298"
309,"Xue, Xingjian (Chris) ","Associate Professor, Mechanical Engineering",Faculty,"Dr . Xue s research interests include Solid Oxide Fuel Cells , Solid Oxide Electrolysis Cells , Gas Separation Membranes , Materials for Electrochemical Energy Conversion and Storage , Reliability and Durability of Functional and Structural Materials , Transport Phenomena and Electrochemical Kinetics .","Dr. Xue’s research interests include Solid Oxide Fuel Cells, Solid Oxide Electrolysis
                                    Cells, Gas Separation Membranes, Materials for Electrochemical Energy Conversion and
                                    Storage, Reliability and Durability of Functional and Structural Materials, Transport
                                    Phenomena and Electrochemical Kinetics.","[""solid"",""cells"",""electrochemical"",""materials"",""oxide""]",https://www.sc.edu/study/colleges_schools/engineering_and_computing/faculty-staff/xue_xingjian.php,
310,"Yu, Lingyu ",Associate Dean for Strategic Engagement and Access ,Faculty,"Dr . Lingyu Yu s research interests include structural health monitoring SHM and nondestructive evaluation NDE using ultrasonic guided waves supported by active sensor technology , theoretical modeling , advanced signal processing and data analysis damage diagnosis in complicated structures scanning laser vibrometry for guided wave propagation and mechatronics . Current research efforts include developing a multi scale damage detection approach on composite structures , developing imaging strategies for permanently installed SHM system to perform in situ damage detection , and exploiting advances made in other areas to introduce innovative methods into SHM NDE . Applications of this type of research include condition monitoring of the aircraft structures and systems , integrity monitoring of large composite structures , detecting and quantifying cracks in metal structures such as steel bridges and their subsequent propagation , corrosion growth monitoring in piping structures , and many more .","Dr. Lingyu Yu’s research interests include structural health monitoring (SHM) and
                                 nondestructive evaluation (NDE) using ultrasonic guided waves supported by active
                                 sensor technology, theoretical modeling, advanced signal processing and data analysis;
                                 damage diagnosis in complicated structures; scanning laser vibrometry for guided wave
                                 propagation; and mechatronics. Current research efforts include developing a multi-scale
                                 damage detection approach on composite structures, developing imaging strategies for
                                 permanently installed SHM system to perform in-situ damage detection, and exploiting
                                 advances made in other areas to introduce innovative methods into SHM/NDE.","[""structures"",""damage"",""shm"",""research"",""monitoring""]",https://www.sc.edu/study/colleges_schools/engineering_and_computing/faculty-staff/yu_lingyu.php,"Lingyu Yu s research interests include structural health monitoring SHM and nondestructive evaluation NDE using ultrasonic guided waves supported by active sensor technology , theoretical modeling , advanced signal processing and data analysis damage diagnosis in complicated structures scanning laser vibrometry for guided wave propagation and mechatronics .
Current research efforts include developing a multi scale damage detection approach on composite structures , developing imaging strategies for permanently installed SHM system to perform in situ damage detection , and exploiting advances made in other areas to introduce innovative methods into SHM NDE ."
311,"Yuan, Lang",Associate Professor,Faculty,"Dr . Yuan s research focuses on microstructure and defect formation during alloy solidification for Additive Manufacturing , casting and remelting technologies . His research interests also include Integrated Computational Materials Engineering , discrete element modeling , process development and optimization for additive , nucleation , X Ray imaging and diffraction of solidification phenomena and data sciences .","Dr. Yuan’s research focuses on microstructure and defect formation during alloy solidification
                                 for Additive Manufacturing, casting and remelting technologies. His research interests
                                 also include Integrated Computational Materials Engineering, discrete element modeling,
                                 process development and optimization for additive, nucleation, X-Ray imaging and diffraction
                                 of solidification phenomena and data sciences.","[""research"",""solidification"",""modeling"",""additive""]",https://www.sc.edu/study/colleges_schools/engineering_and_computing/faculty-staff/lang_yuan.php,"His research interests also include Integrated Computational Materials Engineering , discrete element modeling , process development and optimization for additive , nucleation , X Ray imaging and diffraction of solidification phenomena and data sciences .Dr. Yuan’s research focuses on microstructure and defect formation during alloy solidification"
312,"Yuan, Susan",Administrative Coordinator,Faculty,,,,https://www.sc.edu/study/colleges_schools/engineering_and_computing/faculty-staff/yuan_susan.php,
313,"Zand, Ramtin","Assistant Professor, Computer Science and Engineering",Faculty,"Dr . Zand s research interests involve Hardware Design for Machine Learning Systems , Neuromorphic Computing , Emerging Nanoscale Electronics including spintronic devices , Reconfigurable and Adaptive Computer Architectures , and Low Power and Reliability Aware VLSI Circuits .","
Ph.D., Computer Engineering, University of Central Florida (UCF), 2019
M.S., Electrical Engineering, Sharif University of Technology, 2012
","[""engineering"",""university"",""computer""]",https://www.sc.edu/study/colleges_schools/engineering_and_computing/faculty-staff/zand.php,
314,"Zhang, Bin","Associate Professor, Electrical Engineering",Faculty,"SwearingenRoom 3A22301 Main StreetColumbia , SC 29208",,"[""swearingenroom"",""streetcolumbia"",""main""]",https://www.sc.edu/study/colleges_schools/engineering_and_computing/faculty-staff/zhangbin.php,"SwearingenRoom 3A22301 Main StreetColumbia , SC 29208"
315,"Zhang, Qi",Assistant Professor,Faculty,"My research interest is in artificial intelligence and reinforcement learning . The long term goal of my research is to build safe , reliable , and trustworthy AI systems that retain their power and flexibility to handle complex , diverse contexts . To this end , I develop and analyze decision making algorithms for uncertain , dynamic environments .",,"[""research"",""handle"",""learning"",""safe"",""retain"",""trustworthy"",""develop""]",https://www.sc.edu/study/colleges_schools/engineering_and_computing/faculty-staff/qi_zhang.php,
316,"Zhou, Caizhi",Associate Professor,Faculty,"Dr . Zhou s research focuses on understanding the fundamental strengthening , deformation and failure mechanisms of advanced structural materials , by integrating both experimental and computational approaches , and provide a scientific basis for design and processing advanced materials with superior properties .","Dr. Zhou's research focuses on understanding the fundamental strengthening, deformation
                                 and failure mechanisms of advanced structural materials, by integrating both experimental
                                 and computational approaches, and provide a scientific basis for design and processing
                                 advanced materials with superior properties.","[""materials"",""advanced"",""processing"",""strengthening"",""failure""]",https://www.sc.edu/study/colleges_schools/engineering_and_computing/faculty-staff/caizhizhou.php,
317,"Ziehl, Paul",Associate Dean for Research,Faculty,"Swearingen Engineering Center301 Main Street , Suite 3A41Columbia , SC 29208Dr . Paul Ziehl is the Associate Dean for Research in the College of Engineering and Computing at the University of South Carolina , where he serves to understand and align capabilities of the faculty and the research enterprise of the College . He is a professor of structural engineering in the Departments of Mechanical and Civil and Environmental Engineering . Dr . Ziehl has experience in the management of and interest in joint venture projects involving multiple universities and industrial collaborators . He has served as the Principal Investigator at the University of South Carolina for a four year NIST sponsored joint venture project for edge analytics and development of a commercially deployed wireless structural prognosis system .",,"[""engineering"",""south"",""joint"",""ziehl"",""college"",""carolina"",""structural""]",https://www.sc.edu/study/colleges_schools/engineering_and_computing/faculty-staff/ziehl_paul.php,He has served as the Principal Investigator at the University of South Carolina for a four year NIST sponsored joint venture project for edge analytics and development of a commercially deployed wireless structural prognosis system .