,nsf_proposal_links_v1,title,synopsis
0,https://www.nsf.gov/pubs/2020/nsf20540/nsf20540.htm,NSF-Simons Research Collaborations on the Mathematical and Scientific Foundations of Deep Learning,"The National Science Foundation Directorates for Mathematical and Physical Sciences (MPS), Computer and Information Science and Engineering (CISE), Engineering (ENG), and the Simons Foundation Division of Mathematics and Physical Sciences will jointly sponsor up to two new research collaborations consisting of mathematicians, statisticians, electrical engineers, and theoretical computer scientists. Research activities will be focused on explicit topics involving some of the most challenging questions in the general area of Mathematical and Scientific Foundations of Deep Learning. Each collaboration will conduct training through research involvement of recent doctoral degree recipients, graduate students, and/or undergraduate students from across this multi-disciplinary spectrum. Annual meetings of the Principal Investigators (“PIs”) and other principal researchers involved in the collaborations will be held at the Simons Foundation in New York City. This program complements NSF's National Artificial Intelligence Research Institutes program by supporting collaborative research focused on the mathematical and scientific foundations of Deep Learning through a different modality and at a different scale."
1,https://www.nsf.gov/pubs/2018/nsf18501/nsf18501.htm,Collaborative Research in Computational Neuroscience,"Computational neuroscience provides a theoretical foundation and a rich set of technical approaches for understanding complex neurobiological systems, building on the theory, methods, and findings of computer science, neuroscience, and numerous other disciplines."
2,https://www.nsf.gov/pubs/2020/nsf20609/nsf20609.htm,Collaborative Research in Computational Neuroscience,"Computational neuroscience provides a theoretical foundation and a rich set of technical approaches for understanding complex neurobiological systems, building on the theory, methods, and findings of computer science, neuroscience, and numerous other disciplines."
3,https://www.nsf.gov/pubs/2018/nsf18591/nsf18591.htm,Collaborative Research in Computational Neuroscience,"Computational neuroscience provides a theoretical foundation and a rich set of technical approaches for understanding complex neurobiological systems, building on the theory, methods, and findings of computer science, neuroscience, and numerous other disciplines."
4,https://www.nsf.gov/pubs/2008/nsf08514/nsf08514.htm,Collaborative Research in Computational Neuroscience,"Computational neuroscience provides a theoretical foundation and a rich set of technical approaches for understanding the functions of complex neurobiological systems, building on the theory, methods, and findings of computer science, neuroscience, and numerous other disciplines.  Through the CRCNS program, participating NSF Directorates and NIH Institutes support innovative interdisciplinary collaborative research to make significant advances in the understanding of nervous system function, mechanisms underlying nervous system disorders, and computational strategies used by the nervous system."
5,https://www.nsf.gov/pubs/2003/nsf03600/nsf03600.htm,Artificial Intelligence & Cognitive Science,The Artificial Intelligence and Cognitive Science
6,https://www.nsf.gov/pubs/2015/nsf15595/nsf15595.htm,Collaborative Research in Computational Neuroscience,"Computational neuroscience provides a theoretical foundation and a rich set of technical approaches for understanding complex neurobiological systems, building on the theory, methods, and findings of computer science, neuroscience, and numerous other disciplines."
7,https://www.nsf.gov/pubs/2014/nsf14504/nsf14504.htm,Collaborative Research in Computational Neuroscience,"Computational neuroscience provides a theoretical foundation and a rich set of technical approaches for understanding complex neurobiological systems, building on the theory, methods, and findings of computer science, neuroscience, and numerous other disciplines."
8,https://www.nsf.gov/pubs/2016/nsf16607/nsf16607.htm,Collaborative Research in Computational Neuroscience,"Computational neuroscience provides a theoretical foundation and a rich set of technical approaches for understanding complex neurobiological systems, building on the theory, methods, and findings of computer science, neuroscience, and numerous other disciplines."
9,https://www.nsf.gov/pubs/2011/nsf11505/nsf11505.htm,Collaborative Research in Computational Neuroscience,"Computational neuroscience provides a theoretical foundation and a rich set of technical approaches for understanding complex neurobiological systems, building on the theory, methods, and findings of computer science, neuroscience, and numerous other disciplines."
10,https://www.nsf.gov/pubs/2003/nsf03512/nsf03512.htm,NSF Funding Opportunity Document: SENSORS AND SENSOR NETWORKS,"The National Science Foundation (NSF), through the Directorate for Engineering and the Directorate for Computer and Information Science and Engineering, announces a broad interdisciplinary program of research and education in the area of advanced sensor development. This solicitation seeks to advance fundamental knowledge in the areas of sensor design, materials and concepts, including sensors for toxic chemicals, explosives and biological agents, sensor networking systems in a distributed environment, the integration of sensors into engineered systems, and the interpretation and use of sensor data in decision-making processes. The Directorate for Mathematical and Physical Sciences, the Directorate for Biological Sciences, the Directorate for Geosciences, and the Office of Polar Programs plan to participate in the reviews and identify proposals of mutual interest and may provide co-funding for programs of high quality that meet their programmatic requirements."
11,https://www.nsf.gov/pubs/2004/nsf04522/nsf04522.htm,Sensors and Sensor Networks nsf04522,The National Science Foundation (NSF) announces
12,https://www.nsf.gov/pubs/2010/nsf10614/nsf10614.htm,Nanoelectronics for 2020 and Beyond (NEB),"The National Science Foundation (NSF), through its Directorates for Engineering, Mathematical and Physical Sciences, and Computer & Information Science & Engineering, together with the semiconductor industry’s Nanoelectronics Research Initiative (NRI) plan to jointly support innovative research and education activities on the topic of Nanoelectronics for 2020 and Beyond (NEB). These activities will be supported as interdisciplinary research team awards."
13,https://www.nsf.gov/pubs/2005/nsf05526/nsf05526.htm,Sensors and Sensor Networks (Sensors),"The National Science Foundation (NSF), through the"
14,https://www.nsf.gov/pubs/2004/nsf04540/nsf04540.htm,Research in Networking Technology and Systems,Computer and communications networks are among society's most important
15,https://www.nsf.gov/pubs/2016/nsf16537/nsf16537.htm,Enhancing Access to the Radio Spectrum,"The National Science Foundation's Directorates for Computer and Information Science and Engineering (CISE), Engineering (ENG), and Mathematical and Physical Sciences (MPS) are coordinating efforts to identify bold new concepts with the potential to contribute towards significant improvements in the efficiency of radio spectrum utilization, protection of passive sensing services, and the ability for traditionally underserved Americans to benefit from current and future wireless-enabled goods and services. This EARS program solicitation seeks to fund innovative collaborative research addressing large-scale challenges that transcend the traditional boundaries of existing programs."
16,https://www.nsf.gov/pubs/2015/nsf15550/nsf15550.htm,Enhancing Access to the Radio Spectrum,"The National Science Foundation's Directorates for Mathematical and Physical Sciences (MPS), Engineering (ENG), and Computer and Information Science and Engineering (CISE) are coordinating efforts to identify bold new concepts with the potential to contribute to significant improvements in the efficiency of radio spectrum utilization, protection of passive sensing services, and in the ability for traditionally underserved Americans to benefit from current and future wireless-enabled goods and services. EARS seeks to fund innovative collaborative research that transcends the traditional boundaries of existing programs, such as research that spans disciplines covered by two or more of the participating NSF directorates."
17,https://www.nsf.gov/pubs/2016/nsf16604/nsf16604.htm,Scalable Nanomanufacturing for Integrated Systems,The National Science Foundation (NSF) announces a 7th (seventh) year of a solicitation on collaborative research and education in the area of Scalable Nanomanufacturing for Integrated Systems (SNM-IS). This solicitation is in response to and is a component of the National Nanotechnology Initiative (NNI) Signature Initiative: Sustainable Nanomanufacturing - Creating the Industries of the Future (http://www.nano.gov/NSINanomanufacturing).
18,https://www.nsf.gov/pubs/2020/nsf20511/nsf20511.htm,Addressing Systems Challenges through Engineering Teams (ASCENT) (nsf20511) | NSF - National Science Foundation,"The Electrical, Communications and Cyber Systems Division (ECCS) supports enabling and transformative engineering research at the nano, micro, and macro scales that fuels progress in engineering system applications with high societal impact. This includes fundamental engineering research underlying advanced devices and components and their seamless penetration in power, controls, networking, communications or cyber systems. The research is envisioned to be empowered by cutting-edge computation, synthesis, evaluation, and analysis technologies and is to result in significant impact for a variety of application domains in healthcare, homeland security, disaster mitigation, telecommunications, energy, environment, transportation, manufacturing, and other systems-related areas. ECCS also supports new and emerging research areas encompassing 5G and Beyond Spectrum and Wireless Technologies, Quantum Information Science, Artificial Intelligence, Machine Learning, and Big Data."
19,https://www.nsf.gov/pubs/2006/nsf06516/nsf06516.htm,Networking Technology and Systems (NeTS),"Computer and communication networks are among society's most important infrastructures. Networks are vital to the operation of many sectors of our society — from financial and manufacturing to education and healthcare — and they are engines for economic growth. However, with the existing network architecture stressed and reaching the limits of its capabilities, significant innovations are necessary to give rise to new applications and to meet current and future demands on the existing Internet."
20,https://www.nsf.gov/pubs/2018/nsf18561/nsf18561.htm,Division of,"This solicitation applies to nine CHE Disciplinary Chemistry Research Programs: Chemical Catalysis (CAT); Chemical Measurement and Imaging (CMI); Chemical Structure, Dynamics and Mechanisms-A (CSDM-A); Chemical Structure Dynamics and Mechanisms-B (CSDM-B); Chemical Synthesis( SYN); Chemical Theory, Models and Computational Methods (CTMC); Chemistry of Life Processes (CLP); Environmental Chemical Sciences (ECS); and Macromolecular, Supramolecular and Nanochemistry (MSN)."
21,https://www.nsf.gov/pubs/2020/nsf20577/nsf20577.htm,Division of Chemistry: Disciplinary Research Programs,"This solicitation applies to nine CHE Disciplinary Chemistry Research Programs: Chemical Catalysis (CAT); Chemical Measurement and Imaging (CMI); Chemical Structure, Dynamics and Mechanisms-A (CSDM-A); Chemical Structure Dynamics and Mechanisms-B (CSDM-B); Chemical Synthesis (SYN); Chemical Theory, Models and Computational Methods (CTMC); Chemistry of Life Processes (CLP); Environmental Chemical Sciences (ECS); and Macromolecular, Supramolecular and Nanochemistry (MSN)."
22,https://www.nsf.gov/pubs/2019/nsf19577/nsf19577.htm,Division of,"This solicitation applies to nine CHE Disciplinary Chemistry Research Programs: Chemical Catalysis (CAT); Chemical Measurement and Imaging (CMI); Chemical Structure, Dynamics and Mechanisms-A (CSDM-A); Chemical Structure Dynamics and Mechanisms-B (CSDM-B); Chemical Synthesis (SYN); Chemical Theory, Models and Computational Methods (CTMC); Chemistry of Life Processes (CLP); Environmental Chemical Sciences (ECS); and Macromolecular, Supramolecular and Nanochemistry (MSN)."
23,https://www.nsf.gov/pubs/2004/nsf04503/nsf04503.htm,Instrumentation for Materials Research,The IMR Program supports the acquisition and/or development of research
24,https://www.nsf.gov/pubs/2005/nsf05522/nsf05522.htm,Instrumentation for Materials Research (IMR),"The IMR Program supports the acquisition and/or development of research instruments that will provide new capability and/or advance current capability to: (1) discover fundamental phenomena in materials; (2) synthesize, process, and/or characterize the composition, structure, properties, and performance of materials; and (3) improve the quality, expand the scope, and foster and enable the integration of research and education in research-intensive environments."
25,https://www.nsf.gov/pubs/2007/nsf07600/nsf07600.htm,Instrumentation for Materials Research,"The IMR Program supports the acquisition and/or development of research instruments that will provide new capability and/or advance current capability to: (1) discover fundamental phenomena in materials; (2) synthesize, process, and/or characterize the composition, structure, properties, and performance of materials; and (3) improve the quality, expand the scope, and foster and enable the integration of research and education in research-intensive environments."
26,https://www.nsf.gov/pubs/2004/nsf04534/nsf04534.htm,Chemistry Research Instrumentation and Facilities: Instrument Development,The Chemistry Research Instrumentation and Facilities Program (CRIF) is structured to enable the National Science Foundation's Division of Chemistry to respond to a variety of needs for infrastructure--instrumentation and facilities--that promotes basic research and education in areas traditionally supported by the Division.
27,https://www.nsf.gov/pubs/2017/nsf17580/nsf17580.htm,Division of Materials Research: Topical Materials Research Programs,"Research supported by the Division of Materials Research (DMR) focuses on advancing fundamental understanding of materials, materials discovery, design, synthesis, characterization, properties, and materials-related phenomena. DMR awards enable understanding of the electronic, atomic, and molecular structures, mechanisms, and processes that govern nanoscale to macroscale morphology and properties; manipulation and control of these properties; discovery of emerging phenomena of matter and materials; and creation of novel design, synthesis, and processing strategies that lead to new materials with unique characteristics. These discoveries and advancements transcend traditional scientific and engineering disciplines. The Division supports research and education activities in the United States through funding of individual investigators, teams, centers, facilities, and instrumentation. Projects supported by DMR are essential for the development of future technologies and industries that meet societal needs, as well preparation of the next generation of materials researchers."
28,https://www.nsf.gov/pubs/2012/nsf12593/nsf12593.htm,Materials World Network: Cooperative Activity in Materials Research between US Investigators and their Counterparts Abroad (MWN)(nsf12593),"The National Science Foundation (NSF) is working jointly with counterpart national, regional and multinational funding organizations worldwide to enhance opportunities for collaborative activities in materials research and education between US investigators and their colleagues abroad. This solicitation promotes joint activities between the NSF Division of Materials Research (DMR)and funding organizations in Africa, Asia, the Americas and Europe."
29,https://www.nsf.gov/pubs/2006/nsf06563/nsf06563.htm,Geobiology and Low-Temperature Geochemistry,"The Geobiology and Low-Temperature Geochemistry Program supports research on 1) the interactions between biological and geological systems at all scales of space and time; 2) geomicrobiology and biomineralization processes; 3) the role of life in the evolution of the Earth’s system; 4) inorganic and organic geochemical processes occurring at or near the Earth’s surface now and in the past, and at the broad spectrum of interfaces ranging in scale from planetary and regional to mineral-surface and supramolecular; 5) mineralogy and chemistry of soils and sediments; 6) surficial chemical and biogeochemical systems and cycles and their modification through natural and anthropogenic change; and 7) development of tools, methods, and models for low-temperature geochemistry and geobiological research. The Geobiology and Low-Temperature Geochemistry Program facilitates cross-disciplinary efforts to harness new bioanalytical tools – such as those emerging from molecular biology – in the study of the terrestrial environment."
30,https://www.nsf.gov/pubs/2019/nsf19529/nsf19529.htm,"Spectrum Efficiency, Energy Efficiency, and Security (SpecEES):","The National Science Foundation's Directorates for Engineering (ENG) and Computer and Information Science and Engineering (CISE) are coordinating efforts to identify bold new concepts to significantly improve the efficiency of radio spectrum utilization while addressing new challenges in energy efficiency and security, thus enabling spectrum access for all users and devices, and allowing traditionally underserved Americans to benefit from wireless-enabled goods and services. The SpecEES program solicitation (pronounced ""SpecEase"") seeks to fund innovative collaborative team research that transcends the traditional boundaries of existing programs."
31,https://www.nsf.gov/pubs/2017/nsf17601/nsf17601.htm,"Spectrum Efficiency, Energy Efficiency, and Security (SpecEES): Enabling Spectrum for All","The National Science Foundation's Directorates for Engineering (ENG) and Computer and Information Science and Engineering (CISE) are coordinating efforts to identify bold new concepts to significantly improve the efficiency of radio spectrum utilization while addressing new challenges in energy efficiency and security, thus enabling spectrum access for all users and devices, and allowing traditionally underserved Americans to benefit from wireless-enabled goods and services. The SpecEES program solicitation (pronounced ""SpecEase"") seeks to fund innovative collaborative research that transcends the traditional boundaries of existing programs."
32,https://www.nsf.gov/pubs/2016/nsf16616/nsf16616.htm,"Spectrum Efficiency, Energy Efficiency, and Security (SpecEES):","The National Science Foundation's Directorates for Engineering (ENG) and Computer and Information Science and Engineering (CISE) are coordinating efforts to identify bold new concepts to significantly improve the efficiency of radio spectrum utilization while addressing new challenges in energy efficiency and security, thus enabling spectrum access for all users and devices, and allowing traditionally underserved Americans to benefit from wireless-enabled goods and services. The SpecEES program solicitation (pronounced ""SpecEase"") seeks to fund innovative collaborative research that transcends the traditional boundaries of existing programs."
33,https://www.nsf.gov/pubs/2018/nsf18569/nsf18569.htm,Computer and Network Systems (CNS): Core Programs,"CISE’s Division of Computer and Network Systems (CNS) supports research and education projects that take a system-oriented approach to the development of novel computing and networking technologies, or to the enhancement of existing systems in any of several dimensions, or that explore new ways to make use of existing technologies."
34,https://www.nsf.gov/pubs/2014/nsf14529/nsf14529.htm,Enhancing Access to the Radio Spectrum,"The National Science Foundation's Directorates for Mathematical and Physical Sciences (MPS), Engineering (ENG), and Computer and Information Science and Engineering (CISE) are coordinating efforts to identify bold new concepts with the potential to contribute to significant improvements in the efficiency of radio spectrum utilization, and in the ability for traditionally underserved Americans to benefit from current and future wireless-enabled goods and services. EARS seeks to fund innovative collaborative research that transcends the traditional boundaries of existing programs, such as research that spans disciplines covered by two or more of the participating NSF directorates."
35,https://www.nsf.gov/pubs/2005/nsf05505/nsf05505.htm,Networking Technology and Systems (NeTS),Computer and communication networks are among society's most important infrastructures.
36,https://www.nsf.gov/pubs/2003/nsf03607/nsf03607.htm,"Collaborative Large-Scale Engineering Analysis Network for Environmental Research (CLEANER): An Engineering Cyberinfrastructure""Test Bed""","Through planning grants, the NSF Directorate for Engineering is"
37,https://www.nsf.gov/pubs/2004/nsf04538/nsf04538.htm,NSF Funding Opportunity Document: Mathematical Sciences: Innovations at the Interface with the Sciences and Engineering,"This solicitation describes many of the opportunities available for support through the Foundation’s Mathematical Sciences Priority Area (MSPA). Investments in the Mathematical Sciences will deepen support for fundamental research in mathematics and statistics, and the integration of mathematical and statistical research across the full range of science and engineering disciplines. Initial investments in interdisciplinary research will focus primarily on mathematical and statistical challenges posed by large data sets, managing and modeling uncertainty, and modeling complex nonlinear systems. Innovative educational activities that foster closer connections between research and education in the mathematical sciences will also be supported. In FY2004, a set of focused competitions will be supported; these are described or referenced in this solicitation."
38,https://www.nsf.gov/pubs/2007/nsf07534/nsf07534.htm,Mathematical Sciences: Innovations at the Interface with Computer Sciences (MSPA-MCS),This solicitation describes the opportunities available for support through the Foundation’s Mathematical Sciences Priority Area in the following category:
39,https://www.nsf.gov/pubs/2003/nsf03575/nsf03575.htm,Enhancing the Mathematical Sciences Workforce in the 21st Century,The long-range goal of the EMSW21 program
40,https://www.nsf.gov/pubs/2004/nsf04600/nsf04600.htm,Enhancing the Mathematical Sciences Workforce in the 21st Century (EMSW21),The long-range goal of the EMSW21 program
41,https://www.nsf.gov/pubs/2015/nsf15551/nsf15551.htm,"Presidential Awards for Excellence in Science, Mathematics and Engineering Mentoring (PAESMEM) (nsf15551)","The Presidential Awards for Excellence in Science, Mathematics and Engineering Mentoring (PAESMEM) is a Presidential award established by the White House in 1995. The PAESMEM program is administered by the National Science Foundation (NSF) on behalf of the White House Office of Science and Technology Policy (OSTP)."
42,https://www.nsf.gov/pubs/2005/nsf05617/nsf05617.htm,East Asia and Pacific Summer Institutes for U.S. Graduate Students (EAPSI),"The East Asia and Pacific Summer Institutes (EAPSI) provide U.S. graduate students in science and engineering 1) first-hand research experience in Australia, China, Japan, Korea, or Taiwan; 2) an introduction to the science and science policy infrastructure of the respective location; and 3) orientation to the society, culture and language. The primary goals of EAPSI are to introduce students to East Asia and Pacific science and engineering in the context of a research laboratory, and to initiate personal relationships that will better enable them to collaborate with foreign counterparts in the future. The institutes last approximately eight weeks from June to August. The National Institutes of Health (NIH) co-sponsor the Summer Institute in Japan."
43,https://www.nsf.gov/pubs/2008/nsf08593/nsf08593.htm,Graduate Research Fellowship Program,"The National Science Foundation aims to ensure the vitality of the human resource base of science, technology, engineering, and mathematics in the United States and to reinforce its diversity by offering approximately 900-1,600 graduate fellowships in this competition pending availability of funds. The Graduate Research Fellowship provides three years of support for graduate study leading to research-based master’s or doctoral degrees and is intended for students who are in the early stages of their graduate study. The Graduate Research Fellowship Program (GRFP) invests in graduate education for a cadre of diverse individuals who demonstrate their potential to successfully complete graduate degree programs in disciplines relevant to the mission of the National Science Foundation."
44,https://www.nsf.gov/pubs/2005/nsf05601/nsf05601.htm,Graduate Research Fellowship Program (GRFP),"The National Science Foundation aims to ensure the vitality of the human resource base of science, technology, engineering, and mathematics in the United States and to reinforce its diversity by offering approximately 1,000 graduate fellowships in this competition. The Graduate Research Fellowship provides three years of support for graduate study leading to research-based master’s or doctoral degrees and is intended for students who are at the early stages of their graduate study. The Graduate Research Fellowship Program (GRFP) invests in graduate education for a cadre of diverse individuals who demonstrate their potential to successfully complete graduate degree programs in disciplines relevant to the mission of the National Science Foundation."
45,https://www.nsf.gov/pubs/2004/nsf04615/nsf04615.htm,Graduate Research Fellowship Program (GRFP),The National Science Foundation aims
46,https://www.nsf.gov/pubs/2006/nsf06592/nsf06592.htm,Graduate Research Fellowship Program (GRFP) nsf06592,"The National Science Foundation aims to ensure the vitality of the human resource base of science, technology, engineering, and mathematics in the United States and to reinforce its diversity by offering approximately 1,000 graduate fellowships in this competition. The Graduate Research Fellowship provides three years of support for graduate study leading to research-based master’s or doctoral degrees and is intended for students who are at the early stages of their graduate study. The Graduate Research Fellowship Program (GRFP) invests in graduate education for a cadre of diverse individuals who demonstrate their potential to successfully complete graduate degree programs in disciplines relevant to the mission of the National Science Foundation."
47,https://www.nsf.gov/pubs/2004/nsf04609/nsf04609.htm,Computer Systems Research (CSR),"Computer systems are ubiquitous, and society is increasingly dependent on them. They range from microprocessors embedded in automobiles and appliances to worldwide grids of advanced processors, storage, graphics devices, and instruments interconnected by high-speed networks.  They are controlled by systems software, which has two main roles:  manage the underlying hardware resources, and provide abstractions and services that facilitate the implementation and execution of application programs.    However, too often computer systems fail, become compromised, or perform poorly. Moreover, they have become increasingly large and complex, thereby compounding problems.  Addressing these challenges requires major advances in systems software."
48,https://www.nsf.gov/pubs/2005/nsf05629/nsf05629.htm,Computer Systems Research (CSR),"Computer systems are ubiquitous, and society is increasingly dependent on them. They range from microprocessors embedded in automobiles and appliances to worldwide grids of advanced processors, storage, graphics devices, and instruments interconnected by high-speed networks. They are controlled by systems software, which has two main roles: manage the underlying hardware resources, and provide abstractions and services that facilitate the implementation and execution of application programs. However, too often, computer systems fail, become compromised, or perform poorly. Moreover, they have become increasingly large and complex, thereby compounding problems. Addressing these challenges requires major advances in systems software."
49,https://www.nsf.gov/pubs/2015/nsf15511/nsf15511.htm,Exploiting Parallelism and Scalability,Computing systems have undergone a fundamental transformation from the single-processor devices of the turn of the century to today's ubiquitous and networked devices and warehouse-scale computing via the cloud. Parallelism is abundant at many levels.
50,https://www.nsf.gov/pubs/2014/nsf14516/nsf14516.htm,Exploiting Parallelism and Scalability (XPS) (nsf14516),Computing systems have undergone a fundamental transformation from the single-processor devices of the turn of the century to today's ubiquitous and networked devices and warehouse-scale computing via the cloud. Parallelism is abundant at many levels.
51,https://www.nsf.gov/pubs/2007/nsf07504/nsf07504.htm,Computer Systems Research,"Computer systems are ubiquitous, and society is increasingly dependent on them. They range from microprocessors embedded in automobiles and appliances, to worldwide grids of advanced processors, storage, graphics devices, and instruments interconnected by high-speed networks. Computer systems include large amounts of systems software.  Systems software has two main roles: to provide abstractions and services that facilitate the implementation and execution of application programs; and, to orchestrate effective use of the underlying hardware resources through these abstractions and services.  Computer systems are being applied to increasingly demanding applications. The environments in which they function and the resource configurations to be orchestrated are becoming more diverse, distributed and dynamic. While the time scales for control decisions are shrinking, the scale and complexity of the systems are increasing.  The assumptions underlying current system software no longer hold in many cases. Moreover, current computer systems often fail, become compromised or perform poorly because of failures of system software. Responding to these challenges requires new directions in computer systems research."
52,https://www.nsf.gov/pubs/2007/nsf07523/nsf07523.htm,Emerging Models and Technologies for Computation,"The EMT program seeks to advance the fundamental capabilities of computer and information sciences and engineering by capitalizing on advances and insights from areas such as biological systems, quantum phenomena, nanoscale science and engineering, and other novel computing concepts. To bring fundamental changes to software, hardware and architectural design aspects of future computing models, collaborations among computer scientists, engineers, mathematicians, biologists and other disciplinary scientists are imperative."
53,https://www.nsf.gov/pubs/2005/nsf05626/nsf05626.htm,Emerging Models and Technologies for Computation (EMT),"The EMT program seeks to advance the fundamental capabilities of computer and information sciences and engineering by capitalizing on advances and insights from areas such as biological systems, quantum phenomena, nanoscale science and engineering, and other novel computing concepts. To bring fundamental changes to software, hardware and architectural design aspects of future computing models, collaborations among computer scientists, engineers, mathematicians, biologists and other disciplinary scientists are imperative."
54,https://www.nsf.gov/pubs/2008/nsf08584/nsf08584.htm,Multicore Chip Design and Architecture:,"As Moore’s law scaling runs its course, researchers in industry and academia must explore new means by which to ensure continued technological advances in computing.  CMOS scaling is increasingly limited by the realities imposed by physics, making architectural innovations the most likely means by which to achieve increased computational performance. Multicore-based systems that modularly integrate multiple, heterogeneous processor cores on a single chip promise computational performance enhancements for both high and low end computing platforms (e.g., from petaflop machines to embedded systems)."
55,https://www.nsf.gov/pubs/2013/nsf13507/nsf13507.htm,Exploiting Parallelism and Scalability (XPS)(nsf13507),"Computing systems have undergone a fundamental transformation from the single-processor devices of the turn of the century to today's ubiquitous and networked devices and warehouse-scale computing via the cloud. Parallelism has become ubiquitous at many levels. The proliferation of multi- and many-core processors, ever-increasing numbers of interconnected high performance and data intensive edge devices, and the data centers servicing them, is enabling a new set of global applications with large economic and social impact. At the same time, semiconductor technology is facing fundamental physical limits and single processor performance has plateaued."
56,https://www.nsf.gov/pubs/2015/nsf15591/nsf15591.htm,"Ideas Lab: Measuring ""Big G"" Challenge","The gravitational constant, G, describes the strength of gravitation, the weakest of the four fundamental interactions in nature. Although several hundred measurements of this constant have been performed over the last two and a quarter centuries, recent experiments differ by as much as 0.05%, about 40 times the uncertainty of the most precise experiment."
57,https://www.nsf.gov/pubs/2005/nsf05500/nsf05500.htm,Theoretical Foundations (TF),"The Theoretical Foundations (TF) cluster is the sucessor to the Formal and Mathematical Foundations cluster which was described in the solicitation, NSF"
58,https://www.nsf.gov/pubs/2003/nsf03560/nsf03560.htm,NSF Funding Opportunity Document: Biomedical Engineering Program and Research to Aid Persons with Disabilities Program (BME/RAPD),"The BME/RAPD programs encompass (a) the Biomedical Engineering program (BME) and (b) the Research to Aid Persons with Disabilities program (RAPD). The Biophotonics area is part of BME but is broken out separately because of its rapid growth in size and scope. Biomedical Engineering supports research that, often with diagnosis or treatment-related goals, applies engineering principles to problems in biology and medicine while advancing the engineering knowledge base. Integration of engineering expertise with life science principles is an essential requirement for advances in this field. The RAPD program supports the development of technologies for new and improved devices or software for persons with disabilities. Current areas of particular interest in BME/RAPD are biomedical photonics; novel tissue characterization schemes; new cellular and tissue engineering concepts; the innovative integration of multi-disciplinary technologies for new imaging and biosensing systems; and, home care technologies related to chronic illness, persons with disabilities, and the aging. Support is provided through submission of unsolicited proposals as well as through special initiatives. Additional information about BME/RAPD is found at http://www.eng.nsf.gov/bes/."
59,https://www.nsf.gov/pubs/2004/nsf04520/nsf04520.htm,Formal and Mathematical Foundations (FMF) nsf04520,The FMF cluster seeks to determine inherent
60,https://www.nsf.gov/pubs/2006/nsf06566/nsf06566.htm,"Biomedical Engineering, Research to Aid Persons with Disabilities, and Biophotonics Programs","The BME/RAPD programs encompass (a) the Biomedical Engineering program (BME) and (b) the Research to Aid Persons with Disabilities program (RAPD). The Biophotonics area is part of BME but is broken out separately because of its rapid growth in size and scope. Biomedical Engineering supports research that, often with diagnosis or treatment-related goals, applies engineering principles to problems in biology and medicine while advancing the engineering knowledge base. Integration of engineering expertise with life science principles is an essential requirement for advances in this field. The RAPD program supports the development of technologies for new and improved devices or software for persons with disabilities. Current areas of particular interest in BME/RAPD are biomedical photonics; novel tissue characterization schemes; new cellular and tissue engineering concepts; the innovative integration of multi-disciplinary technologies for new imaging and biosensing systems; and, Point-of-Care  technologies related to chronic illness, persons with disabilities, and the aging. Support is provided through submission of proposals as well as through special initiatives."
61,https://www.nsf.gov/pubs/2002/nsf02189/nsf02189.htm,"Solar, Heliospheric, and INterplanetary Environment (FY03)",
62,https://www.nsf.gov/pubs/2003/nsf03613/nsf03613.htm,Human Language and Communication,The Human Language and Communication (HLC) program focuses
63,https://www.nsf.gov/pubs/2008/nsf08513/nsf08513.htm,Advancing Theory in Biology,The Biological Sciences Directorate invites submission of proposals that advance our conceptual and theoretical understanding of living systems. The Advancing Theory in Biology (ATB) solicitation supports the development of new theoretical approaches that will improve our understanding of fundamental biological principles that integrate phenomena across levels of biological organization.
64,https://www.nsf.gov/pubs/2012/nsf12598/nsf12598.htm,Geophysics,"The Geophysics Program supports basic research in the physics of the solid earth to explore its composition, structure, and processes from the Earth's surface to its' deepest interior. Laboratory, field, theoretical, and computational studies are supported. Topics include seismicity, seismic wave propagation, and the nature and occurrence of geophysical hazards; the Earth's magnetic, gravity, and electrical fields; the Earth's thermal structure; and geodynamics. Supported research also includes geophysical studies of active deformation, including geodesy, and theoretical and experimental studies of the properties and behavior of Earth materials."
65,https://www.nsf.gov/pubs/2009/nsf09610/nsf09610.htm,Building Engineered Complex Systems (BECS) (nsf09610),"The Directorate for Engineering (ENG) and the Division of Mathematical Sciences (DMS) in the Directorate for Mathematical and Physical Sciences (MPS) at the National Science Foundation (NSF) are collaborating in this solicitation to provide ""seed funding"" for small teams of innovative engineers and mathematical scientists (mathematicians or statisticians) to seek and develop a"
66,https://www.nsf.gov/pubs/2010/nsf10540/nsf10540.htm,Algorithms for Threat Detection (ATD) (nsf10540),The Division of Mathematical Sciences (DMS) at the National Science Foundation (NSF) has formed a
67,https://www.nsf.gov/pubs/2012/nsf12502/nsf12502.htm,Algorithms for Threat Detection,"The Division of Mathematical Sciences (DMS) at the National Science Foundation (NSF) has formed a partnership with the Defense Threat Reduction Agency (DTRA) and the National Geospatial Intelligence Agency (NGA) to develop the next generation of mathematical and statistical algorithms for the detection of chemical agents, biological threats, and threats inferred from geospatial information."
68,https://www.nsf.gov/pubs/2010/nsf10612/nsf10612.htm,Dynamics of Coupled Natural and Human Systems (CNH) (nsf10612),The Dynamics of Coupled Natural and Human Systems (CNH) Program promotes interdisciplinary analyses of relevant human and natural system processes and complex interactions among human and natural systems at diverse scales.
69,https://www.nsf.gov/pubs/2004/nsf04537/nsf04537.htm,Human and Social Dynamics: Competition for FY 2004,The Human and Social Dynamics (HSD) priority area aims to foster
70,https://www.nsf.gov/pubs/2009/nsf09524/nsf09524.htm,"George E. Brown, Jr. Network for Earthquake Engineering Simulation Research","The Division of Civil, Mechanical and Manufacturing Innovation (CMMI) in the Directorate for Engineering (ENG) of the National Science Foundation (NSF) invites proposals for research that uses the George E. Brown, Jr. Network for Earthquake Engineering Simulation (NEES) to advance knowledge discovery and innovation for (1) earthquake and tsunami loss reduction of our nation's civil infrastructure, and (2) new experimental simulation techniques and instrumentation for NEES. NEES comprises a network of earthquake engineering experimental equipment sites available for experimentation on-site or in the field and through telepresence. NEES equipment sites include shake tables, geotechnical centrifuges, a tsunami wave basin, unique large-scale testing laboratory facilities, and mobile and permanently installed field equipment. The NEES networking cyberinfrastructure connects, via Internet2, the equipment sites as well as provides telepresence, a curated central data repository, simulation tools, and collaborative tools for facilitating on-line planning, execution, and post-processing of experiments. Projects proposed and supported under this solicitation must use one or more of the NEES equipment sites listed at"
71,https://www.nsf.gov/pubs/2005/nsf05616/nsf05616.htm,This document has been archived.,"This is a continuation of a collaborative research program between the National Science Foundation (NSF) and Sandia National Laboratories (Sandia) that was started in 1997. The objective of this collaborative program is to fund research projects focused on science-based experimental, computational and theoretical capabilities that enhance our understanding and confidence of the behavior of engineered systems at unprecedented multiple spatial and temporal scales."
72,https://www.nsf.gov/pubs/2004/nsf04532/nsf04532.htm,NSF Funding Opportunity Document: Semiconductor Factory,"This is a continuation of a collaborative research program, begun in 1997 between the Division of Design, Manufacture, and Industrial Innovation of the National Science Foundation (NSF), International SEMATECH (ISMT), and the Factory Sciences Program of the Semiconductor Research Corporation (SRC).  The purpose of the solicitation is to jointly support research activities directed at the development of innovative new operational methods that will enable factory performance to keep pace with ongoing technical advances in equipment and processes, increases in wafer sizes, and the increasing complexity of semiconductor supply chain. The major theme of this initiative is the development of modeling, analysis, and optimization techniques based on fundamental principles leading to models that allow for effective control of semiconductor manufacturing operations and supply chain."
73,https://www.nsf.gov/pubs/2003/nsf03525/nsf03525.htm,NSF Funding Opportunity Document: NSF/FDA SCHOLAR-IN-RESIDENCE AT FDA,"The National Science Foundation (NSF), through the Directorate for Engineering's Division of Bioengineering and Environmental Systems (BES), and the U.S. Food and Drug Administration (FDA), through its Center for Devices and Radiological Health (CDRH) are establishing the NSF/FDA Scholar-in-Residence Program at FDA. This program comprises an interagency partnership for the investigation of scientific and engineering issues concerning emerging trends in medical device technology. This partnership is designed to enable investigators in science, engineering, and mathematics to develop research collaborations within the intramural research environment at the FDA. This solicitation features four flexible mechanisms for support of research at the FDA: 1) Faculty at FDA; 2) Graduate Student Fellowships; 3) Postdoctoral Fellowships; and, 4) Undergraduate Student Research Experiences. Undergraduate student participants supported with NSF funds must be citizens or permanent residents of the United States."
74,https://www.nsf.gov/pubs/2020/nsf20500/nsf20500.htm,NSF/CASIS Collaboration on Tissue Engineering and Mechanobiology on the International Space Station (ISS) to Benefit Life on Earth (nsf20500) | NSF - National Science Foundation,"The Divisions of Chemical, Bioengineering and Environmental Transport (CBET) and Civil, Mechanical, and Manufacturing Infrastructure (CMMI) in the Engineering Directorate of the National Science Foundation (NSF) are partnering with The Center for the Advancement of Science in Space (CASIS) to solicit research projects in the general fields of tissue engineering and mechanobiology that can utilize the International Space Station (ISS) National Lab to conduct research that will benefit life on Earth. Only U.S. entities including academic investigators, non-profit independent research laboratories and academic-commercial teams are eligible to apply."
75,https://www.nsf.gov/pubs/2018/nsf18556/nsf18556.htm,NSF/FDA SCHOLAR-IN-RESIDENCE AT FDA (nsf18556) | NSF - National Science Foundation,"The National Science Foundation (NSF), through the Directorate for Engineering, the Directorate of Computer and Information Science and Engineering Division of Computer and Network Systems, and the Directorate for Mathematical and Physical Sciences Division of Materials Research, along with the U.S. Food and Drug Administration (FDA), through its Center for Devices and Radiological Health (CDRH), have established the NSF/FDA Scholar-in-Residence Program at FDA. This program comprises an inter-agency partnership for the investigation of scientific and engineering issues concerning emerging trends in medical device technology. This partnership is designed to enable investigators in science, engineering, and computer science to develop research collaborations within the intramural research environment at the FDA. This solicitation features three flexible mechanisms for support of research at the FDA: 1) Principal Investigators at FDA; 2) Postdoctoral Researchers at FDA; and 3) Graduate Students at FDA."
76,https://www.nsf.gov/pubs/2019/nsf19509/nsf19509.htm,NSF/CASIS Collaboration on Tissue Engineering and Mechanobiology on the International Space Station (ISS) to Benefit Life on Earth (nsf19509) | NSF - National Science Foundation,"The Divisions of Chemical, Bioengineering and Environmental Transport (CBET) and Civil, Mechanical, and Manufacturing Infrastructure (CMMI) in the Engineering Directorate of the National Science Foundation (NSF) are partnering with The Center for the Advancement of Science in Space (CASIS) to solicit research projects in the general fields of tissue engineering and mechanobiology that can utilize the International Space Station (ISS) National Lab to conduct research that will benefit life on Earth. U.S. entities including academic investigators, non-profit independent research laboratories and academic-commercial teams are eligible to apply."
77,https://www.nsf.gov/pubs/2008/nsf08519/nsf08519.htm,"George E. Brown, Jr. Network for Earthquake Engineering Simulation Research","The Division of Civil, Mechanical, and Manufacturing Innovation (CMMI) in the Directorate for Engineering (ENG) of the National Science Foundation (NSF) invites proposals for research that uses the George E. Brown, Jr. Network for Earthquake Engineering Simulation (NEES) to advance knowledge discovery and innovation for (1) earthquake and tsunami loss reduction of our nation's civil infrastructure, and (2) new experimental simulation techniques and instrumentation for NEES. NEES comprises a network of 15 earthquake engineering experimental equipment sites available for experimentation on-site or in the field and through telepresence. NEES equipment sites include shake tables, geotechnical centrifuges, a tsunami wave basin, unique large-scale testing laboratory facilities, and mobile and permanently installed field equipment. The NEES networking cyberinfrastructure connects, via Internet2, the equipment sites as well as provides telepresence, a curated central data repository, simulation tools, and collaborative tools for facilitating on-line planning, execution, and post-processing of experiments. Projects proposed and funded under this solicitation must use one or more of the 15 NEES equipment sites and their related cyberinfrastructure. Proposals may be submitted in five categories: Individual Investigator, Small Group, Grand Challenge, Simulation Development, and Payload."
78,https://www.nsf.gov/pubs/2009/nsf09549/nsf09549.htm,NSF Graduate Stem Fellows in K-12 Education (GK-12),"This program provides funding for graduate students in NSF-supported science, technology, engineering, and mathematics (STEM) disciplines to bring their leading research practice and findings into K-12 learning settings. Through collaborations with other graduate fellows and faculty from STEM disciplines, teachers and students in K-12 environments, and community partners, graduate students can gain a deeper understanding of their own research and place it within a societal and global context. The GK-12 program provides an opportunity for graduate students to acquire value-added skills, such as communicating STEM subjects to technical and non-technical audiences, leadership, team building, and teaching while enriching STEM learning and instruction in K-12 settings. This unique experience will add value to the training of U.S. graduate students and will energize and prepare the students for a broad range of STEM careers in a competitive globalized marketplace. Furthermore, the GK-12 program provides institutions of higher education with an opportunity to transform the conventional graduate education by infusing and sustaining GK-12 like activities in their graduate programs."
79,https://www.nsf.gov/pubs/2006/nsf06587/nsf06587.htm,Dynamics of Coupled Natural and Human Systems,"The Dynamics of Coupled Natural and Human Systems competition promotes quantitative, interdisciplinary analyses of relevant human and natural system processes and complex interactions among human and natural systems at diverse scales."
80,https://www.nsf.gov/pubs/2007/nsf07598/nsf07598.htm,Dynamics of Coupled Natural and Human Systems,"The Dynamics of Coupled Natural and Human Systems competition promotes quantitative, interdisciplinary analyses of relevant human and natural system processes and complex interactions among human and natural systems at diverse scales."
81,https://www.nsf.gov/pubs/2006/nsf06557/nsf06557.htm,Cognitive Neuroscience,"The Cognitive Neuroscience Program seeks highly innovative and interdisciplinary proposals aimed at advancing a rigorous understanding of how the human brain supports thought, perception, affect, action, social processes, and other aspects of cognition and behavior, including how such processes develop and change in the brain and through time."
82,https://www.nsf.gov/pubs/2014/nsf14514/nsf14514.htm,Cognitive Neuroscience,"The Cognitive Neuroscience Program seeks highly innovative and interdisciplinary proposals aimed at advancing a rigorous understanding of how the human brain supports thought, perception, affect, action, social processes, and other aspects of cognition and behavior, including how such processes develop and change in the brain and through time."
83,https://www.nsf.gov/pubs/2009/nsf09563/nsf09563.htm,Cognitive Neuroscience,"The Cognitive Neuroscience Program seeks highly innovative and interdisciplinary proposals aimed at advancing a rigorous understanding of how the human brain supports thought, perception, affect, action, social processes, and other aspects of cognition and behavior, including how such processes develop and change in the brain and through time."
84,https://www.nsf.gov/pubs/2012/nsf12510/nsf12510.htm,"Methodology, Measurement, and Statistics","The Methodology, Measurement, and Statistics (MMS) Program is an interdisciplinary program in the Social, Behavioral, and Economic Sciences that supports the development of innovative analytical and statistical methods and models for those sciences. MMS seeks proposals that are methodologically innovative, grounded in theory, and have potential utility for multiple fields within the social and behavioral sciences."
85,https://www.nsf.gov/pubs/2008/nsf08561/nsf08561.htm,"Methodology, Measurement, and Statistics","The Methodology, Measurement, and Statistics (MMS) Program is an interdisciplinary program in the Social, Behavioral, and Economic Sciences that supports the development of innovative analytical and statistical methods and models for those sciences. MMS seeks proposals that are methodologically innovative, grounded in theory, and have potential utility for multiple fields within the social and behavioral sciences."
86,https://www.nsf.gov/pubs/2007/nsf07590/nsf07590.htm,Center for the Environmental Implications of Nanotechnology,"This solicitation requests proposals to create a national Center to conduct fundamental research and education on the implications of nanotechnology for the environment and living systems at all scales. The Center will address interactions of naturally derived, incidental and engineered nanoparticles and nanostructured materials, devices and systems (herein called “nanomaterials”) with the living world. Essential elements of this Center will include understanding the interactions of nanomaterials with organisms, cellular constituents, metabolic networks and living tissues; understanding environmental exposure and bioaccumulation and their effects on living systems; and determining the biological impacts of nanomaterials dispersed in the environment. Additional elements of the Center may include the development of methods and instrumentation for the detection and characterization of nanomaterials. For the purpose of this solicitation, nanomaterials have at least one dimension with a length of approximately 1 to 100 nm."
87,https://www.nsf.gov/pubs/2015/nsf15559/nsf15559.htm,Geobiology and Low-Temperature Geochemistry,"The Geobiology and Low-Temperature Geochemistry Program focuses on geochemical processes in terrestrial Earth’s surface environmental systems, as well as the interaction of geochemical and biological processes. The program supports field, laboratory, theoretical, and modeling studies of these processes and related mechanisms at all spatial and temporal scales. Studies may address: 1) inorganic and/or organic geochemical processes occurring at or near the Earth’s surface now and in the past, and across the broad spectrum of interfaces ranging in scale from planetary and regional to mineral-surface and supramolecular; 2) the role of life in the transformation and evolution of Earth’s geochemical cycles; 3) surficial chemical and biogeochemical systems and cycles, including their modification through environmental change and human activities; 4) low-temperature aqueous geochemical processes; 5) mineralogy and chemistry of earth materials; 6) geomicrobiology and biomineralization processes; and 7) medical mineralogy and geochemistry."
88,https://www.nsf.gov/pubs/2013/nsf13531/nsf13531.htm,Hydrologic Sciences,The Hydrologic Sciences Program focuses on the fluxes of water in the environment that constitute the water cycle as well as the mass and energy transport function of the water cycle in the environment.
89,https://www.nsf.gov/pubs/2006/nsf06545/nsf06545.htm,Hydrologic Sciences,"Hydrologic Sciences focuses on the flow of water and transport processes within streams, soils, and aquifers. Particular attention is given to spatial and temporal heterogeneity of fluxes and storages of water and chemicals over a wide range of scales, to geolimnology and to interfaces with the landscape, microbial communities, and coastal areas. Studies may also deal with processes in aqueous geochemistry and with the physical, chemical, and biological processes within water bodies. Study of these processes requires expertise from many basic sciences and mathematics, and proposals often require joint review with related programs."
90,https://www.nsf.gov/pubs/2018/nsf18521/nsf18521.htm,NSF/CASIS Collaboration on Fluid Dynamics and Particulate and Multiphase Processes Research on the International Space Station to Benefit Life on Earth,"The Division of Chemical, Bioengineering and Environmental Transport (CBET) in the Engineering Directorate of the National Science Foundation (NSF) is partnering with The Center for the Advancement of Science in Space (CASIS) to solicit research projects in the general field of fluid dynamics and particulate and multiphase processes that can utilize the International Space Station (ISS) National Lab to conduct research that will benefit life on Earth. U.S. entities including academic investigators, non-profit independent research labs and academic-commercial teams are eligible to apply."
91,https://www.nsf.gov/pubs/2009/nsf09538/nsf09538.htm,Hydrologic Sciences (nsf09538),"Hydrologic Sciences focuses on the flow of water and transport processes within streams, soils, and"
92,https://www.nsf.gov/pubs/2015/nsf15558/nsf15558.htm,Hydrologic Sciences,"The Hydrologic Sciences Program focuses on the fluxes of water in the environment that constitute the water cycle as well as the mass and energy transport function of the water cycle. The Program supports the study of processes from rainfall to runoff to infiltration and streamflow; evaporation and transpiration; the flow of water in soils and aquifers; and the transport of suspended, dissolved, and colloidal components. The Hydrologic Sciences Program retains a strong focus on linking fluxes of water and the components carried by water across boundaries between various interacting facets of the terrestrial system and the mechanisms by which these fluxes co-organize over a variety of timescales and/or alter fundamentals of water cycle interactions within the terrestrial system. The Program is also interested in how water interacts with the landscape and the ecosystem as well as how the water cycle and its coupled processes are altered by land use and climate. Studies may address physical, chemical, and biological processes that are coupled directly to water transport. Projects submitted to Hydrologic Sciences commonly involve expertise from basic sciences, engineering and mathematics; and proposals may require joint review with related programs. The Hydrologic Sciences Program will also consider synthesis projects."
93,https://www.nsf.gov/pubs/2020/nsf20560/nsf20560.htm,Hydrologic Sciences (HS),"The Hydrologic Sciences Program supports basic research on the fluxes of water in the terrestrial environment that constitute the water cycle as well as the mass and energy transport function of the water cycle. The Program supports the study of processes including (but not limited to): rainfall, runoff, infiltration and streamflow; evaporation and transpiration; the flow of water in soils and aquifers; and the transport of suspended, dissolved, and colloidal components. The Program is interested in how water interacts with the landscape and the ecosystem as well as how the water cycle and its coupled processes are altered by land use and climate. Studies may address physical, chemical, and/or biological processes that are coupled directly to water transport. Observational, experimental, theoretical, modeling, synthesis and field approaches are supported. Projects submitted to Hydrologic Sciences commonly involve expertise from physical and ecosystem sciences, engineering and/or mathematics; and proposals may require joint review with related programs."
94,https://www.nsf.gov/pubs/2004/nsf04535/nsf04535.htm,Research in Biogeosciences 2004,The topic of this program solicitation is microbial processes
95,https://www.nsf.gov/pubs/2017/nsf17517/nsf17517.htm,NSF/CASIS Collaboration on Combustion and Thermal Transport Processes Research on the International Space Station to Benefit Life on Earth,"The Division of Chemical, Bioengineering and Environmental Transport (CBET) in the Engineering Directorate of the National Science Foundation (NSF) is partnering with The Center for the Advancement of Science in Space (CASIS) to solicit research projects in the general field of combustion and thermal transport processes that can utilize the International Space Station (ISS) National Lab to conduct research that will benefit life on Earth. U.S. entities including academic investigators, non-profit independent research labs and academic-commercial teams are eligible to apply."
96,https://www.nsf.gov/pubs/2010/nsf10526/nsf10526.htm,Domestic Nuclear Detection Office-National Science Foundation Academic Research Initiative,"In FY 2010, the Domestic Nuclear Detection Office (DNDO) within the Department of Homeland Security (DHS) will invest, in partnership with the National Science Foundation (NSF), in frontier research at academic institutions. This transformational research effort will be focused on detection systems, individual sensors or other research that is potentially relevant to the detection of nuclear weapons, special nuclear material, radiation dispersal devices and related threats. The joint DNDO-NSF effort, in coordination with the efforts of other agencies, seeks to advance fundamental knowledge in new technologies for the detection of nuclear threats and to develop intellectual capacity in fields relevant to long-term advances in nuclear detection capability. This research and the research community that will be built under the ARI are seen as critical to our nation's ability to deploy effective nuclear detection measures to counter the serious threat of a nuclear terrorist attack.Proposals outside of the scope described in this solicitation will be returned without review.Research proposals on detection of biological, chemical, and conventional weapons are specifically excluded from the scope of this solicitation."
97,https://www.nsf.gov/pubs/2008/nsf08534/nsf08534.htm,Domestic Nuclear Detection Office/National Science Foundation Academic Research Initiative,"In FY 2008, the Domestic Nuclear Detection Office (DNDO) within the Department of Homeland Security (DHS) will invest, in partnership with the National Science Foundation (NSF), in frontier research at academic institutions. This transformational research effort will be focused on detection systems, individual sensors or other research that is potentially relevant to the detection of nuclear weapons, special nuclear material, radiation dispersal devices and related threats. The joint DNDO/NSF effort, in coordination with the efforts of other agencies, seeks to advance fundamental knowledge in new technologies for the detection of nuclear threats and to develop intellectual capacity in fields relevant to long-term advances in nuclear detection capability. This research and the research community that will be built under the ARI  are seen as critical to our nation's ability to deploy effective nuclear detection measures to counter the serious threat of a nuclear terrorist attack."
98,https://www.nsf.gov/pubs/2009/nsf09532/nsf09532.html,Domestic Nuclear Detection Office-National Science Foundation Academic Research Initiative,"In FY 2009, the Domestic Nuclear Detection Office (DNDO) within the Department of Homeland Security (DHS) will invest, in partnership with the National Science Foundation (NSF), in frontier research at academic institutions. This transformational research effort will be focused on detection systems, individual sensors or other research that is potentially relevant to the detection of nuclear weapons, special nuclear material, radiation dispersal devices and related threats. The joint DNDO-NSF effort, in coordination with the efforts of other agencies, seeks to advance fundamental knowledge in new technologies for the detection of nuclear threats and to develop intellectual capacity in fields relevant to long-term advances in nuclear detection capability. This research and the research community that will be built under the ARI are seen as critical to our nation's ability to deploy effective nuclear detection measures to counter the serious threat of a nuclear terrorist attack.Proposals outside of the scope described in this solicitation will be returned without review.Research proposals on detection of biological, chemical, and conventional weapons are specifically excluded from the scope of this solicitation."
99,https://www.nsf.gov/pubs/2019/nsf19525/nsf19525.htm,NSF/CASIS Collaboration on Transport Phenomena Research on the International Space Station (ISS) to Benefit Life on Earth,"The Division of Chemical, Bioengineering and Environmental Transport (CBET) in the Engineering Directorate of the National Science Foundation (NSF) is partnering with The Center for the Advancement of Science in Space (CASIS) to solicit research projects in the general field of fluid dynamics, particulate and multiphase processes, combustion and fire systems, and thermal transport processes that can utilize the International Space Station (ISS) National Lab to conduct research that will benefit life on Earth. U.S. entities including academic investigators, non-profit independent research laboratories and academic-commercial teams are eligible to apply."
100,https://www.nsf.gov/pubs/2020/nsf20501/nsf20501.htm,NSF/CASIS Collaboration on Transport Phenomena Research on the International Space Station (ISS) to Benefit Life on Earth,"The Division of Chemical, Bioengineering and Environmental Transport (CBET) in the Engineering Directorate of the National Science Foundation (NSF) is partnering with The Center for the Advancement of Science in Space (CASIS) to solicit research projects in the general field of fluid dynamics, particulate and multiphase processes, combustion and fire systems, thermal transport processes, and nanoscale interactions that can utilize the International Space Station (ISS) National Lab to conduct research that will benefit life on Earth. Only U.S. entities including academic investigators, non-profit independent research laboratories and academic-commercial teams are eligible to apply."
101,https://www.nsf.gov/pubs/2011/nsf11530/nsf11530.htm,Domestic Nuclear Detection Office-National Science Foundation Academic Research Initiative (ARI) (nsf11530),The ARI is a joint Domestic Nuclear Detection Office (DNDO) and National Science
102,https://www.nsf.gov/pubs/2008/nsf08599/nsf08599.htm,Emerging Frontiers in Research and Innovation 2009,"The Directorate for Engineering at the National Science Foundation has established the Office of Emerging Frontiers in Research and Innovation (EFRI) to serve a critical role in focusing on important emerging areas in a timely manner. The EFRI Office is launching a new funding opportunity for interdisciplinary teams of researchers to embark on rapidly advancing frontiers of fundamental engineering research. For this solicitation, we will consider proposals that aim to investigate emerging frontiers in the following two specific research areas: (1) BioSensing & BioActuation: Interface of Living and Engineered Systems (BSBA), and (2) Hydrocarbons from Biomass (HyBi).  EFRI seeks proposals with transformative ideas that represent an opportunity for a significant shift in fundamental engineering knowledge with a strong potential for long term impact on national needs or a grand challenge. The proposals must also meet the detailed requirements delineated in this solicitation."
103,https://www.nsf.gov/pubs/2007/nsf07545/nsf07545.htm,Domestic Nuclear Detection Office/National Science Foundation Academic Research Initiative,"In FY 2007, the Domestic Nuclear Detection Office (DNDO) within the Department of Homeland Security (DHS) will invest, in partnership with the National Science Foundation (NSF), in leading edge, frontier research at academic institutions.  This transformational research effort will be focused on detection systems, individual sensors or other research that is potentially relevant to the detection of nuclear weapons, special nuclear material, radiation dispersal devices and related threats. Research that would benefit from incorporation of social and behavioral science components is appropriate for consideration. The joint DNDO/NSF effort, in coordination with the efforts of other agencies, seeks to advance fundamental knowledge in new technologies for the detection of nuclear threats and to develop intellectual capacity in fields relevant to long-term advances in nuclear detection capability. This research, and the research community that will be built under the ARI, is seen as critical to our nation's ability to deploy effective nuclear detection measures to counter the serious threat of a nuclear terrorist attack."
104,https://www.nsf.gov/pubs/2008/nsf08598/nsf08598.htm,CHE-DMR-DMS Solar Energy Initiative,"The purpose of the CHE-DMR-DMS Solar Energy Initiative is to support interdisciplinary efforts by groups of researchers to address the scientific challenges of highly efficient harvesting, conversion, and storage of solar energy.  Groups must include three or more co-Principal Investigators; one must have demonstrated high expertise in chemistry, a second in materials research, and a third in mathematical sciences.   The goal here is to create a new modality of linking the mathematical with the chemical and materials sciences to develop transformative paradigms in an area of much activity but largely incremental advances.  Successful proposals will offer potentially transformative projects and new concepts based on the integrated expertise and synergy from the three disciplinary communities."
105,https://www.nsf.gov/pubs/2005/nsf05611/nsf05611.htm,NIBIB-NSF Bioengineering and Bioinformatics Summer Institutes Program (BBSI),"The National Science Foundation (NSF) and the National Institute of Biomedical Imaging and Bioengineering (NIBIB) of the National Institutes of Health (NIH) have identified bioengineering and bioinformatics as essential interdisciplinary disciplines for physical and life sciences. The agencies will continue collaborating on an important effort to meet anticipated bioengineering and bioinformatics human resource needs, specifically by targeting the career ""pipeline"" at a critical juncture."
106,https://www.nsf.gov/pubs/2018/nsf18514/nsf18514.htm,NSF/CASIS Collaboration on Tissue Engineering on the International Space Station to Benefit Life on Earth,"The Division of Chemical, Bioengineering and Environmental Transport (CBET) in the Engineering Directorate of the National Science Foundation (NSF) is partnering with The Center for the Advancement of Science in Space (CASIS) to solicit research projects in the general field of tissue engineering that can utilize the International Space Station (ISS) National Lab to conduct research that will benefit life on Earth. U.S. entities including academic institutions, non-profit independent research labs and academic-commercial teams are eligible to submit proposals."
107,https://www.nsf.gov/pubs/2016/nsf16598/nsf16598.htm,Geophysics,"The Geophysics Program supports basic research in the physics of the solid earth to explore its composition, structure, and processes from the Earth's surface to its' deepest interior. Laboratory, field, theoretical, and computational studies are supported. Topics include (but are not limited to) seismicity, seismic wave propagation, and the nature and occurrence of geophysical hazards; the Earth's magnetic, gravity, and electrical fields; the Earth's thermal structure; and geodynamics. Supported research also includes geophysical studies of active deformation, including geodesy, and theoretical and experimental studies of the properties and behavior of Earth materials."
108,https://www.nsf.gov/pubs/2017/nsf17554/nsf17554.htm,Geophysics,"The Geophysics Program supports basic research in the physics of the solid earth to explore its composition, structure, and processes from the Earth's surface to its' deepest interior. Laboratory, field, theoretical, and computational studies are supported. Topics include (but are not limited to) seismicity, seismic wave propagation, and the nature and occurrence of geophysical hazards; the Earth's magnetic, gravity, and electrical fields; the Earth's thermal structure; and geodynamics. Supported research also includes geophysical studies of active deformation, including geodesy, and theoretical and experimental studies of the properties and behavior of Earth materials."
109,https://www.nsf.gov/pubs/2010/nsf10525/nsf10525.htm,Advancing Theory in Biology (ATB) (NSF 10-525),"The Biological Sciences Directorate invites submission of proposals that advance our conceptual and theoretical understanding of living systems. The Advancing Theory in Biology (ATB) announcement supports the development of new theoretical approaches that will improve our understanding of general biological principles that account for phenomena that occur independently across levels of biological organization. Proposals may vary in size and duration, in the number of investigators involved, and in the nature of collaborations. Awards will not exceed a total of $750,000 over a three year period. This total includes all participants in collaborative projects."
110,https://www.nsf.gov/pubs/2020/nsf20541/nsf20541.htm,Reproducible Cells and Organoids via Directed-Differentiation Encoding,"The National Science Foundation (NSF) Division of Chemical, Bioengineering, Environmental and Transport Systems (CBET), seeks proposals that elucidate mechanisms of, and develop strategies to, direct the differentiation of undifferentiated cells into mature, functional cells or organoids. Projects responsive to this solicitation must aim to establish a robust and reproducible set of differentiation design rules, predictive models, real-time sensing, control, and quality assurance methods, and integrate them into a workable differentiation strategy. They must develop a fundamental understanding of how cells develop, including mechanisms, molecular machinery, dynamics, and cell-cell interactions, and use this understanding to manipulate cells purposefully. Investigators can choose any undifferentiated cell type, from any animal species, as a starting point and choose any appropriate functional product (cell, organoid, etc.) with real-world relevance. This solicitation parallels NSF’s investment in Understanding the Rules of Life (URoL): Predicting Phenotype, NSF’s Big Idea focused on predicting the set of observable characteristics (phenotype) of an organism based on its genetic makeup and the nature of its environment and applies it to understanding and accomplishing the intentional and guided differentiation of an undifferentiated cell into cells, organoids or tissues with predetermined activities and functions."
111,https://www.nsf.gov/pubs/2018/nsf18502/nsf18502.htm,EPSCoR Research Infrastructure Improvement Program: Track-2 Focused EPSCoR Collaborations (RII Track-2 FEC),"The Established Program to Stimulate Competitive Research (EPSCoR) is designed to fulfill the mandate of the National Science Foundation (NSF) to promote scientific progress nationwide. A jurisdiction is eligible to participate in EPSCoR programs if its level of NSF research support is equal to or less than 0.75 percent of the total NSF research and related activities budget for the most recent three-year period. Through this program, NSF establishes partnerships with government, higher education, and industry that are designed to effect sustainable improvements in a jurisdiction's research infrastructure, Research and Development (R&D) capacity, and hence, its R&D competitiveness."
112,https://www.nsf.gov/pubs/2011/nsf11571/nsf11571.htm,EMERGING FRONTIERS IN RESEARCH AND INNOVATION 2012,The Directorate for Engineering at the National Science Foundation has established the Office of Emerging Frontiers in Research and Innovation (EFRI) to serve a critical role in focusing on important emerging areas in a timely manner. The EFRI Office is launching a new funding opportunity for interdisciplinary teams of researchers to embark on rapidly advancing frontiers of fundamental engineering research.
113,https://www.nsf.gov/pubs/2012/nsf12583/nsf12583.htm,EMERGING FRONTIERS IN RESEARCH AND INNOVATION 2013,The Directorate for Engineering at the National Science Foundation has established the Office of Emerging Frontiers in Research and Innovation (EFRI) to serve a critical role in focusing on important emerging areas in a timely manner. This solicitation is a funding opportunity for interdisciplinary teams of researchers to embark on rapidly advancing frontiers of fundamental engineering research.
114,https://www.nsf.gov/pubs/2017/nsf17503/nsf17503.htm,EPSCoR Research Infrastructure Improvement Program: Track-2 Focused EPSCoR Collaborations (RII Track-2 FEC),"The Experimental Program to Stimulate Competitive Research (EPSCoR) is designed to fulfill the mandate of the National Science Foundation (NSF) to promote scientific progress nationwide. A jurisdiction is eligible to participate in EPSCoR programs if its level of NSF research support is equal to or less than 0.75 percent of the total NSF research and related activities budget for the most recent three-year period. Through this program, NSF establishes partnerships with government, higher education, and industry that are designed to effect sustainable improvements in a jurisdiction's research infrastructure, Research and Development (R&D) capacity, and hence, its R&D competitiveness."
115,https://www.nsf.gov/pubs/2012/nsf12544/nsf12544.htm,Scalable Nanomanufacturing (SNM),"The National Science Foundation (NSF) announces a second year of a program on collaborative research and education in the area of scalable nanomanufacturing, including the long-term societal implications of the large-scale implementation of nanomanufacturing innovations. This program is in response to and is a component of the National Nanotechnology Initiative Signature Initiative: Sustainable Nanomanufacturing - Creating the Industries of the Future (http://www.nano.gov/node/611)."
116,https://www.nsf.gov/pubs/2012/nsf12512/nsf12512.htm,Smart Health and Wellbeing,"Through the Smart Health and Wellbeing (SHB) Program, NSF seeks to address fundamental technical and scientific issues that would support much needed transformation of healthcare from reactive and hospital-centered to preventive, proactive, evidence-based, person-centered and focused on wellbeing rather than disease. The issues to be addressed include, but are not limited to, sensor technology, networking, information and machine learning technology, modeling cognitive processes, system and process modeling, and social and economic issues. Effective technology-based solutions must satisfy a multitude of constraints arising from clinical needs, social interactions, cognitive limitations, barriers to behavioral changes, heterogeneity of data, semantic mismatch and limitations of current cyberphysical systems."
117,https://www.nsf.gov/pubs/2012/nsf12499/nsf12499.htm,Core Techniques and Technologies for Advancing Big Data Science & Engineering,"The Core Techniques and Technologies for Advancing Big Data Science & Engineering (BIGDATA) solicitation aims to advance the core scientific and technological means of managing,"
118,https://www.nsf.gov/pubs/2020/nsf20604/nsf20604.htm,National Artificial Intelligence (AI) Research Institutes,"Artificial Intelligence (AI) has advanced tremendously and today promises personalized healthcare; enhanced national security; improved transportation; and more effective education, to name just a few benefits. Increased computing power, the availability of large datasets and streaming data, and algorithmic advances in machine learning (ML) have made it possible for AI research and development to create new sectors of the economy and revitalize industries. Continued advancement, enabled by sustained federal investment and channeled toward issues of national importance, holds the potential for further economic impact and quality-of-life improvements."
119,https://www.nsf.gov/pubs/2016/nsf16573/nsf16573.htm,Joint NSF/NIH Initiative on Quantitative Approaches to Biomedical Big Data,"Recent advances in medical and healthcare technologies are creating a paradigm shift in how medical practitioners and biomedical researchers approach the diagnosis, prevention, and treatment of diseases."
120,https://www.nsf.gov/pubs/2010/nsf10506/nsf10506.htm,Cyber-Enabled Discovery and Innovation,"Cyber-Enabled Discovery and Innovation (CDI) is NSF’s bold five-year initiative to create revolutionary science and engineering research outcomes made possible by innovations and advances in computational thinking.  Computational thinking is defined comprehensively to encompass computational concepts, methods, models, algorithms, and tools.   Applied in challenging science and engineering research and education contexts, computational thinking promises a profound impact on the Nation’s ability to generate and apply new knowledge.  Collectively, CDI research outcomes are expected to produce paradigm shifts in our understanding of a wide range of science and engineering phenomena and socio-technical innovations that create new wealth and enhance the national quality of life. CDI seeks ambitious, transformative, multidisciplinary research proposals within or across the following three thematic areas:  From Data to Knowledge: enhancing human cognition and generating new knowledge from a wealth of heterogeneous digital data;Understanding Complexity in Natural, Built, and Social Systems: deriving fundamental insights on systems comprising multiple interacting elements;  andVirtual Organizations: enhancing discovery and innovation by bringing people and resources together across institutional, geographical and cultural boundaries. With an emphasis on bold multidisciplinary activities that, through computational thinking, promise radical, paradigm-changing research findings, CDI promotes transformative research within NSF.  Accordingly, investigators are encouraged to come together in the development of far-reaching, high-risk science and engineering research and education agendas that capitalize on innovations in, and/or innovative use of, computational thinking.  Research and education efforts around the world are beginning to address various aspects of the CDI themes, and CDI projects are expected to build upon productive intellectual partnerships involving investigators from academe, industry and/or other types of organizations, including international entities, that advance CDI objectives within the rapidly evolving global context. Congruent with the three thematic areas, CDI projects will enable transformative discovery to identify patterns and structures in massive datasets; exploit computation as a means of achieving deeper understanding in the natural and social sciences and engineering; abstract, model, simulate and predict complex stochastic or chaotic systems; explore and model nature’s interactions, connections, complex relations, and interdependencies, scaling from sub-particles to galactic, from subcellular to biosphere, and from the individual to the societal; train future generations of scientists and engineers to enhance and use cyber resources; and facilitate creative, cyber-enabled boundary-crossing collaborations, including those with industrial and international dimensions, to advance the frontiers of science and engineering and broaden participation in STEM fields. Two types of CDI awards will be supported as a result of the FY 2010 CDI competition:Type I awards will require efforts up to a level roughly comparable to: summer support for two investigators with complementary expertise; two graduate students; and their collective research needs (e.g. materials, supplies, travel) for three years.Type II awards will require larger (than Type I) efforts up to a level roughly comparable to: summer support for three investigators with complementary expertise; three graduate students; one or two senior personnel (including post-doctoral researchers and staff); and their collective research needs (e.g. materials, supplies, travel) for four years.  The integrative contributions of the Type II team should clearly be greater than the sum of the contributions of each individual member of the team.In subsequent years, subject to availability of funds, funding opportunities will be provided for three classes of awards, Types I and II as defined above, and Type III as defined below:Type III awards will require the engagement of larger (than Type II) multidisciplinary teams, roughly comparable to multiple senior investigators with complementary expertise, multiple graduate students, several senior personnel, and their collective research needs (e.g. materials, supplies, travel) for up to five years.  As for Type II awards, the integrative contributions of the Type III team should be clearly greater than the sum of the contributions of each individual member of the team."
121,https://www.nsf.gov/pubs/2011/nsf11502/nsf11502.htm,Cyber-Enabled Discovery and Innovation (CDI) (nsf11502),"Cyber-Enabled Discovery and Innovation (CDI) is NSF’s bold five-year initiative to create revolutionary science and engineering research outcomes made possible by innovations and advances in computational thinking.  Computational thinking is defined comprehensively to encompass computational concepts, methods, models, algorithms, and tools.   Applied in challenging science and engineering research and education contexts, computational thinking promises a profound impact on the Nation’s ability to generate and apply new knowledge.  Collectively, CDI research outcomes are expected to produce paradigm shifts in our understanding of a wide range of science and engineering phenomena and socio-technical innovations that create new wealth and enhance the national quality of life."
122,https://www.nsf.gov/pubs/2019/nsf19571/nsf19571.htm,NSF Program on Fairness in Artificial Intelligence in Collaboration with Amazon (FAI) (nsf19571) | NSF - National Science Foundation,"NSF has long supported transformative research in artificial intelligence (AI) and machine learning (ML). The resulting innovations offer new levels of economic opportunity and growth, safety and security, and health and wellness. At the same time, broad acceptance of large-scale deployments of AI systems relies critically on their trustworthiness which, in turn, depends upon the collective ability to ensure, assess, and ultimately demonstrate the fairness, transparency, explainability, and accountability of such systems. Importantly, the beneficial effects of AI systems should be broadly available across all segments of society."
123,https://www.nsf.gov/pubs/2002/nsf02188/nsf02188.htm,NSF/ONR Partnership in Electric Power,
124,https://www.nsf.gov/pubs/2012/nsf12520/nsf12520.htm,Cyber-Physical Systems (CPS) (nsf12520),"Cyber-physical systems (CPS) are engineered systems that are built from and depend upon the synergy of computational and physical components.  Emerging CPS will be coordinated, distributed, and connected, and must be robust and responsive.  The CPS of tomorrow will need to far exceed the systems of today in capability, adaptability, resiliency, safety, security, and usability.  Examples of the many CPS application areas include the smart electric grid, smart transportation, smart buildings, smart medical technologies, next-generation air traffic management, and advanced manufacturing.  CPS will transform the way people interact with engineered systems, just as the Internet transformed the way people interact with information.  However, these goals cannot be achieved without rigorous systems engineering.The December 2010 report of the President's Council of Advisors on Science and Technology, Designing a Digital Future: Federally Funded Research and Development in Networking and Information Technology calls for continued investment in CPS research because of its scientific and technological importance as well as its potential impact on grand challenges in a number of sectors critical to U.S. security and competitiveness, including aerospace, automotive, chemical production, civil infrastructure, energy, healthcare, manufacturing, materials and transportation.We do not yet have a mature science to support systems engineering of high confidence CPS, and the consequences are profound.  Traditional analysis tools are unable to cope with the full complexity of CPS or adequately predict system behavior. The present electric power grid, an ad hoc system, experiences blackouts over large regions, tripped by minor events that escalate with surprising speed into widespread power failures.  This illustrates the limitations of the current science and technology, which do not enable us to conceptualize and design for the deep interdependencies among engineered systems and the natural world.  At the same time, pressure to develop technologies such as renewable energy, wireless health, advanced manufacturing, smart materials, and electrified ground and air vehicles creates an unprecedented opportunity to rethink many important classes of systems.The goal of the CPS program is to develop the core system science needed to engineer complex cyber-physical systems upon which people can depend with high confidence. The program aims to foster a research community committed to advancing research and education in CPS and to transitioning CPS science and technology into engineering practice. By abstracting from the particulars of specific systems and application domains, the CPS program aims to reveal cross-cutting fundamental scientific and engineering principles that underpin the integration of cyber and physical elements across all application sectors.  To expedite and accelerate the realization of cyber-physical systems in a wide range of applications, the CPS program also supports the development of methods, tools, and hardware and software components based upon these cross-cutting principles, along with validation of the principles via prototypes and test beds.Three types of research and education projects will be considered, which differ in scope and goals:Breakthrough projects must offer a significant advance in fundamental CPS science, engineering and/or technology that has the potential to change the field.  Funding for Breakthrough projects may be requested for a total of  up to $750,000 for a period of up to 3 years.Synergy projects must demonstrate innovation at the intersection of multiple disciplines, to accomplish a clear goal that requires an integrated perspective spanning the disciplines.  Funding for Synergy projects may be requested for a total of $750,001 to $2,000,000 for a period of 3 to 4 years.Frontiers projects must address clearly identified critical CPS challenges that cannot be achieved by a set of smaller projects.  Funding may be requested for a total of $1,200,000 to $10,000,000 for a period of 4 to 5 years.  Note that, due to the difference in goals and scope, the range for Frontiers projects overlaps with the range for Synergy projects.The CPS program is cooperating with other government agencies to support cyber-physical systems research that is relevant to their missions. Dear Colleague Letters will announce these opportunities as they arise.A more complete description of the CPS program is provided in Section II, Program Description, of this solicitation."
125,https://www.nsf.gov/pubs/2013/nsf13502/nsf13502.htm,Cyber-Physical Systems,Cyber-physical systems (CPS) are engineered systems that are built from and depend upon the synergy of computational and physical components.
126,https://www.nsf.gov/pubs/2005/nsf05628/nsf05628.htm,Innovation and Organizational Change (IOC),"The Innovation and Organizational Change (IOC) program supports scientific research directed at advancing understanding of how individuals, groups and/or institutional arrangements contribute to functioning, effectiveness and innovation in organizations. Research may involve industrial, educational, service, government, nonprofit and/or voluntary organizations or interorganizational arrangements. IOC-funded research must be relevant to an operational or applied context, grounded in theory and generalizable."
127,https://www.nsf.gov/pubs/2004/nsf04581/nsf04581.htm,Innovation and Organizational Change (IOC),"The Innovation and Organizational Change (IOC) program seeks to create and apply fundamental new knowledge with the aim of improving the effectiveness of the design, administration, and management of organizations, including industrial, educational, service, government, nonprofit and voluntary organizations. Additionally, the program seeks a better understanding of how teamwork, coordination, and institutional arrangements contribute to innovation. The program encourages dissemination of knowledge gained from research to organizations and institutions that can implement reforms based on what has been learned."
128,https://www.nsf.gov/pubs/2005/nsf05504/nsf05504.htm,University-Industry Cooperative Research Programs in the Mathematical Sciences (UICRP),"Technical innovations flourish through a symbiotic relationship between academia and industry. The mathematical sciences provide the foundation for the scientific progress that generates technical innovations. It is in the national interest to provide more opportunities for mathematical scientists to have the experience of conducting research in an industrial environment and for industrial scientists to return periodically to academia, to acquire new knowledge, and to move it efficiently into technology. The Division of Mathematical Sciences (DMS) supports this relationship through the university-industry postdoctoral research fellowships, university-industry senior research fellowships, industry-based graduate research assistantships, and industry-based graduate cooperative fellowships described in this solicitation."
129,https://www.nsf.gov/pubs/2006/nsf06610/nsf06610.htm,Innovation and Organizational Change,"The Innovation and Organizational Change (IOC) program supports scientific research directed at advancing understanding of innovation and organizational phenomena. Levels of analysis may include (but are not limited to) individuals, groups and/or institutional arrangements. Research may involve industrial, educational, service, government, not-for-profits, voluntary organizations or interorganizational arrangements."
130,https://www.nsf.gov/pubs/2021/nsf21598/nsf21598.htm,Advanced Technological Education,"With a focus on two-year Institutions of Higher Education (IHEs), the Advanced Technological Education (ATE) program supports the education of technicians for the high-technology fields that drive our nation's economy. The program involves partnerships between academic institutions (grades 7-12, IHEs), industry, and economic development agencies to promote improvement in the education of science and engineering technicians at the undergraduate and secondary institution school levels. The ATE program supports curriculum development; professional development of college faculty and secondary school teachers; career pathways; and other activities. The program invites applied research proposals that advance the knowledge base related to technician education. It is required that projects be faculty driven and that courses and programs are credit bearing, although materials developed may also be used for incumbent worker education."
131,https://www.nsf.gov/pubs/2014/nsf14519/nsf14519.htm,Expeditions in Computing,"The far-reaching impact and rate of innovation in the computing and information disciplines has been remarkable, generating economic prosperity and enhancing the quality of life for people throughout the world."
132,https://www.nsf.gov/pubs/2016/nsf16535/nsf16535.htm,Expeditions in Computing,"The far-reaching impact and rate of innovation in the computing and information disciplines has been remarkable, generating economic prosperity and enhancing the quality of life for people throughout the world."
133,https://www.nsf.gov/pubs/2012/nsf12543/nsf12543.htm,Small-Business/ ERC Collaborative Opportunity:,"This opportunity aims to facilitate the translation of NSF's technology investments in Engineering Research Centers and in Small Business Innovation Research and Small Business Technology Transfer projects into the market place. Furthermore, in instances where an ERC is funded with a mission to support the public good through the implementation of critical public engineering systems, this includes facilitating implementations that realize the intended public benefit."
134,https://www.nsf.gov/pubs/2012/nsf12580/nsf12580.htm,Information and Intelligent Systems (IIS): Core Programs,"CISE's Division of Information and Intelligent Systems (IIS) supports research and education projects that develop new knowledge in three core programs:The Human-Centered Computing program;The Information Integration and Informatics program; andThe Robust Intelligence program.IIS is also responsible for managing the review process for proposals in Computer Graphics and Visualization; these proposals may be submitted to any of the three core programs described above.Proposers are invited to submit proposals in three project classes, which are defined as follows:Small Projects - up to $500,000 total budget with durations up to three years;Medium Projects - $500,001 to $1,200,000 total budget with durations up to four years; andLarge Projects - $1,200,001 to $3,000,000 total budget with durations up to five years.A more complete description of the three project classes can be found in section II. Program Description of this document.CISE investments in Small, Medium and Large projects complement the Directorate's investments in the Expeditions in Computing program, https://www.nsf.gov/funding/pgm_summ.jsp?pims_id=503169, where projects are funded at levels of up to $10,000,000 total for durations up to 5 years."
135,https://www.nsf.gov/pubs/2011/nsf11556/nsf11556.htm,Information and Intelligent Systems (IIS): Core Programs (nsf11556),CISE's Division of Information and Intelligent Systems (IIS) supports research and education projects that develop new knowledge in three core programs:
136,http://www.nsf.gov/pubs/2006/nsf06504/nsf06504.htm,"George E. Brown, Jr. Network for Earthquake Engineering Simulation Research (NEESR)","The Division of Civil and Mechanical Systems (CMS) in the Directorate for Engineering (ENG) of the National Science Foundation (NSF) invites proposals for research that utilize the George E. Brown, Jr. Network for Earthquake Engineering Simulation (NEES) to advance earthquake loss reduction. NEES is a national, shared use experimental resource for advancing knowledge and technology to improve the design and performance of the nation's civil infrastructure when subjected to earthquake excitation and tsunamis. NEES comprises a network of 15 earthquake engineering experimental equipment sites, available for experimentation on-site or in the field and through telepresence. NEES equipment sites include shake tables, geotechnical centrifuges, a tsunami wave basin, unique large-scale testing laboratory facilities, and mobile and permanently installed field equipment. The NEES networking cyberinfrastructure, known as NEESgrid, connects, via Internet2, the equipment sites as well as provides telepresence, a curated central data repository, simulation tools, and collaborative tools for facilitating on-line planning, execution, and post-processing of experiments. Through NSF funding, NEES Consortium, Inc. (NEESinc), operates the NEES infrastructure (equipment sites and NEESgrid); coordinates education, outreach and training activities for NEES; develops partnerships nationally and internationally to enhance the capabilities of and participation in NEES; and establishes community-based policies for facilities sharing and data archiving and sharing. Projects proposed and funded under this solicitation must utilize one or more of the NEES equipment sites and the NEESgrid cyberinfrastructure operated by NEESinc. Proposals may be submitted in three categories: Grand Challenge, Small Group, and Individual Investigator."
137,https://www.nsf.gov/pubs/2011/nsf11566/nsf11566.htm,"George E. Brown, Jr. Network for Earthquake Engineering Simulation Research","The Division of Civil, Mechanical and Manufacturing Innovation (CMMI) in the Directorate for Engineering (ENG) of the National Science Foundation (NSF) invites proposals for research that uses the George E. Brown, Jr. Network for Earthquake Engineering Simulation (NEES) to advance knowledge, discovery, and innovation for (1) earthquake and tsunami loss reduction of our nation's civil infrastructure, and (2) new experimental simulation techniques and instrumentation for NEES. NEES comprises a network of 14 earthquake engineering experimental equipment sites available for experimentation on-site or in the field and through telepresence. NEES equipment sites include shake tables, geotechnical centrifuges, a tsunami wave basin, unique large-scale testing laboratory facilities, and mobile and permanently installed field equipment. The NEEShub cyberinfrastructure connects, via Internet2, the equipment sites as well as provides telepresence; a curated central data repository known as the NEES Project Warehouse; simulation tools; collaborative tools for facilitating on-line planning, execution, and post-processing of experiments; and the NEES Academy for education and outreach. Projects proposed and supported under this solicitation must require significant use of one or more of the NEES equipment sites listed at http://www.nees.org and the related cyberinfrastructure and/or require significant reuse of data curated and archived in the NEES Project Warehouse at http://nees.org/warehouse. Proposals that seek new scientific inquiry through reuse of data curated and archived in the NEES Project Warehouse, either alone or in combination with use of the NEES equipment site(s), will be considered."
138,https://www.nsf.gov/pubs/2011/nsf11512/nsf11512.htm,"George E. Brown, Jr. Network for Earthquake Engineering Simulation Research (NEESR) (nsf11512)","The Division of Civil, Mechanical and Manufacturing Innovation (CMMI)"
139,https://www.nsf.gov/pubs/2007/nsf07506/nsf07506.htm,"George E. Brown, Jr. Network for Earthquake Engineering Simulation Research","The Division of Civil, Mechanical, and Manufacturing Innovation (CMMI)"
140,https://www.nsf.gov/pubs/2008/nsf08574/nsf08574.htm,"George E. Brown, Jr. Network for Earthquake Engineering Simulation Operations","The Division of Civil, Mechanical and Manufacturing Innovation (CMMI) in the Directorate for Engineering (ENG) of the National Science Foundation (NSF) is soliciting proposals for network-wide leadership, management, operations, and maintenance of the George E. Brown, Jr. Network for Earthquake Engineering Simulation (NEES) from October 1, 2009 through September 30, 2014.  NEES is a NSF-supported shared resource of experimental facilities and cyberinfrastructure for research and education to advance knowledge discovery and innovation to reduce losses from earthquakes.  The NEES experimental infrastructure comprises a network of 15 earthquake engineering equipment sites, located at universities across the United States, available for testing on-site, in the field, or through telepresence.  The NEES equipment sites include shake tables, geotechnical centrifuges, a tsunami wave basin, unique large-scale testing laboratories, and mobile and permanently installed field equipment.  The NEES cyberinfrastructure connects the equipment sites, via Internet2, and provides data curation and a curated central data repository; telepresence; simulation, computational, data visualization, and collaborative tools; hybrid (coupled computational and physical) simulation and multi-site hybrid simulation capabilities; user support services; middleware; and a cybersecurity framework."
141,https://www.nsf.gov/pubs/2005/nsf05527/nsf05527.htm,"George E. Brown, Jr. Network for Earthquake Engineering Simulation Research (NEESR)",The Division of Civil and Mechanical Systems in the Directorate
142,https://www.nsf.gov/pubs/2003/nsf03589/nsf03589.htm,"George E. Brown, Jr. Network for Earthquake Engineering Simulation Research",The Division of Civil and Mechanical Systems (CMS) in the Directorate
143,https://www.nsf.gov/pubs/2013/nsf13537/nsf13537.htm,"George E. Brown, Jr. Network for Earthquake Engineering Simulation Operations FY 2015-FY 2019","The George E. Brown, Jr. Network for Earthquake Engineering Simulation (NEES) was established by the National Science Foundation (NSF) as a multi-user, research infrastructure for earthquake engineering research, innovation, and education through a facility construction phase during 2000-2004, followed by operations of the infrastructure to support research and education activities from October 2004 through September 2014."
144,https://www.nsf.gov/pubs/2011/nsf11545/nsf11545.htm,Division of Molecular and Cellular Biosciences: Investigator-initiated research projects,"The Division of Molecular and Cellular Biosciences (MCB) supports fundamental research and related activities designed to promote understanding of complex living systems at the molecular, subcellular, and cellular levels. The Division is soliciting proposals for hypothesis-driven and discovery research and related activities in four core clusters:"
145,https://www.nsf.gov/pubs/2011/nsf11523/nsf11523.htm,Advancing Theory in Biology,"The Biological Sciences Directorate invites submission of proposals that advance our conceptual and theoretical understanding of living systems. The Advancing Theory in Biology (ATB) solicitation supports the development of new theoretical approaches that will improve our understanding of general biological principles that account for phenomena that occur independently across levels of biological organization. Awards will not exceed a total of $750,000 over a three year period. This total includes all participants in collaborative projects."
146,https://www.nsf.gov/pubs/2007/nsf07556/nsf07556.htm,Advancing Theory in Biology,"The Biological Sciences Directorate invites submission of proposals that advance our conceptual and theoretical understanding of the dynamics of living systems. The emergence of complex biological phenomena from dynamic interactions among less complex elements is a central theme in modern biology, and it permeates inquiries at all levels of biological organization from macromolecules to ecosystems. Such interactions are typically non-linear, distributed, and often span many levels of biological organization. These properties limit the understanding that can be gained by traditional experimental analyses.  The program is designed to develop new conceptualizations and theoretical approaches to identify fundamental principles that traverse levels of biological complexity.  Proposals may vary in size (up to $250,000 per year) and duration (up to three years), in the number of investigators involved, and in the nature of collaborations."
147,https://www.nsf.gov/pubs/2017/nsf17519/nsf17519.htm,Integrative Strategies for Understanding Neural and Cognitive Systems,"The complexities of brain and behavior pose fundamental questions in many areas of science and engineering, drawing intense interest across a broad spectrum of disciplinary perspectives while eluding explanation by any one of them. Rapid advances within and across disciplines are leading to an increasingly interconnected fabric of theories, models, empirical methods and findings, and educational approaches, opening new opportunities to understand complex aspects of neural and cognitive systems through integrative multidisciplinary approaches."
148,https://www.nsf.gov/pubs/2003/nsf03537/nsf03537.htm,Ultra-High-Capacity Optical Communications:,"The National Science Foundation (NSF), through the"
149,https://www.nsf.gov/pubs/2003/nsf03519/nsf03519.html,NSF Funding Opportunity Document: National Nanotechnology Infrastructure Network (NNIN),"The National Science Foundation announces an open competition to establish a National Nanotechnology Infrastructure Network (NNIN) as an integrated national network of user facilities that will support the future infrastructure needs for research and education in the burgeoning nanoscale science and engineering field. The facilities comprising this network will be diverse both in capabilities and research areas served as well as in geographic locations, and the network will have the flexibility to grow or reconfigure as needs arise. The NNIN will broadly support nanotechnology activities outlined in the National Nanotechnology Initiative investment strategy. It will provide users across the nation access to leading-edge fabrication and characterization tools and instruments in support of nanoscale science and engineering research, develop and maintain advanced research infrastructure, contribute to the education and training of a new workforce skilled in nanotechnology and the latest laboratory techniques, conduct outreach to the science and engineering communities, and explore the social and ethical implications of nanotechnology."
150,https://www.nsf.gov/pubs/2006/nsf06595/nsf06595.htm,Active Nanostructures and Nanosystems,"The National Science Foundation (NSF) announces a program on collaborative research and education in the area of active nanostructures, nanosystems, and on the long-term societal change associated with these innovations.  Active nanostructures change or evolve their structure, property, or function during their operation.  The goal of this program is to support fundamental research and catalyze synergistic science and engineering research and education in several emerging areas of nanoscale science and engineering, including:"
151,https://www.nsf.gov/pubs/2005/nsf05610/nsf05610.htm,Active Nanostructures and Nanosystems (ANN),"The National Science Foundation (NSF) announces a program on collaborative research and education in the area of active nanostructures and nanosystems, and on the long-term social change associated with these innovations. The goal of this program is to support fundamental research and catalyze synergistic science and engineering research and education in several emerging areas of nanoscale science and technology, including: fundamental nanoscale phenomena and processes in active nanostructures; nanosystems with improved functionality and new architectures; hierarchical nanomanufacturing; and long-term societal and educational implications of scientific and technological advances on the nanoscale."
152,https://www.nsf.gov/pubs/2019/nsf19532/nsf19532.htm,Enabling Quantum Leap: Quantum Idea Incubator for Transformational Advances in Quantum Systems (QII - TAQS) (nsf19532) | NSF - National Science Foundation,"In 2016, the National Science Foundation (NSF) unveiled a set of ""Big Ideas,"" 10 bold, long-term research and process ideas that identify areas for future investment at the frontiers of science and engineering (see https://www.nsf.gov/news/special_reports/big_ideas/index.jsp). The Big Ideas represent unique opportunities to position our Nation at the cutting edge of global science and engineering leadership by bringing together diverse disciplinary perspectives to support convergence research. As such, when responding to this solicitation, even though proposals must be submitted to the Directorate for Mathematical & Physical Sciences/Office of Multidisciplinary Activities (MPS/OMA), once received, the proposals will be managed by a cross-disciplinary team of NSF Program Directors."
153,https://www.nsf.gov/pubs/2018/nsf18564/nsf18564.htm,Division of Physics: Investigator-Initiated Research Projects,The Division of Physics (PHY) supports physics research and the preparation of future scientists in the nation’s colleges and universities across a broad range of physics disciplines that span scales of space and time from the largest to the smallest and the oldest to the youngest.
154,https://www.nsf.gov/pubs/2016/nsf16596/nsf16596.htm,Condensed Matter and Materials Theory,"CMMT supports theoretical and computational materials research in the topical areas represented in DMR's core or individual investigator programs, which include: Condensed Matter Physics (CMP), Biomaterials (BMAT), Ceramics (CER), Electronic and Photonic Materials (EPM), Metals and Metallic Nanostructures (MMN), Polymers (POL), and Solid State and Materials Chemistry (SSMC). The program supports fundamental research that advances the conceptual understanding of hard and soft materials, and materials-related phenomena; the development of associated analytical, computational, and data-centric techniques; as well as predictive materials-specific theory, simulation, and modeling for materials research. The broad spectrum of research supported in CMMT includes first-principles, quantum many-body, statistical mechanics, classical and quantum Monte Carlo, and molecular dynamics methods. Computational efforts span from workstations to advanced and high-performance scientific computing. Emphasis is on approaches that begin at the smallest appropriate length scale, such as electronic, atomic, molecular, nano-, micro-, and mesoscale, required to yield fundamental insight into material properties, processes, and behavior, to predict new materials and states of matter, and to reveal new materials-related phenomena. Approaches that span multiple scales of length and time may be required to advance fundamental understanding of materials properties and phenomena, particularly for polymeric materials and soft matter. Examples of areas of recent interest appear in the program description."
155,https://www.nsf.gov/pubs/2020/nsf20510/nsf20510.htm,NSF Engineering - UKRI Engineering and Physical Sciences Research Council Lead Agency Opportunity,"The Directorate for Engineering (ENG), Division of Chemical, Bioengineering, Environmental, and Transport Systems (CBET), the Division of Civil, Mechanical and Manufacturing Innovation (CMMI), and the Division of Electrical, Communications and Cyber Systems (ECCS) of the National Science Foundation and the Engineering, ICT and Manufacturing the Future Themes of the UK Engineering and Physical Sciences Research Council (EPSRC) are pleased to announce the ENG-EPSRC Lead Agency Opportunity. The goal of this opportunity is to reduce some of the barriers that researchers currently encounter when working internationally. The ENG-EPSRC Lead Agency Opportunity will allow US and UK researchers to submit a single collaborative proposal that will undergo a single review process."
156,https://www.nsf.gov/pubs/2020/nsf20582/nsf20582.htm,Condensed Matter and Materials Theory (CMMT) (nsf20582) | NSF - National Science Foundation,"CMMT supports theoretical and computational materials research in the topical areas represented in DMR's Topical Materials Research Programs (these are also variously known as Individual Investigator Award (IIA) Programs, or Core Programs, or Disciplinary Programs), which include: Condensed Matter Physics (CMP), Biomaterials (BMAT), Ceramics (CER), Electronic and Photonic Materials (EPM), Metals and Metallic Nanostructures (MMN), Polymers (POL), and Solid State and Materials Chemistry (SSMC). The CMMT program supports fundamental research that advances conceptual understanding of hard and soft materials, and materials-related phenomena; the development of associated analytical, computational, and data-centric techniques; and predictive materials-specific theory, simulation, and modeling for materials research. First-principles electronic structure, quantum many-body and field theories, statistical mechanics, classical and quantum Monte Carlo, and molecular dynamics, are among the methods used in the broad spectrum of research supported in CMMT. Research may encompass the advance of new paradigms in materials research, including emerging data-centric approaches utilizing data-analytics or machine learning. Computational efforts span from the level of workstations to advanced and high-performance scientific computing. Emphasis is on approaches that begin at the smallest appropriate length scale, such as electronic, atomic, molecular, nano-, micro-, and mesoscale, required to yield fundamental insight into material properties, processes, and behavior, to predict new materials and states of matter, and to reveal new materials phenomena. Approaches that span multiple scales of length and time may be required to advance fundamental understanding of materials properties and phenomena, particularly for polymeric materials and soft matter. Areas of recent interest include, but are not limited to: strongly correlated electron systems; active matter; topological phases; low-dimensional materials and systems; quantum and classical non-equilibrium phenomena, the latter including pattern formation, materials growth, micro-structure evolution, fracture, and the jamming transition; gels; glasses; disordered materials, hard and soft; defects; high-temperature superconductivity; nanostructured materials and mesoscale phenomena; creation and manipulation of coherent quantum states; polymeric materials and soft condensed matter, biologically inspired materials, and research at the interface with biology."
157,https://www.nsf.gov/pubs/2010/nsf10577/nsf10577.htm,Frontiers in Earth System Dynamics,"The Earth is often characterized as ""dynamic"" because its systems are variable over space and time, and they can respond rapidly to multiple perturbations.  The goals of the Frontiers in Earth-System Dynamics (FESD) program are to: (1) foster an inter-disciplinary and multi-scale understanding of the interplay among and within the various sub-systems of the Earth, (2) catalyze research in areas poised for a major advance, (3) improve data resolution and modeling capabilities to more realistically simulate complex processes and forecast disruptive or threshold events, and (4) improve knowledge of the resilience of the Earth and its subsystems."
158,https://www.nsf.gov/pubs/2012/nsf12547/nsf12547.htm,Frontiers in Earth System Dynamics,"The Earth is often characterized as ""dynamic"" because its systems are variable over space and time, and they can respond rapidly to multiple perturbations."
159,https://www.nsf.gov/pubs/2006/nsf06588/nsf06588.htm,Critical Zone Observatories (CZO) (nsf06588),This solicitation calls for proposals to develop Critical Zone Observatories that
160,https://www.nsf.gov/pubs/2020/nsf20588/nsf20588.htm,"Division of Materials Research: Topical Materials Research Programs: Ceramics (CER), Electronic and Photonic Materials (EPM), Solid State and Materials Chemistry (SSMC)","Research supported by the Division of Materials Research (DMR) focuses on advancing fundamental understanding of materials, materials discovery, design, synthesis, characterization, properties, and materials-related phenomena. DMR awards enable understanding of the electronic, atomic, and molecular structures, mechanisms, and processes that govern nanoscale to macroscale morphology and properties; manipulation and control of these properties; discovery of emerging phenomena of matter and materials; and creation of novel design, synthesis, and processing strategies that lead to new materials with unique characteristics. These discoveries and advancements transcend traditional scientific and engineering disciplines. The Division supports research and education activities in the United States through funding of individual investigators, teams, centers, facilities, and instrumentation. Projects supported by DMR are essential for the development of future technologies and industries that meet societal needs, as well preparation of the next generation of materials researchers."
161,https://www.nsf.gov/pubs/2020/nsf20589/nsf20589.htm,"Division of Materials Research: Topical Materials Research Programs: Biomaterials (BMAT), Condensed Matter Physics (CMP), Metals and Metallic Nanostructures (MMN), Polymers (POL) (DMR-TMRP BMAT, CMP, MMN, POL) (nsf20589) | NSF - National Science Foundation","Research supported by the Division of Materials Research (DMR) focuses on advancing fundamental understanding of materials, materials discovery, design, synthesis, characterization, properties, and materials-related phenomena. DMR awards enable understanding of the electronic, atomic, and molecular structures, mechanisms, and processes that govern nanoscale to macroscale morphology and properties; manipulation and control of these properties; discovery of emerging phenomena of matter and materials; and creation of novel design, synthesis, and processing strategies that lead to new materials with unique characteristics. These discoveries and advancements transcend traditional scientific and engineering disciplines. The Division supports research and education activities in the United States through funding of individual investigators, teams, centers, facilities, and instrumentation. Projects supported by DMR are essential for the development of future technologies and industries that meet societal needs, as well preparation of the next generation of materials researchers."
162,https://www.nsf.gov/pubs/2019/nsf19516/nsf19516.htm,Designing Materials to Revolutionize and Engineer our Future (DMREF) (nsf19516) | NSF - National Science Foundation,"DMREF is the primary program by which NSF participates in the Materials Genome Initiative (MGI) for Global Competitiveness. MGI recognizes the importance of materials science and engineering to the well-being and advancement of society and aims to ""deploy advanced materials at least twice as fast as possible today, at a fraction of the cost."" MGI integrates materials discovery, development, property optimization, and systems design with a shared computational framework. This framework facilitates collaboration and coordination of research activities, analytical tools, experimental results, and critical evaluation in pursuit of the MGI goals. Consistent with the MGI Strategic Plan, DMREF highlights four sets of goals:"
163,https://www.nsf.gov/pubs/2018/nsf18500/nsf18500.htm,Condensed Matter and Materials Theory,"CMMT supports theoretical and computational materials research in the topical areas represented in DMR's Topical Materials Research Programs (these are also variously known as Individual Investigator Award (IIA) Programs, or Core Programs, or Disciplinary Programs), which include: Condensed Matter Physics (CMP), Biomaterials (BMAT), Ceramics (CER), Electronic and Photonic Materials (EPM), Metals and Metallic Nanostructures (MMN), Polymers (POL), and Solid State and Materials Chemistry (SSMC). The CMMT program supports fundamental research that advances conceptual understanding of hard and soft materials, and materials-related phenomena; the development of associated analytical, computational, and data-centric techniques; and predictive materials-specific theory, simulation, and modeling for materials research. First-principles electronic structure, quantum many-body and field theories, statistical mechanics, classical and quantum Monte Carlo, and molecular dynamics, are among the methods used in the broad spectrum of research supported in CMMT. Research may encompass the advance of new paradigms in materials research, including emerging data-centric approaches utilizing data-analytics or machine learning. Computational efforts span from the level of workstations to advanced and high-performance scientific computing. Emphasis is on approaches that begin at the smallest appropriate length scale, such as electronic, atomic, molecular, nano-, micro-, and mesoscale, required to yield fundamental insight into material properties, processes, and behavior, to predict new materials and states of matter, and to reveal new materials phenomena. Approaches that span multiple scales of length and time may be required to advance fundamental understanding of materials properties and phenomena, particularly for polymeric materials and soft matter. Areas of recent interest include, but are not limited to: strongly correlated electron systems; active matter; topological phases; low-dimensional materials and systems; quantum and classical nonequilibrium phenomena, the latter including pattern formation, materials growth, microstructure evolution, fracture, and the jamming transition; gels; glasses; disordered materials, hard and soft; defects; high-temperature superconductivity; nanostructured materials and mesoscale phenomena; creation and manipulation of coherent quantum states; polymeric materials and soft condensed matter, biologically inspired materials, and research at the interface with biology."
164,https://www.nsf.gov/pubs/2012/nsf12614/nsf12614.htm,Interdisciplinary Behavioral and Social Science Research (IBSS)(nsf12614),The Interdisciplinary Behavioral and Social Science Research (IBSS) competition promotes the conduct of interdisciplinary research by teams of investigators in the social and behavioral sciences.
165,https://www.nsf.gov/pubs/2016/nsf16608/nsf16608.htm,Smart and Autonomous Systems,"The Smart and Autonomous Systems (S&AS) program focuses on Intelligent Physical Systems (IPS) that are cognizant, taskable, reflective, ethical, and knowledge-rich. The S&AS program welcomes research on IPS that are aware of their capabilities and limitations, leading to long-term autonomy requiring minimal or no human operator intervention. Example IPS include, but are not limited to, robotic platforms and networked systems that combine computing, sensing, communication, and actuation. Cognizant IPS exhibit high-level awareness beyond primitive actions, in support of persistent and long-term autonomy. Taskable IPS can interpret high-level, possibly vague, instructions, translating them into concrete actions that are dependent on the particular context in which the IPS is operating."
166,https://www.nsf.gov/pubs/2009/nsf09559/nsf09559.htm,Social-Computational Systems,"The Social-Computational Systems (SoCS) program seeks to reveal new understanding about the properties that systems of people and computers together possess, and to develop a practical understanding of the purposeful design of systems to facilitate socially intelligent computing.  By better characterizing, understanding, and eventually designing for desired behaviors arising from computationally mediated groups of people at all scales, new forms of knowledge creation, new models of computation, new forms of culture, and new types of interaction will result.  Further, the investigation of such systems and their emergent behaviors and desired properties will inform the design of future systems.The SoCS program will support research in socially intelligent computing arising from human-computer partnerships that range in scale from a single person and computer to an Internet-scale array of machines and people.  The program seeks to create new knowledge about the capabilities these partnerships can demonstrate - new affordances and new emergent behaviors, as well as unanticipated consequences and fundamental limits.  The program also seeks to foster new ideas that support even greater capabilities for socially intelligent computing, such as the design and development of systems reflecting explicit knowledge about people's cognitive and social abilities, new models of collective, social, and participatory computing, and new algorithms that leverage the specific abilities of massive numbers of human participants.The SoCS program seeks to capitalize upon the collaborative knowledge and research methods of investigators in the computational and human sciences, recognizing that researchers in computer science and related disciplines often focus on the limits and capabilities of computation in isolation from the people that use computation, while researchers in the social sciences often focus on the use of technology or the capabilities of people with limited impact on how such knowledge can influence the design of new technologies.  Proposals that reflect collaborative efforts spanning computational and human centered approaches and perspectives are specifically encouraged."
167,https://www.nsf.gov/pubs/2004/nsf04531/nsf04531.htm,"NSF 04-531, NSF Funding Opportunity Document: Science and Technology Studies","The STS Program supports research and related activities that contribute to systematic understanding of the character and development of science and technology, including their cultural, intellectual, material, and social dimensions. The program supports research on the nature and development of technology and science, both in the past and present; on differences in the nature of theory and evidence in various fields of science and engineering; and on the interactions among science, technology and society. Proposals are welcomed from various disciplinary perspectives, including history of science, history of technology, philosophy of science, and various social sciences, including sociology, anthropology, and political science."
168,https://www.nsf.gov/pubs/2018/nsf18518/nsf18518.htm,National Robotics Initiative 2.0: Ubiquitous Collaborative Robots (NRI-2.0) (nsf18518) | NSF - National Science Foundation,"The NRI-2.0 program builds upon the original National Robotics Initiative (NRI) program to support fundamental research in the United States that will accelerate the development and use of collaborative robots (co-robots) that work beside or cooperatively with people. The focus of the NRI-2.0 program is on ubiquity, which in this context means seamless integration of co-robots to assist humans in every aspect of life."
169,https://www.nsf.gov/pubs/2010/nsf10600/nsf10600.htm,Social-Computational Systems (SoCS) (nsf10600),The Social-Computational Systems (SoCS) program seeks to reveal new understanding
170,https://www.nsf.gov/pubs/2013/nsf13564/nsf13564.htm,"NSF/EPRI Collaboration on ""Water for Energy""- Advanced Dry Cooling for Power Plants","The Directorate of Engineering at the National Science Foundation (NSF) and the Electric Power Research Institute (EPRI) have established a collaboration to jointly address the critical problem of water usage and consumption in power plant cooling. The ""water-for-energy"" issue is an important piece of the Energy-Water nexus. The goal of this collaboration is to"
171,https://www.nsf.gov/pubs/2003/nsf03580/nsf03580.htm,NSF Funding Opportunity Document: Cooperative Activities in Environmental Research between the National Science Foundation and the European Commission: Ecology and Oceanography of Harmful Algae,This program supports collaborative environmental research between U.S. scientists and engineers and their counterparts in the member countries of the European Union through an implementing arrangement between the National Science Foundation and the European Commission (EC).
172,https://www.nsf.gov/pubs/2010/nsf10533/nsf10533.htm,NSF/FDA SCHOLAR-IN-RESIDENCE AT FDA,"The National Science Foundation (NSF), through the Directorate for Engineering's Division of Chemical, Bioengineering, Environmental, and Transport Systems (CBET), and the U.S. Food and Drug Administration (FDA), through its Center for Devices and Radiological Health (CDRH) have established the NSF/FDA Scholar-in-Residence Program at FDA. This program comprises an interagency partnership for the investigation of scientific and engineering issues concerning emerging trends in medical device technology. This partnership is designed to enable investigators in science, engineering, and mathematics to develop research collaborations within the intramural research environment at the FDA. This solicitation features four flexible mechanisms for support of research at the FDA: 1) Faculty at FDA; 2) Graduate Student Fellowships; 3) Postdoctoral Fellowships; and, 4) Undergraduate Student Research Experiences. Undergraduate student participants supported with NSF funds must be citizens or permanent residents of the United States."
173,https://www.nsf.gov/pubs/2005/nsf05577/nsf05577.htm,Biological Databases and Informatics (BD&I),"The Biological Databases and Informatics (BD&I) program seeks to encourage new approaches to the management, analysis, and dissemination of biological knowledge for the benefit of both the scientific community and the broader public. The BD&I"
174,https://www.nsf.gov/pubs/2013/nsf13510/nsf13510.htm,Division of Molecular and Cellular Biosciences: Investigator-initiated research projects,"The Division of Molecular and Cellular Biosciences (MCB) supports quantitative, predictive, and theory-driven fundamental research and related activities designed to promote understanding of complex living systems at the molecular, subcellular, and cellular levels. MCB is soliciting proposals for hypothesis-driven and discovery research and related activities in four core clusters:"
175,https://www.nsf.gov/pubs/2008/nsf08563/nsf08563.htm,Advances in Biological Informatics,"The Advances in Biological Informatics (ABI) program seeks to encourage new approaches to the analysis and dissemination of biological knowledge for the benefit of both the scientific community and the broader public. The ABI program is especially interested in the development of  informatics tools and resources that have the potential to advance, or transform, research in biology supported by the Directorate for Biological Sciences at the National Science Foundation."
176,https://www.nsf.gov/pubs/2004/nsf04572/nsf04572.htm,Joint DMS/BIO/NIGMS Initiative to Support Research in the Area of Mathematical Biology,The Division of Mathematical Sciences in the Directorate for Mathematical
177,https://www.nsf.gov/pubs/2007/nsf07535/nsf07535.htm,Assembling the Tree of Life,"A flood of new information, from whole-genome sequences to detailed structural information to inventories of earth's biota, is transforming 21st century biology. Along with comparative data on morphology, fossils, development, behavior, and interactions of all forms of life on earth, these new data streams make even more critical the need for an organizing framework for information retrieval, analysis, and prediction. Phylogeny, the genealogical map for all lineages of life on earth, provides an overall framework to facilitate information retrieval and biological prediction. Currently, single investigators or small teams of researchers are studying the evolutionary pathways of heredity usually concentrating on phylogenetic groups of modest size. Assembly of a framework phylogeny, or Tree of Life, for all 1.7 million described species requires a greatly magnified effort by large teams working across institutions and disciplines. This is the overall goal of the Assembling the Tree of Life activity. The National Science Foundation announces its intention to continue support of multidisciplinary teams to conduct creative and innovative research that will resolve phylogenetic relationships for large groups of organisms on the Tree of Life. Teams of investigators also will be supported for projects in data acquisition, analysis, algorithm development and dissemination in computational phylogenetics and phyloinformatics."
178,https://www.nsf.gov/pubs/2008/nsf08517/nsf08517.htm,Emerging Models and Technologies for Computation (EMT),"The goal of the EMT program is to enable radical innovations in the software, hardware and architecture of computing and communication systems through the support of projects that capitalize upon research opportunities at the intersection of computing and biological systems, nanoscale science and engineering, quantum information science, and other promising areas of science and technology.  Interdisciplinary collaborations involving computer scientists, engineers in various fields, physicists, chemists, mathematicians, and biologists are highly encouraged."
179,https://www.nsf.gov/pubs/2011/nsf11570/nsf11570.htm,Fundamental Research Program for Industry/University Cooperative Research Centers,The National Science Foundation encourages the submission of industry-defined fundamental research proposals from NSF Industry/University Cooperative Research Centers (I/UCRC) in areas of shared value to both centers and their members.
180,https://www.nsf.gov/pubs/2013/nsf13538/nsf13538.htm,Future Internet Architectures -- Next Phase (FIA-NP) (nsf13538),"Continuing its long-standing commitment of supporting groundbreaking research in large-scale networking systems, the"
181,https://www.nsf.gov/pubs/2019/nsf19589/nsf19589.htm,Computer and Information Science and Engineering (CISE): Core Programs,"The NSF CISE Directorate supports research and education projects that develop new knowledge in all aspects of computing, communications, and information science and engineering, as well as advanced cyberinfrastructure, through the following core programs:"
182,https://www.nsf.gov/pubs/2019/nsf19572/nsf19572.htm,Secure and Trustworthy Cyberspace Frontiers,"In today’s increasingly networked, distributed, and asynchronous world, cybersecurity involves hardware, software, networks, data, people, and integration with the physical world. Society’s overwhelming reliance on this complex cyberspace, however, has exposed its fragility and vulnerabilities that defy existing cyber-defense measures; corporations, agencies, national infrastructure and individuals continue to suffer cyber-attacks. Achieving a truly secure cyberspace requires addressing both challenging scientific and engineering problems involving many components of a system, and vulnerabilities that stem from human behaviors and choices. Examining the fundamentals of security and privacy as a multidisciplinary subject can lead to fundamentally new ways to design, build and operate cyber systems, protect existing infrastructure, and motivate and educate individuals about cybersecurity."
183,https://www.nsf.gov/pubs/2020/nsf20591/nsf20591.htm,Computer and Information Science and Engineering (CISE): Core Programs,"The NSF CISE Directorate supports research and education projects that develop new knowledge in all aspects of computing, communications, and information science and engineering, as well as advanced cyberinfrastructure, through the following core programs:"
184,https://www.nsf.gov/pubs/2012/nsf12561/nsf12561.htm,Joint DMS/NIGMS Initiative to Support Research at the Interface of the Biological and Mathematical Sciences,"The Division of Mathematical Sciences in the Directorate for Mathematical and Physical Sciences at the National Science Foundation and the National Institute of General Medical Sciences at the National Institutes of Health plan to support research in mathematics and statistics on questions in the biological and biomedical sciences. Both agencies recognize the need and urgency for promoting research at the interface between the mathematical sciences and the life sciences. This competition is designed to encourage new collaborations, as well as to support existing ones."
185,https://www.nsf.gov/pubs/2013/nsf13570/nsf13570.htm,Joint DMS/NIGMS Initiative to Support Research at the Interface of the Biological and Mathematical Sciences,"The Division of Mathematical Sciences in the Directorate for Mathematical and Physical Sciences at the National Science Foundation and the National Institute of General Medical Sciences at the National Institutes of Health plan to support research in mathematics and statistics on questions in the biological and biomedical sciences. Both agencies recognize the need and urgency for promoting research at the interface between the mathematical sciences and the life sciences. This competition is designed to encourage new collaborations, as well as to support existing ones."
186,https://www.nsf.gov/pubs/2010/nsf10579/nsf10579.htm,Joint DMS/NIGMS Initiative to Support Research at the Interface of the Biological and Mathematical Sciences,"The Division of Mathematical Sciences in the Directorate for Mathematical and Physical Sciences at the National Science Foundation and the National Institute of General Medical Sciences at the National Institutes of Health plan to support research in mathematics and statistics on questions in the biological and biomedical sciences. Both agencies recognize the need and urgency for promoting research at the interface between the mathematical sciences and the life sciences. This competition is designed to encourage new collaborations, as well as to support existing ones."
187,https://www.nsf.gov/pubs/2006/nsf06607/nsf06607.htm,Joint DMS/NIGMS Initiative to Support Research in the Area of Mathematical Biology,"The Division of Mathematical Sciences in the Directorate for Mathematical and Physical Sciences and the National Institute of General Medical Sciences at the National Institutes of Health plan to support research in mathematics and statistics related to mathematical biology research. Both agencies recognize the need and urgency for additional research at the boundary between the mathematical sciences and the life sciences. This competition is designed to encourage new collaborations at this interface, as well as to support existing ones."
188,https://www.nsf.gov/pubs/2018/nsf18566/nsf18566.htm,Joint DMS/NIGMS Initiative to Support Research at the Interface of the Biological and Mathematical Sciences,"The Division of Mathematical Sciences (DMS) in the Directorate for Mathematical and Physical Sciences (MPS) at the National Science Foundation (NSF) and the National Institute of General Medical Sciences (NIGMS) at the National Institutes of Health (NIH) plan to support fundamental research in mathematics and statistics necessary to answer questions in the biological and biomedical sciences. Both agencies recognize the need to promote research at the interface between mathematical and life sciences. This program is designed to encourage new collaborations, as well as to support innovative activities by existing teams."
189,https://www.nsf.gov/pubs/2016/nsf16543/nsf16543.htm,Joint DMS/NIGMS Initiative to Support Research at the Interface of the Biological and Mathematical Sciences,"The Division of Mathematical Sciences in the Directorate for Mathematical and Physical Sciences at the National Science Foundation and the National Institute of General Medical Sciences at the National Institutes of Health plan to support research in mathematics and statistics on questions in the biological and biomedical sciences. Both agencies recognize the need and urgency for promoting research at the interface between the mathematical sciences and the life sciences. This program is designed to encourage new collaborations, as well as to support existing ones."
190,https://www.nsf.gov/pubs/2017/nsf17569/nsf17569.htm,Joint DMS/NIGMS Initiative to Support Research at the Interface of the Biological and Mathematical Sciences,"The Division of Mathematical Sciences (DMS) in the Directorate for Mathematical and Physical Sciences (MPS) at the National Science Foundation (NSF) and the National Institute of General Medical Sciences (NIGMS) at the National Institutes of Health (NIH) plan to support research in mathematics and statistics on questions in the biological and biomedical sciences. Both agencies recognize the need for promoting research at the interface between the mathematical sciences and the life sciences. This program is designed to encourage new collaborations, as well as to support existing ones."
191,https://www.nsf.gov/pubs/2020/nsf20505/nsf20505.htm,Transitions to Excellence in Molecular and Cellular Biosciences Research (Transitions) (nsf20505) | NSF - National Science Foundation,"The Division of Molecular and Cellular Biosciences (MCB) has developed a new opportunity to enable researchers with a strong track record of prior accomplishment to pursue a new avenue of research or inquiry. This funding mechanism is designed to facilitate and promote a PI's ability to effectively adopt empowering technologies that might not be readily accessible in the PI's current research environment or collaboration network. Transformative research likely spans disciplines and minimizing the practical barriers to doing so will strengthen research programs poised to make significant contributions. The award is intended to allow mid-career or later-stage researchers (Associate or Full Professor, or equivalent) to expand or make a transition in their research programs via a sabbatical leave or similar mechanism of professional development and then develop that research program in their own lab. This award will also enable the PI to acquire new scientific or technical expertise, facilitate the investigator's competitiveness, and potentially lead to transformational impacts in molecular and cellular bioscience. The award would fund up to six months of PI salary during the first sabbatical or professional development year, followed by support for continued research for two subsequent years upon the PI's return to normal academic duties. Through this solicitation MCB and NSF hope to develop a novel mechanism that will encourage investigators to expand and/or transition to new research areas aligned with MCB priorities, to increase retention of investigators in science, and to ensure a diverse scientific workforce that remains engaged in active research."
192,https://www.nsf.gov/pubs/2020/nsf20575/nsf20575.htm,Joint DMS/NIGMS Initiative to Support Research at the Interface of the Biological and Mathematical Sciences,"The Division of Mathematical Sciences (DMS) in the Directorate for Mathematical and Physical Sciences (MPS) at the National Science Foundation (NSF) and the National Institute of General Medical Sciences (NIGMS) at the National Institutes of Health (NIH) plan to support fundamental research in mathematics and statistics necessary to answer questions in the biological and biomedical sciences. Both agencies recognize the need to promote research at the interface between mathematical and life sciences. This program is designed to encourage new collaborations, as well as to support innovative activities by existing teams."
193,https://www.nsf.gov/pubs/2013/nsf13500/nsf13500.htm,Cyber-Enabled Sustainability Science and Engineering,"The Cyber-Enabled Sustainability Science and Engineering (CyberSEES) program aims to advance interdisciplinary research in which the science and engineering of sustainability are enabled by new advances in computing, and where computational innovation is grounded in the context of sustainability problems."
194,https://www.nsf.gov/pubs/2011/nsf11516/nsf11516.htm,Cyber-Physical Systems,"The term ""cyber-physical systems"" refers to the tight conjoining of and coordination between computational and physical resources."
195,https://www.nsf.gov/pubs/2008/nsf08611/nsf08611.htm,Cyber-Physical Systems,"The term cyber-physical systems refers to the tight conjoining of and coordination between computational and physical resources.  We envision that the cyber-physical systems of tomorrow will far exceed those of today in terms of adaptability, autonomy, efficiency, functionality, reliability, safety, and usability.  Research advances in cyber-physical systems promise to transform our world with systems that respond more quickly (e.g., autonomous collision avoidance), are more precise (e.g., robotic surgery and nano-tolerance manufacturing), work in dangerous or inaccessible environments (e.g., autonomous systems for search and rescue, firefighting, and exploration), provide large-scale, distributed coordination (e.g., automated traffic control), are highly efficient (e.g., zero-net energy buildings), augment human capabilities, and enhance societal wellbeing (e.g., assistive technologies and ubiquitous healthcare monitoring and delivery)."
196,https://www.nsf.gov/pubs/2010/nsf10515/nsf10515.htm,Cyber-Physical Systems,"The term cyber-physical systems refers to the tight conjoining of and coordination between computational and physical resources.  We envision that the cyber-physical systems of tomorrow will far exceed those of today in terms of adaptability, autonomy, efficiency, functionality, reliability, safety, and usability.  Research advances in cyber-physical systems promise to transform our world with systems that respond more quickly (e.g., autonomous collision avoidance), are more precise (e.g., robotic surgery and nano-tolerance manufacturing), work in dangerous or inaccessible environments (e.g., autonomous systems for search and rescue, firefighting, and exploration), provide large-scale, distributed coordination (e.g., automated traffic control), are highly efficient (e.g., zero-net energy buildings), augment human capabilities, and enhance societal wellbeing (e.g., assistive technologies and ubiquitous healthcare monitoring and delivery)."
197,https://www.nsf.gov/pubs/2005/nsf05570/nsf05570.htm,Dynamic Data Driven Applications Systems nsf05570,Information technology-enabled applications/simulations of systems
198,https://www.nsf.gov/pubs/2016/nsf16518/nsf16518.htm,NSF/CASIS Collaboration on Fluid Dynamics Research on the International Space Station to Benefit Life on Earth,"The Division of Chemical, Bioengineering and Environmental Transport (CBET) in the Engineering Directorate of the National Science Foundation (NSF) is partnering with The Center for the Advancement of Science in Space (CASIS) to solicit research projects in the general field of fluid dynamics that can utilize the International Space Station (ISS) National Lab to conduct research that will benefit life on Earth. U.S. entities including academic investigators, non-profit independent research labs and academic-commercial teams are eligible to apply."
199,https://www.nsf.gov/pubs/2010/nsf10549/nsf10549.htm,NSF/DOE Partnership on Thermoelectric Devices for Vehicle Applications - 2010 Solicitation (nsf10549),"The Directorate for Engineering at the National Science Foundation has established a partnership with the U.S. Department of Energy Vehicle Technologies Program in order to address critical fundamental and applied research challenges associated with harvesting waste heat in vehicle applications. The goal of the partnership is to leverage the complementary missions of deployment and commercialization (DOE) and fundamental research and education (NSF) to address issues of national importance that impact our reliance on foreign sources of oil. The Directorate for Engineering seeks proposals with transformative ideas that will impact national needs and priorities in energy conservation and climate change, specifically as pertains to novel thermoelectric devices and systems for harvesting waste heat in vehicle applications. Proposals must meet the detailed requirements delineated in this solicitation."
200,https://www.nsf.gov/pubs/2009/nsf09606/nsf09606.htm,EMERGING FRONTIERS IN RESEARCH AND INNOVATION 2010   (EFRI-2010),The Directorate for Engineering at the National Science Foundation
201,https://www.nsf.gov/pubs/2012/nsf12549/nsf12549.htm,Computational and Data-Enabled Science and Engineering (CDS&E) in Engineering,"Computational and Data-Enabled Science and Engineering (CDS&E) is a NSF-wide cross-disciplinary activity that coordinates relevant disciplinary and interdisciplinary programs at the intersection of mathematics and statistics, computer and computational science, and the core science and engineering disciplines. It is dedicated to the development and use of advanced computational methods, information processing, data mining and analysis, and advanced cyberinfrastructure to enable and execute transformative scientific discovery and engineering innovation, and to the education of experts and non-experts in computation, including workforce development and training."
202,https://www.nsf.gov/pubs/2017/nsf17589/nsf17589.htm,Division of Molecular and Cellular Biosciences: Investigator-Initiated Research Projects,"The Division of Molecular and Cellular Biosciences (MCB) supports quantitative, mechanistic, predictive, and theory-driven fundamental research designed to promote understanding of complex living systems at the molecular, subcellular, and cellular levels. While recognizing the need for thorough and accurate descriptions of biological complexes and pathways, the priority of the Division is to support work that advances the field by capturing the predictive power of mechanistic, quantitative, and evolutionary approaches. MCB is soliciting proposals in four core clusters:"
203,https://www.nsf.gov/pubs/2018/nsf18585/nsf18585.htm,Division of Molecular and Cellular Biosciences: Investigator-initiated research projects (MCB) (nsf18585) | NSF - National Science Foundation,"The Division of Molecular and Cellular Biosciences (MCB) supports quantitative, mechanistic, predictive, and theory-driven fundamental research designed to promote understanding of complex living systems at the molecular, subcellular, and cellular levels. While recognizing the need for thorough and accurate descriptions of biological complexes and pathways, the priority of the Division is to support work that advances the field by capturing the predictive power of mechanistic, quantitative, and evolutionary approaches."
204,https://www.nsf.gov/pubs/2007/nsf07500/nsf07500.htm,Cyber Trust,"Computers reside at the heart of systems on which people heavily rely.  From critical national infrastructures to personal computing devices, these systems are expected to work, and work as intended.  Unfortunately, many of these systems are vulnerable to malicious acts that can inhibit operation, corrupt valuable data or expose private information.  In fact, the news is replete with stories of vulnerabilities that were exploited for ill.  Future advances in computing promise many substantial benefits for society and individuals; yet unless trust in computing can be instilled, assured, and verified, these benefits are at risk."
205,https://www.nsf.gov/pubs/2008/nsf08521/nsf08521.htm,Cyber Trust,"People depend on computers and communication, ranging from the networks for electronic mail, to systems that monitor the nation’s critical infrastructure, to embedded RFID devices for tracking in transportation systems. These systems are expected to work and work as intended without placing people at needless risks.  Unfortunately, vulnerabilities still exist that allow attackers to corrupt or commandeer systems, including those that provide support for critical societal infrastructure.  Moreover, many systems are vulnerable to actions that can inhibit operation, corrupt valuable data or expose private information.  In fact, the news is replete with stories of vulnerabilities that were exploited for ill.  Future advances in computing promise substantial benefits for society and individuals; yet, unless trust in computing and communications can be assured, these benefits are at risk."
206,https://www.nsf.gov/pubs/2006/nsf06517/nsf06517.htm,Cyber Trust (CT),"Computers reside at the heart of systems on which people now rely, both"
207,https://www.nsf.gov/pubs/2004/nsf04524/nsf04524.htm,Cyber Trust nsf04524,Networked computers reside at the heart of systems on which people now
208,https://www.nsf.gov/pubs/2016/nsf16580/nsf16580.htm,Secure and Trustworthy Cyberspace,"In today’s increasingly networked, distributed, and asynchronous world, cybersecurity involves hardware, software, networks, data, people, and integration with the physical world. Society’s overwhelming reliance on this complex cyberspace has, however, exposed its fragility and vulnerabilities: corporations, agencies, national infrastructure and individuals have been victims of cyber-attacks. Achieving a truly secure cyberspace requires addressing both challenging scientific and engineering problems involving many components of a system, and vulnerabilities that arise from human behaviors and choices. Examining the fundamentals of security and privacy as a multidisciplinary subject can lead to fundamentally new ways to design, build and operate cyber systems, protect existing infrastructure, and motivate and educate individuals about cybersecurity."
209,https://www.nsf.gov/pubs/2017/nsf17576/nsf17576.htm,Secure and Trustworthy Cyberspace,"In today’s increasingly networked, distributed, and asynchronous world, cybersecurity involves hardware, software, networks, data, people, and integration with the physical world. However, society’s overwhelming reliance on this complex cyberspace has exposed its fragility and vulnerabilities: corporations, agencies, national infrastructure and individuals have been victims of cyber-attacks. Achieving a truly secure cyberspace requires addressing both challenging scientific and engineering problems involving many components of a system, and vulnerabilities that arise from human behaviors and choices. Examining the fundamentals of security and privacy as a multidisciplinary subject can lead to fundamentally new ways to design, build and operate cyber systems, protect existing infrastructure, and motivate and educate individuals about cybersecurity."
210,https://www.nsf.gov/pubs/2005/nsf05518/nsf05518.htm,Cyber Trust (CT),"Networked computers reside at the heart of systems on which people now rely, both in critical national infrastructures and in their homes, cars, and offices. Today, many of these systems are far too vulnerable to cyber attacks that can inhibit their operation, corrupt valuable data, or expose private information."
211,https://www.nsf.gov/pubs/2018/nsf18572/nsf18572.htm,Secure and Trustworthy Cyberspace,"In today’s increasingly networked, distributed, and asynchronous world, cybersecurity involves hardware, software, networks, data, people, and integration with the physical world. Society’s overwhelming reliance on this complex cyberspace, however, has exposed its fragility and vulnerabilities that defy existing cyber-defence measures: corporations, agencies, national infrastructure and individuals continue to suffer cyber-attacks. Achieving a truly secure cyberspace requires addressing both challenging scientific and engineering problems involving many components of a system, and vulnerabilities that stem from human behaviors and choices. Examining the fundamentals of security and privacy as a multidisciplinary subject can lead to fundamentally new ways to design, build and operate cyber systems, protect existing infrastructure, and motivate and educate individuals about cybersecurity."
212,https://www.nsf.gov/pubs/2016/nsf16564/nsf16564.htm,NSF/DOE Partnership in Basic Plasma Science and Engineering,"Plasma Physics is a study of matter and physical systems whose intrinsic properties are governed by collective interactions of large ensembles of free charged particles. 99.9% of the visible Universe is thought to consist of plasmas. The underlying physics of the collective behavior in plasmas has applications to space physics and astrophysics, materials science, applied mathematics, fusion science, accelerator science, and many branches of engineering."
213,https://www.nsf.gov/pubs/2019/nsf19596/nsf19596.htm,NSF/DOE Partnership in Basic Plasma Science and Engineering,"Plasma Physics is a study of matter and physical systems whose intrinsic properties are governed by collective interactions of large ensembles of free charged particles. 99.9% of the visible Universe is thought to consist of plasmas. The underlying physics of the collective behavior in plasmas has applications to space physics and astrophysics, materials science, applied mathematics, fusion science, accelerator science, and many branches of engineering."
214,https://www.nsf.gov/pubs/2015/nsf15601/nsf15601.htm,NSF/DOE Partnership in Basic Plasma Science and Engineering,"Plasma Physics is a study of fundamental properties of physical systems exhibiting behavior governed by collective interactions of charged particles. 99.9% of the visible Universe is thought to consist of plasmas. The underlying physics of the collective behavior in plasmas has applications to space physics and astrophysics, material science, applied mathematics, fusion science, accelerator science, and many branches of engineering."
215,https://www.nsf.gov/pubs/2013/nsf13596/nsf13596.htm,NSF/DOE Partnership in Basic Plasma Science and Engineering,"The Directorates for Engineering (Division of Chemical, Bioengineering, Environmental & Transport Systems), Geosciences (Division of Atmospheric and Geospace Sciences) and Mathematical and Physical Sciences (Divisions of Astronomical Sciences and Physics) of the National Science Foundation (NSF) and the Office of Science/Office of Fusion Energy Sciences (SC/FES) of the Department of Energy (DOE) are continuing in FY2014 the joint Partnership in Basic Plasma Science and Engineering begun in FY1997 and continued in FY2000, FY2003, FY2006 and FY2009. As stated in the original solicitations (NSF 97-39, NSF 99-159, NSF 02-84, NSF 05-619, NSF 09-596), which are superseded by the present solicitation, the goal of the initiative is to enhance plasma research and education in this broad, multidisciplinary field by coordinating efforts and combining resources of the two agencies. The current solicitation also encourages submission of proposals to perform basic plasma experiments on the Large Aperture Plasma Device (LAPD) at the University of California, Los Angeles (UCLA), a unique user facility designed to serve the needs of the broader plasma community."
216,https://www.nsf.gov/pubs/2006/nsf06561/nsf06561.htm,"Coupling, Energetics, and Dynamics of Atmospheric Regions","CEDAR is a broad-based, community-initiated, upper atmospheric research program. The goal is to understand the behavior of atmospheric regions from the middle atmosphere upward through the thermosphere and ionosphere into the exosphere in terms of coupling, energetics, chemistry, and dynamics on regional and global scales. These processes are related to the sources of perturbations that propagate upward from the lower atmosphere as well as to solar radiation and particle inputs from above. The activities within this program combine observations, theory and modeling."
217,https://www.nsf.gov/pubs/2005/nsf05554/nsf05554.htm,"Coupling, Energetics, and Dynamics of Atmospheric Regions (CEDAR)","CEDAR is a broad-based, community-initiated, upper atmospheric"
218,https://www.nsf.gov/pubs/2012/nsf12540/nsf12540.htm,CISE-MPS Interdisciplinary Faculty Program in Quantum Information Science,"The CISE-MPS Interdisciplinary Faculty Program in Quantum Information Science is designed to promote research in the area of Quantum Information Science (QIS) by providing resources to allow QIS researchers and researchers from the CISE or MPS disciplines to actively engage in joint research efforts, addressing problems at the interface between the mathematical and physical sciences and computer and information sciences through long-term visits by faculty to a host institution."
219,https://www.nsf.gov/pubs/2015/nsf15512/nsf15512.htm,CISE-MPS Interdisciplinary Faculty Program in Quantum Information Science (nsf15512),"The CISE-MPS Interdisciplinary Faculty Program in Quantum Information Science is designed to promote research in the area of Quantum Information Science (QIS) by providing resources to allow QIS researchers and researchers from the CISE or MPS disciplines to actively engage in joint research efforts, addressing problems at the interface between the mathematical and physical sciences and computer and information sciences through long-term visits to a host institution."
220,https://www.nsf.gov/pubs/2017/nsf17548/nsf17548.htm,Ideas Lab: Practical Fully-Connected Quantum Computer Challenge (PFCQC),Quantum computing is a revolutionary approach to information processing based on the quantum physics of coherent superposition and entanglement.
221,https://www.nsf.gov/pubs/2015/nsf15515/nsf15515.htm,Algorithms in the Field,"Algorithms in the Field encourages closer collaboration between two groups of researchers: (i) theoretical computer science researchers, who focus on the design and analysis of provably efficient and provably accurate algorithms for various computational models; and (ii) applied researchers including a combination of systems and domain experts (very broadly construed – including but not limited to researchers in computer architecture, programming languages and systems, computer networks, cyber-physical systems, cyber-human systems, machine learning, database and data analytics, etc.) who focus on the particular design constraints of applications and/or computing devices. Each proposal must have at least one co-PI interested in theoretical computer science and one interested in any of the other areas typically supported by CISE. Proposals are expected to address the dissemination of the algorithmic contributions and resulting applications, tools, languages, compilers, libraries, architectures, systems, data, etc."
222,https://www.nsf.gov/pubs/2016/nsf16603/nsf16603.htm,Algorithms in the Field,"Algorithms in the Field encourages closer collaboration between two groups of researchers: (i) theoretical computer science researchers, who focus on the design and analysis of provably efficient and provably accurate algorithms for various computational models; and (ii) other computing and information researchers including a combination of systems and domain experts (very broadly construed – including but not limited to researchers in computer architecture, programming languages and systems, computer networks, cyber-physical systems, cyber-human systems, machine learning, artificial intelligence and its applications, database and data analytics, etc.) who focus on the particular design constraints of applications and/or computing devices. Each proposal must have at least one co-PI interested in theoretical computer science and one interested in any of the other areas typically supported by CISE. Proposals are expected to address the dissemination of both the algorithmic contributions and the resulting applications, tools, languages, compilers, libraries, architectures, systems, data, etc."
223,https://www.nsf.gov/pubs/2016/nsf16515/nsf16515.htm,Algorithms in the Field,"Algorithms in the Field encourages closer collaboration between two groups of researchers: (i) theoretical computer science researchers, who focus on the design and analysis of provably efficient and provably accurate algorithms for various computational models; and (ii) other computing and information researchers including a combination of systems and domain experts (very broadly construed – including but not limited to researchers in computer architecture, programming languages and systems, computer networks, cyber-physical systems, cyber-human systems, machine learning, artificial intelligence and its applications, database and data analytics, etc.) who focus on the particular design constraints of applications and/or computing devices. Each proposal must have at least one co-PI interested in theoretical computer science and one interested in any of the other areas typically supported by CISE. Proposals are expected to address the dissemination of both the algorithmic contributions and the resulting applications, tools, languages, compilers, libraries, architectures, systems, data, etc."
224,https://www.nsf.gov/pubs/2010/nsf10572/nsf10572.htm,Computing and Communication Foundations (CCF): Core Programs,"CISE’s Division of Computing and Communication Foundations (CCF) supports research and education projects that develop new knowledge in three core programs:The Algorithmic Foundations program;The Communications and Information Foundations program; andThe Software and Hardware Foundations program.Proposers are invited to submit proposals in three project classes, which are defined as follows:Small Projects - up to $500,000 total budget with durations up to three years;Medium Projects - $500,001 to $1,200,000 total budget with durations up to four years; andLarge Projects - $1,200,001 to $3,000,000 total budget with durations up to five years.A more complete description of the three project classes can be found in section II. Program Description of this document."
225,https://www.nsf.gov/pubs/2013/nsf13580/nsf13580.htm,Information and Intelligent Systems (IIS): Core Programs,"CISE’s Division of Information and Intelligent Systems (IIS) supports research and education projects that develop new knowledge in three core programs:The Cyber-Human Systems (CHS) program;The Information Integration and Informatics (III) program; andThe Robust Intelligence (RI) program.IIS is also responsible for managing the review process for proposals in Computer Graphics and Visualization; these proposals may be submitted to any of the three core programs described above.Proposers are invited to submit proposals in three project classes, which are defined as follows:Small Projects - up to $500,000 total budget with durations up to three years;Medium Projects - $500,001 to $1,200,000 total budget with durations up to four years; andLarge Projects - $1,200,001 to $3,000,000 total budget with durations up to five years.A more complete description of the three project classes can be found in section II. Program Description of this document."
226,https://www.nsf.gov/pubs/2015/nsf15574/nsf15574.htm,Information and Intelligent Systems (IIS): Core Programs,CISE’s Division of Information and Intelligent Systems (IIS) supports research and education projects that develop new knowledge in three core programs:
227,https://www.nsf.gov/pubs/2016/nsf16581/nsf16581.htm,Information and Intelligent Systems (IIS): Core Programs (nsf16581) | NSF - National Science Foundation,CISE's Division of Information and Intelligent Systems (IIS) supports research and education projects that develop new knowledge in three core programs:
228,https://www.nsf.gov/pubs/2014/nsf14596/nsf14596.htm,Information and Intelligent Systems (IIS): Core Programs (nsf14596),CISE’s Division of Information and Intelligent Systems (IIS) supports research and education projects that develop new knowledge in three core programs:
229,https://www.nsf.gov/pubs/2018/nsf18570/nsf18570.htm,Information and Intelligent Systems (IIS): Core Programs,CISE’s Division of Information and Intelligent Systems (IIS) supports research and education projects that develop new knowledge in three core programs:
230,https://www.nsf.gov/pubs/2017/nsf17572/nsf17572.htm,Information and Intelligent Systems (IIS): Core Programs,CISE’s Division of Information and Intelligent Systems (IIS) supports research and education projects that develop new knowledge in three core programs:
231,https://www.nsf.gov/pubs/2008/nsf08575/nsf08575.htm,Information and Intelligent Systems (IIS): Core Programs,CISE’s Division of Information and Intelligent Systems (IIS) supports research and education projects that develop new knowledge in three core programs:
232,https://www.nsf.gov/pubs/2003/nsf03597/nsf03597.htm,Biocomplexity in the Environment (BE): Integrated Research and Education in Environmental Systems,This competition continues the Foundation's support
233,https://www.nsf.gov/pubs/2020/nsf20564/nsf20564.htm,Opportunities for Promoting Understanding through Synthesis,Synopsis of Program:
234,https://www.nsf.gov/pubs/2006/nsf06546/nsf06546.htm,Geophysics,"The Geophysics Program supports basic research in the physics of the solid earth to explore its composition, structure, and processes. Laboratory, field, theoretical, and computational studies are supported. Topics include seismicity, seismic wave propagation, and the nature and occurrence of earthquakes; the earth's magnetic, gravity, and electrical fields; the earth's thermal structure; and geodynamics. Supported research also includes geophysical studies of active deformation, including geodesy, and studies of the properties and behavior of earth materials in support of geophysical observation and theory."
235,https://www.nsf.gov/pubs/2009/nsf09539/nsf09539.htm,Geophysics,"The Geophysics Program supports basic research in the physics of the solid earth to explore its composition, structure, and processes. Laboratory, field, theoretical, and computational studies are supported. Topics include seismicity, seismic wave propagation, and the nature and occurrence of earthquakes; the earth's magnetic, gravity, and electrical fields; the earth's thermal structure; and geodynamics. Supported research also includes geophysical studies of active deformation, including geodesy, and studies of the properties and behavior of earth materials in support of geophysical observation and theory."
236,https://www.nsf.gov/pubs/2004/nsf04512/nsf04512.htm,Continental Dynamics (CD) (nsf04512),The Division of Earth Sciences (EAR) will consider proposals for multidisciplinary
237,https://www.nsf.gov/pubs/2009/nsf09552/nsf09552.htm,Geobiology and Low-Temperature Geochemistry,"The Geobiology and Low-Temperature Geochemistry Program supports research on 1) the interactions between biological and geological systems at all scales of space and time; 2) geomicrobiology and biomineralization processes; 3) the role of life in the transformation and evolution of the Earth's geochemical cycles; 4) inorganic and organic geochemical processes occurring at or near the Earth's surface now and in the past, and at the broad spectrum of interfaces ranging in scale from planetary and regional to mineral-surface and supramolecular; 5) mineralogy and chemistry of soils and sediments; 6) surficial chemical and biogeochemical systems and cycles and their modification through natural and anthropogenic change; and 7) development of tools, methods, and models for low-temperature geochemistry and geobiological research - such as those emerging from molecular biology - in the study of the terrestrial environment."
238,https://www.nsf.gov/pubs/2006/nsf06576/nsf06576.htm,Earth Sciences: Instrumentation and Facilities,The Instrumentation and Facilities Program in the Division of Earth Sciences (EAR/IF) supports meritorious requests within and across Earth science disciplines. EAR/IF will consider proposals for:
239,https://www.nsf.gov/pubs/2003/nsf03567/nsf03567.htm,NSF Funding Opportunity Document: EarthScope,"EarthScope is an Earth science program to explore the 4-dimensional structure of the North American continent. The EarthScope Program provides a framework for broad, integrated studies across the Earth sciences, including research on fault properties and the earthquake process, strain transfer, magmatic and hydrous fluids in the crust and mantle, plate boundary processes, large-scale continental deformation, continental structure and evolution, and composition and structure of the deep-Earth. In addition, EarthScope offers a centralized forum for Earth science education at all levels and an excellent opportunity to develop cyberinfrastructure to integrate, distribute, and analyze diverse data sets."
240,https://www.nsf.gov/pubs/2004/nsf04589/nsf04589.htm,"EarthScope: Science, Education, and Related Activities","EarthScope is an Earth science program to explore the 4-dimensional structure of the North American continent. The EarthScope Program provides a framework for broad, integrated studies across the Earth sciences, including research on fault properties and the earthquake process, strain transfer, magmatic and hydrous fluids in the crust and mantle, plate boundary processes, large-scale continental deformation, continental structure and evolution, and composition and structure of the deep-Earth. In addition, EarthScope offers a centralized forum for Earth science education at all levels and an excellent opportunity to develop cyberinfrastructure to integrate, distribute, and analyze diverse data sets."
241,https://www.nsf.gov/pubs/2004/nsf04530/nsf04530.htm,"NSF 04-530, NSF Funding Opportunity Document: Emerging Models and Technologies for Computation","This cluster seeks to advance the fundamental capabilities of computer and information sciences and engineering by incorporating insights from areas such as biological systems, quantum phenomena, nanoscale science and engineering, and other novel computing concepts. To bring fundamental changes to software, hardware and architectural design aspects of future computational models, collaborations among computer scientists, engineers, mathematicians, biologists and other disciplinary scientists are imperative."
242,https://www.nsf.gov/pubs/2008/nsf08538/nsf08538.htm,Computer Systems Research,"Computer systems are being applied to increasingly demanding applications. The environments in which they function and the resources they manage are increasingly diverse, distributed and dynamic. While the time scales for control decisions are shrinking, the scale and complexity of the systems are increasing.  Further, many of the assumptions behind today’s most common computer systems no longer hold. As a result, these systems often fail in unpredictable ways, become compromised or perform poorly.  Accordingly, the frontiers of computer systems research must be moved forward, and new bold research directions must be established to draw upon interdisciplinary research capabilities across science and engineering."
243,https://www.nsf.gov/pubs/2004/nsf04569/nsf04569.htm,Software and Tools for High-End Computing,Because of the ever-growing complexity of scientific
244,https://www.nsf.gov/pubs/2004/nsf04012/nsf04012.htm,Information Technology Research for National Priorities,"In FY 2004, the Information Technology Research"
245,https://www.nsf.gov/pubs/2004/nsf04500/nsf04500.htm,Information and Data Management,The Information and Data Management (IDM) Program
246,https://www.nsf.gov/pubs/2020/nsf20544/nsf20544.htm,Expeditions in Computing (Expeditions) (nsf20544) | NSF - National Science Foundation,"The far-reaching impact and rate of innovation in the computer and information science and engineering fields has been remarkable, generating economic prosperity and enhancing the quality of life for people throughout the world."
247,https://www.nsf.gov/pubs/2008/nsf08610/nsf08610.htm,"Innovations in Engineering Education, Curriculum, and Infrastructure","The Innovations in Engineering Education, Curriculum, and Infrastructure (IEECI) program supports research which addresses four aspects of engineering education: (1) how students best learn the ideas, principles, and practices to become creative and innovative engineers, and how this learning is measured (2) how application of cyberlearning resources of networked computing and communication, interactive visualization capabilities, and well designed user interfaces can be used to develop easily transportable tools and systems with low barriers to adoption which significantly improve learning, (3) integration of sustainability into engineering education, and (4) future directions of U.S. engineering doctoral programs."
248,https://www.nsf.gov/pubs/2003/nsf03511/nsf03511.htm,Informal Science Education (ISE),ISE activities provide rich and stimulating opportunities
249,https://www.nsf.gov/pubs/2003/nsf03523/nsf03523.htm,Advanced Technological Education,This program promotes improvement in technological education
250,https://www.nsf.gov/pubs/2004/nsf04541/nsf04541.htm,Advanced Technological Education,This program promotes improvement in technological education
251,https://www.nsf.gov/pubs/2008/nsf08542/nsf08542.htm,"Innovations in Engineering Education, Curriculum, and Infrastructure","The Innovations in Engineering Education, Curriculum, and Infrastructure (IEECI) program supports research which addresses three basic issues related to engineering education: (1) how students best learn the ideas, principles, and practices to become creative and innovative engineers, and how this learning is measured; and (2) research that helps the community understand how to better attract a more talented and diverse student body, in particular U.S. citizens and permanent residents, to all levels of engineering study. This would also include research to understand how to increase student interest in engineering by leveraging partnerships among engineering schools, school districts and exemplary non-profit organizations to recruit and retain engineering students. Finally (3), this program will support projects to investigate potential models for the evaluation of and assessment of how successful teaching, advising, and mentoring leads to improved retention and graduation, and ultimately, to a sound business model for engineering education."
252,https://www.nsf.gov/pubs/2008/nsf08508/nsf08508.htm,Human and Social Dynamics:,"The Human and Social Dynamics (HSD) priority area fosters breakthroughs in understanding the dynamics of human action and development, as well as knowledge about organizational, cultural, and societal adaptation and change. HSD aims to increase our collective ability to (1) understand the complexities of change; (2) understand the dynamics of human and social behavior at all levels, including that of the human mind; (3) understand the cognitive and social structures that create, define, and result from change; and (4) manage profound or rapid change, and make decisions in the face of changing risks and uncertainty. Accomplishing these goals requires multidisciplinary research teams and comprehensive, interdisciplinary approaches across the sciences, engineering, education, and humanities, as appropriate."
253,https://www.nsf.gov/pubs/2005/nsf05588/nsf05588.htm,Science and Society,"S&S considers proposals that examine questions that arise in the interactions of engineering, science, technology, and society. There are four components: Ethics and Values in Science, Engineering and Technology (EVS); History and Philosophy of Science, Engineering and Technology (HPS); Social Studies of Science, Engineering and Technology (SSS); and Studies of Policy, Science, Engineering and Technology (SPS). The components overlap, but are distinguished by the different scientific and scholarly orientations they take to the subject matter, as well as by different focuses within the subject area."
254,https://www.nsf.gov/pubs/2010/nsf10502/nsf10502.htm,"Innovations in Engineering Education, Curriculum, and Infrastructure","The Innovations in Engineering Education, Curriculum, and Infrastructure (IEECI) program supports research which addresses three aspects of engineering education: (1) how students best learn the ideas, principles, and practices to become creative and innovative engineers, and how this learning is measured (2) how to more effectively translate successes in engineering education research into widespread practice with consideration of curriculum, student learning, innovation models, and cyber-learning technology, and (3) implementation of programs for students supported by the GI Bill."
255,https://www.nsf.gov/pubs/2013/nsf13558/nsf13558.htm,Online Resource Center for Ethics Education in Science and Engineering (ORCEESE) (nsf13558),"The program will fund one five-year award (2014-2018) to collect and curate multi-media materials (including research findings, pedagogical materials, and promising practices) for an online, state-of-the-art resource center that will support efforts by scientists and engineers to incorporate ethical issues and reasoning into their pedagogy and research."
256,https://www.nsf.gov/pubs/2019/nsf19575/nsf19575.htm,"Methodology, Measurement, and Statistics","The Methodology, Measurement, and Statistics (MMS) Program is an interdisciplinary program in the Directorate for Social, Behavioral, and Economic Sciences that supports the development of innovative analytical and statistical methods and models for those sciences. MMS seeks proposals that are methodologically innovative, grounded in theory, and have potential utility for multiple fields within the social, behavioral, and economic sciences."
257,https://www.nsf.gov/pubs/2019/nsf19520/nsf19520.htm,"Methodology, Measurement, and Statistics (MMS) (nsf19520) | NSF - National Science Foundation","The Methodology, Measurement, and Statistics (MMS) Program is an interdisciplinary program in the Directorate for Social, Behavioral, and Economic Sciences that supports the development of innovative analytical and statistical methods and models for those sciences. MMS seeks proposals that are methodologically innovative, grounded in theory, and have potential utility for multiple fields within the social, behavioral, and economic sciences. As part of its larger portfolio, the MMS Program partners with a consortium of federal statistical agencies to support research proposals that further the production and use of official statistics."
258,https://www.nsf.gov/pubs/2013/nsf13599/nsf13599.htm,Small Business Innovation Research Program Phase I Solicitation FY-2014 (Release 2),"The Small Business Innovation Research (SBIR) Program stimulates technological innovation in the private sector by strengthening the role of small business concerns in meeting Federal research and development needs, increasing the commercial application of federally supported research results, and fostering and encouraging participation by socially and economically disadvantaged and women-owned small businesses."
259,https://www.nsf.gov/pubs/2015/nsf15522/nsf15522.htm,Materials Innovation Platforms,"The Division of Materials Research (DMR) seeks to significantly accelerate advances in materials research and engineering through the rapid discovery of new materials and phenomena by developing a new midscale user facility program - Materials Innovation Platforms (MIP) program. MIPs embrace the paradigm set forth by the Materials Genome Initiative (MGI) which strives to “discover, manufacture, and deploy advanced materials in half the time and at a fraction of the cost.”"
260,https://www.nsf.gov/pubs/2015/nsf15608/nsf15608.htm,Designing Materials to Revolutionize and Engineer our Future,"DMREF is the primary program by which NSF participates in the Materials Genome Initiative (MGI) for Global Competitiveness. MGI recognizes the importance of materials science to the well-being and advancement of society and aims to ""deploy advanced materials at least twice as fast as possible today, at a fraction of the cost."" DMREF integrates materials discovery, development, property optimization, and systems design and optimization, with each employing a toolset to be developed within a materials innovation infrastructure. The toolset will synergistically integrate advanced computational methods and visual analytics with data-enabled scientific discovery and innovative experimental techniques to revolutionize our approach to materials science and engineering."
261,https://www.nsf.gov/pubs/2014/nsf14591/nsf14591.htm,Designing Materials to Revolutionize and Engineer our Future,"DMREF is the primary program by which NSF participates in the Materials Genome Initiative (MGI) for Global Competitiveness. MGI recognizes the importance of materials science to the well-being and advancement of society and aims to ""deploy advanced materials at least twice as fast as possible today, at a fraction of the cost."" DMREF integrates materials discovery, development, property optimization, and systems design and optimization, with each employing a toolset to be developed within a materials innovation infrastructure. The toolset will synergistically integrate advanced computational methods and visual analytics with data-enabled scientific discovery and innovative experimental techniques to revolutionize our approach to materials science and engineering."
262,https://www.nsf.gov/pubs/2016/nsf16613/nsf16613.htm,Designing Materials to Revolutionize and Engineer our Future,"DMREF is the primary program by which NSF participates in the Materials Genome Initiative (MGI) for Global Competitiveness. MGI recognizes the importance of materials science and engineering to the well-being and advancement of society and aims to ""deploy advanced materials at least twice as fast as possible today, at a fraction of the cost."" MGI integrates materials discovery, development, property optimization, and systems design with a shared computational framework. This framework facilitates collaboration and coordination of research activities, analytical tools, experimental results, and critical evaluation in pursuit of the MGI goals. The MGI Strategic Plan highlights four sets of goals:"
263,https://www.nsf.gov/pubs/2020/nsf20517/nsf20517.htm,"Environmental Convergence Opportunities in Chemical, Bioengineering, Environmental, and Transport Systems","Creating solutions to pressing environmental and sustainability challenges will require input and imaginative approaches from various fields, perspectives, and disciplines. The National Academies of Sciences, Engineering and Medicine (NASEM), in their report ""Environmental Engineering for the 21st Century: Addressing Grand Challenges,"" identified five critical challenges we must address as a society:"
264,https://www.nsf.gov/pubs/2021/nsf21527/nsf21527.htm,"Environmental Convergence Opportunities in Chemical, Bioengineering, Environmental, and Transport Systems","Creating effective solutions to our most pressing environmental and sustainability challenges requires imaginative thinking - the kind that evolves when researchers from disparate fields, expertise, or perspectives fully immerse themselves in work toward a common goal. The National Academies of Sciences, Engineering and Medicine (NASEM), in their report ""Environmental Engineering for the 21st Century: Addressing Grand Challenges,"" identified five critical challenges we must address as a society:"
265,https://www.nsf.gov/pubs/2020/nsf20513/nsf20513.htm,Understanding the Rules of Life: Microbiome Theory and Mechanisms (URoL:MTM) (nsf20513) | NSF - National Science Foundation,"In 2016, the National Science Foundation (NSF) unveiled a set of ""Big Ideas,"" 10 bold, long-term research and process ideas that identify areas for future investment at the frontiers of science and engineering (see https://www.nsf.gov/news/special_reports/big_ideas/index.jsp). The Big Ideas represent unique opportunities to position our Nation at the cutting edge of global science and engineering by bringing together diverse disciplinary perspectives to support convergence research. As such, when responding to this solicitation, even though proposals must be submitted to the Division of Emerging Frontiers in the Directorate for Biological Sciences (BIO/EF), once received, the proposals will be managed by a cross-disciplinary team of NSF Program Directors."
266,https://www.nsf.gov/pubs/2005/nsf05547/nsf05547.htm,Partnership for Advancing Technologies in Housing (PATH),The Directorate for Engineering of the National Science Foundation (NSF)
267,https://www.nsf.gov/pubs/2017/nsf17530/nsf17530.htm,"Innovations at the Nexus of Food, Energy and Water Systems","Humanity is reliant upon the physical resources and natural systems of the Earth for the provision of food, energy, and water."
268,https://www.nsf.gov/pubs/2008/nsf08566/nsf08566.htm,Instrument Development for Biological Research,"The Instrument Development for Biological Research (IDBR) Program supports the development of novel instrumentation or instrumentation that has been significantly improved by at least an order of magnitude or more in fundamental aspects.  Supported instruments are expected to have a significant impact on the study of biological systems at any level. The development of new instrumentation must be firmly based in biological research need.  The IDBR Program supports the development or major improvement of software for the operation of instruments only as associated with the development of the instrument.  Data analysis and acquisition software are only supported to the extent that the availability of the software, in connection with new instrumentation, will clearly advance biological research. Proposals are encouraged that focus on proof-of-concept development for entirely novel instrumentation. Proposals must target instrument developments that meet a broad need in the biological community in areas supported by NSF Biology programs.  Proposals are encouraged for instrumentation that does not currently exist in the form of a working prototype.  In the selection of projects for funding, the program does not support the development of biological instrumentation that would be used for clinical or biomedical applications."
269,https://www.nsf.gov/pubs/2003/nsf03527/nsf03527.htm,Partnership for Advancing Technologies in Housing,The Engineering Directorate of the National Science Foundation (NSF)
270,https://www.nsf.gov/pubs/2004/nsf04570/nsf04570.htm,Engineering Research Centers (ERC),"Engineering Research Centers (ERC) focus on the definition, fundamental understanding, development, and validation of the technologies needed to realize a well-defined class of engineered systems with the potential to spawn whole new industries or radically transform the product lines, processing technologies, or service delivery methodologies of current industries. ERC faculty, students and industry partners integrate discovery and learning in an interdisciplinary environment that reflects the complexities and realities of real-world technology. This environment adds an integrative dimension that is enabled by the critical size of ERCs. ERC innovations in research and education are expected to impact curricula at all levels from precollege to life-long learning and to be disseminated to and beyond academic and industry partners. ERCs fulfill NSF's strategic goal to increase the diversity of the scientific and engineering workforce by including all members of society regardless of race, ethnicity, or gender in all aspects of the centers' activities.  Because ERCs play critical roles in academe by integrating research, education, diversity, outreach, and industrial collaboration, NSF views ERCs as change agents for academic engineering programs and the engineering community at large. The absence of a compelling strategy for achieving demonstrable impact in any one of these areas is sufficient reason to deny funding."
271,https://www.nsf.gov/pubs/2015/nsf15506/nsf15506.htm,"Science, Technology, and Society","The Science, Technology, and Society (STS) program supports research that uses historical, philosophical, and social scientific methods to investigate the intellectual, material, and social facets of the scientific, technological, engineering and mathematical (STEM) disciplines. It encompasses a broad spectrum of STS topics including interdisciplinary studies of ethics, equity, governance, and policy issues that are closely related to STEM disciplines, including medical science."
272,https://www.nsf.gov/pubs/2018/nsf18541/nsf18541.htm,Smart and Connected Health,"The goal of the interagency Smart and Connected Health (SCH): Connecting Data, People and Systems program is to accelerate the development and integration of innovative computer and information science and engineering approaches to support the transformation of health and medicine. Approaches that partner technology-based solutions with biomedical and biobehavioral research are supported by multiple agencies of the federal government including the National Science Foundation (NSF) and the National Institutes of Health (NIH). The purpose of this program is to develop next-generation multidisciplinary science that encourages existing and new research communities to focus on breakthrough ideas in a variety of areas of value to health, such as networking, pervasive computing, advanced analytics, sensor integration, privacy and security, modeling of socio-behavioral and cognitive processes and system and process modeling. Effective solutions must satisfy a multitude of constraints arising from clinical/medical needs, barriers to change, heterogeneity of data, semantic mismatch and limitations of current cyber physical systems and an aging population. Such solutions demand multidisciplinary teams ready to address issues ranging from fundamental science and engineering to medical and public health practice."
273,https://www.nsf.gov/pubs/2018/nsf18528/nsf18528.htm,Expeditions in Computing,"The far-reaching impact and rate of innovation in the computer and information science and engineering fields has been remarkable, generating economic prosperity and enhancing the quality of life for people throughout the world."
274,https://www.nsf.gov/pubs/2012/nsf12503/nsf12503.htm,Secure and Trustworthy Cyberspace,"Cybersecurity is an important challenge in today's world. Corporations, agencies, national infrastructure and individuals have been victims of cyber-attacks. Addressing this problem requires multi-disciplinary expertise in human, statistical, mathematical, computational, and computer sciences and ultimately the transition of new concepts and technologies to practice."
275,https://www.nsf.gov/pubs/2018/nsf18567/nsf18567.htm,Office of Advanced Cyberinfrastructure (OAC): Research Core Program,"The Office of Advanced Cyberinfrastructure (OAC) supports translational research and education activities in all aspects of advanced cyberinfrastructure (CI) that lead to deployable, scalable, and sustainable systems capable of transforming science and engineering research. Advanced CI includes the spectrum of computational, data, software, networking, and security resources, tools, and services, along with the computational and data skills and expertise, that individually and collectively can transform science and engineering. OAC supports advanced CI research to address new CI frontiers for discovery leading to major innovations, and supports the development and deployment processes, as well as expert services, necessary for realizing the research CI that is critical to the advancement of all areas of science and engineering research and education."
276,https://www.nsf.gov/pubs/2014/nsf14521/nsf14521.htm,"Campus Cyberinfrastructure - Infrastructure, Innovation and Engineering Program","The ""Campus Cyberinfrastructure - Infrastructure, Innovation and Engineering (CC*IIE)"" program invests in improvements and re-engineering at the campus level to support a range of data transfers supporting computational science and computer networks and systems research. The program also supports Network Integration activities tied to achieving higher levels of performance, reliability and predictability for science applications and distributed research projects. CC*IIE awards will be made in six areas. Data Driven Networking Infrastructure for the Campus and Researcher awards will be supported at up to $500,000 total for up to 2 years. Network Design and Implementation for Small Institutions awards will be supported at up to $350,000 total for up to two years. Network Integration and Applied Innovation awards will be supported at up to $1,000,000 total for up to 2 years. Identity and Access Management Integration awards will be supported at up to $300,000 total for up to two years. Campus CI Engineer awards will be made at up to $400,000 total for up to 2 years. Regional Coordination and Partnership in Advanced Networking awards will be made at up to $150,000 for up to 2 years."
277,https://www.nsf.gov/pubs/2005/nsf05520/nsf05520.htm,Human and Social Dynamics: Competition for FY 2005 (HSD),The Human and Social Dynamics (HSD) priority area fosters breakthroughs
278,https://www.nsf.gov/pubs/2006/nsf06509/nsf06509.htm,Human and Social Dynamics:,"The Human and Social Dynamics (HSD) priority area fosters breakthroughs in understanding the dynamics of human action and development, as well as knowledge about organizational, cultural, and societal adaptation and change. HSD aims to increase our collective ability to (1) anticipate the complex consequences of change; (2) understand the dynamics of human and social behavior at all levels, including that of the human mind; (3) understand the cognitive and social structures that create, define, and result from change; and (4) manage profound or rapid change, and make decisions in the face of changing risks and uncertainty. Accomplishing these goals requires multidisciplinary research teams and comprehensive, interdisciplinary approaches across the sciences, engineering, education, and humanities, as appropriate."
279,https://www.nsf.gov/pubs/2005/nsf05620/nsf05620.htm,Science of Design (SoD),"The Science of Design (SoD) Program at NSF is soliciting proposals for projects that will bring creative, scientific advances to design as it pertains to computer-based artifacts, especially software-intensive systems. Design is a topic of increasing interest in many fields, and computer scientists can play a leading role in, and be a major beneficiary of, the advancement of design research and education to meet the critical software design challenges of the 21st century. The focus of this program is on the design of software-intensive systems. However, importing and adapting ideas from other design fields (engineering, urban planning, architecture, economics and the arts, for example) is encouraged. Similarly, it is critical that software design researchers work across different areas within computer science to insure that design includes the interdependencies of software with other systems artifacts. The objective of the program is to bring new paradigms, concepts, approaches, models, and theories into the development of a strong intellectual foundation for software design, which will ultimately improve the processes of constructing and modifying software-intensive systems. This body of knowledge needs to be intellectually rigorous, formalized where appropriate, supported by empirical evidence where possible, and above all, teachable."
280,https://www.nsf.gov/pubs/2015/nsf15524/nsf15524.htm,Cyber-Innovation for Sustainability Science and Engineering,"The Cyber-Innovation for Sustainability Science and Engineering (CyberSEES) program aims to advance interdisciplinary research in which the science and engineering of sustainability are enabled by new advances in computing, and in which computational innovation is grounded in the context of sustainability problems."
281,https://www.nsf.gov/pubs/2020/nsf20552/nsf20552.htm,Future Manufacturing,"As stated in the Strategy for American Leadership in Advanced Manufacturing, worldwide competition in manufacturing has been dominated in recent decades by the maturation, commoditization, and widespread application of computation in production equipment and logistics, effectively leveling the global technological playing field and putting a premium on low wages and incremental technical improvements.[1] The next generation of technological competition in manufacturing will be dictated by inventions of new materials, chemicals, devices, systems, processes, machines, design and work methods, social structures and business practices."
282,https://www.nsf.gov/pubs/2017/nsf17568/nsf17568.htm,Advanced Technological Education (ATE) (nsf17568) | NSF - National Science Foundation,"With an emphasis on two-year colleges, the Advanced Technological Education (ATE) program focuses on the education of technicians for the high-technology fields that drive our nation's economy. The program involves partnerships between academic institutions and industry to promote improvement in the education of science and engineering technicians at the undergraduate and secondary school levels. The ATE program supports curriculum development; professional development of college faculty and secondary school teachers; career pathways; and other activities. The program invites research proposals that advance the knowledge base related to technician education. It is expected that projects be faculty driven and that courses and programs are credit bearing although materials developed may also be used for incumbent worker education."
283,https://www.nsf.gov/pubs/2018/nsf18571/nsf18571.htm,Advanced Technological Education,"With an emphasis on two-year Institutions of Higher Education (IHEs), the Advanced Technological Education (ATE) program focuses on the education of technicians for the high-technology fields that drive our nation's economy. The program involves partnerships between academic institutions (grades 7-12, IHEs) and industry to promote improvement in the education of science and engineering technicians at the undergraduate and secondary institution school levels. The ATE program supports curriculum development; professional development of college faculty and secondary school teachers; career pathways; and other activities. The program invites research proposals that advance the knowledge base related to technician education. It is expected that projects will be faculty driven and that courses and programs credit bearing, although materials developed may also be used for incumbent worker education."
284,https://www.nsf.gov/pubs/2010/nsf10618/nsf10618.htm,Scalable Nanomanufacturing (SNM),"The National Science Foundation (NSF) announces a program on collaborative research and education in the area of scalable nanomanufacturing, including the long-term societal implications of the large-scale implementation of nanomanufacturing innovations.  This program is in response to and is a component of the National Nanotechnology Initiative Signature Initiative: Sustainable Nanomanufacturing - Creating the Industries of the Future"
285,https://www.nsf.gov/pubs/2016/nsf16513/nsf16513.htm,Scalable Nanomanufacturing (SNM) (nsf16513) | NSF - National Science Foundation,"The National Science Foundation (NSF) announces a 6th (sixth) year of a solicitation on collaborative research and education in the area of Scalable Nanomanufacturing (SNM). This solicitation is in response to and is a component of the NNI Signature Initiative: Sustainable Nanomanufacturing - Creating the Industries of the Future (http://www.nano.gov/NSINanomanufacturing). Although many nanofabrication techniques have demonstrated the ability to fabricate small quantities of nanomaterials and nanostructures for characterization and evaluation purposes, the emphasis of the Scalable Nanomanufacturing (SNM) solicitation is on research on new manufacturing processes and methods to overcome the key scientific and engineering barriers that prevent the production of useful nanomaterials and nanostructures and their integration into nanodevices and nanosystems at an industrially relevant scale, reliably, and at low cost and within sustainability and environmental, health and safety (EHS) guidelines."
286,https://www.nsf.gov/pubs/2015/nsf15507/nsf15507.htm,Scalable Nanomanufacturing (SNM) (nsf15507),"The National Science Foundation (NSF) announces a fifth year of a program on collaborative research and education in the area of Scalable Nanomanufacturing. This program is in response to and is a component of the National Nanotechnology Initiative Signature Initiative: Sustainable Nanomanufacturing - Creating the Industries of the Future (http://www.nano.gov/node/611). Although many nanofabrication techniques have demonstrated the ability to fabricate small quantities of nanomaterials, nanostructures and nanodevices for characterization and evaluation purposes, the emphasis of the Scalable Nanomanufacturing program is on research to overcome the key scientific and technical barriers that prevent the production of useful nanomaterials, nanostructures, devices and systems at an industrially relevant scale, reliably, and at low cost and within environmental, health and safety guidelines. Competitive proposals will incorporate three elements in their research plans:"
287,https://www.nsf.gov/pubs/2014/nsf14544/nsf14544.htm,Scalable Nanomanufacturing (SNM) (nsf14544),"The National Science Foundation (NSF) announces a fourth year of a program on collaborative research and education in the area of scalable nanomanufacturing, including the long-term societal implications of the large-scale implementation of nanomanufacturing innovations. This program is in response to and is a component of the National Nanotechnology Initiative Signature Initiative: Sustainable Nanomanufacturing - Creating the Industries of the Future (http://www.nano.gov/node/611). Although many nanofabrication techniques have demonstrated the ability to fabricate small quantities of nanomaterials, nanostructures and nanodevices for characterization and evaluation purposes, the emphasis of the scalable nanomanufacturing program is on research to overcome the key scientific and technological barriers that prevent the production of useful nanomaterials, nanostructures, devices and systems at an industrially relevant scale, reliably, and at low cost and within environmental, health and safety guidelines. Competitive proposals will incorporate three elements in their research plans:"
288,https://www.nsf.gov/pubs/2017/nsf17578/nsf17578.htm,Emerging Frontiers in Research and Innovation 2018,"The Emerging Frontiers in Research and Innovation (EFRI) program of the NSF Directorate for Engineering (ENG) serves a critical role in helping ENG focus on important emerging areas in a timely manner. This solicitation is a funding opportunity for interdisciplinary teams of researchers to embark on rapidly advancing frontiers of fundamental engineering research. For this solicitation, we will consider proposals that aim to investigate emerging frontiers in the following two research areas:"
289,https://www.nsf.gov/pubs/2014/nsf14531/nsf14531.htm,Cyber-Innovation for Sustainability Science and Engineering,"The Cyber-Innovation for Sustainability Science and Engineering (CyberSEES) program aims to advance interdisciplinary research in which the science and engineering of sustainability are enabled by new advances in computing, and where computational innovation is grounded in the context of sustainability problems."
290,https://www.nsf.gov/pubs/2008/nsf08553/nsf08553.htm,"Science, Technology, and Society (STS) (nsf08553)","STS considers proposals that examine historical, philosophical, and sociological questions that"
291,https://www.nsf.gov/pubs/2019/nsf19528/nsf19528.htm,CNH2: Dynamics of Integrated Socio-Environmental Systems,"The CNH2 Program supports research projects that advance basic scientific understanding of integrated socio-environmental systems and the complex interactions (dynamics, processes, and feedbacks) within and among the environmental (biological, physical and chemical) and human (""socio"") (economic, social, political, or behavioral) components of such a system."
292,https://www.nsf.gov/pubs/2010/nsf10528/nsf10528.htm,Future Internet Architectures,"Continuing its long-standing commitment to support groundbreaking research through Network Science and Engineering (NetSE), the Directorate for Computer and Information Science and Engineering (CISE) invites research teams to submit innovative and creative proposals that describe projects to conceive, design, and evaluate trustworthy Future Internet architectures.   Proposing teams should include individuals with expertise in a range of relevant disciplines and/or different research methods, from theoretical to experimental to applications-driven."
293,https://www.nsf.gov/funding/pgm_summ.jsp?pims_id=505073,Designing Materials to Revolutionize and Engineer our Future (DMREF) | NSF - National Science Foundation,
294,https://www.nsf.gov/pubs/2003/nsf03556/nsf03556.htm,NSF/USDOT Partnership for Exploratory Basic Research on Information and Communications Systems for Surface Transportation (ICSST),The Directorate for Engineering of the National Science
295,https://www.nsf.gov/pubs/2003/nsf03518/nsf03518.html,NSF Funding Opportunity Document: Multidisciplinary Research into Critical Infrastructure and Related Systems -,"This announcement calls for multidisciplinary proposals focusing on basic research into the mitigation, preparedness, response and recovery of societies to disasters and extreme events affecting critical infrastructure and related systems.  Proposals for this announcement will be funded by:"
296,https://www.nsf.gov/pubs/2015/nsf15521/nsf15521.htm,"Research on the Science and Technology Enterprise: Statistics and Surveys - R&D, U.S. S&T Competitiveness, STEM Education, S&T Workforce",The National Center for Science and Engineering Statistics (NCSES) of the National Science Foundation (NSF) is one of the thirteen principal federal statistical agencies within the United States.
297,https://www.nsf.gov/pubs/2012/nsf12545/nsf12545.htm,Research on the Science and Technology Enterprise: Statistics and Surveys,The National Center for Science and Engineering Statistics (NCSES) of the National Science Foundation (NSF) is one of the thirteen principal federal statistical agencies within the United States.
298,https://www.nsf.gov/pubs/2013/nsf13545/nsf13545.htm,Scalable Nanomanufacturing,"The National Science Foundation (NSF) announces a third year of a program on collaborative research and education in the area of scalable nanomanufacturing, including the long-term societal implications of the large-scale implementation of nanomanufacturing innovations."
299,https://www.nsf.gov/pubs/2004/nsf04594/nsf04594.htm,NSF Director's Award for Distinguished Teaching Scholars (DTS),"The National Science Foundation (NSF) seeks to promote improvement in the education of those who study science, technology, engineering, or mathematics (STEM).  The NSF Director’s Award for Distinguished Teaching Scholars (DTS) recognizes and rewards individuals who have contributed significantly to the scholarship of their discipline and to the education of students in STEM, and exemplify the ability to integrate their research and educational activities.  DTS is part of NSF’s efforts to foster an academic culture that values a scholarly approach to both research and education.  The Director’s Award is the highest honor bestowed by the NSF for excellence in both teaching and research in STEM fields, or in educational research related to these disciplines.  The awards will be conferred at a special ceremony recognizing the awardees."
300,https://www.nsf.gov/pubs/2003/nsf03591/nsf03591.htm,NSF Director's Award for Distinguished Teaching Scholars (nsf03591),The National Science Foundation (NSF) seeks to promote improvement
301,https://www.nsf.gov/pubs/2017/nsf17541/nsf17541.htm,Robert Noyce Teacher Scholarship Program (nsf17541) | NSF - National Science Foundation,"The National Science Foundation Robert Noyce Teacher Scholarship Program seeks to encourage talented science, technology, engineering, and mathematics (STEM) majors and professionals to become K-12 mathematics and science (including engineering and computer science) teachers. The program invites creative and innovative proposals that address the critical need for recruiting and preparing highly effective elementary and secondary science and mathematics teachers in high-need local educational agencies. The program offers four tracks: Track 1: The Robert Noyce Teacher Scholarships and Stipends Track, Track 2: The NSF Teaching Fellowships Track, Track 3: The NSF Master Teaching Fellowships Track, and Track 4: Noyce Research Track. In addition, Capacity Building proposals are accepted from proposers intending to develop a future Track 1, 2, or 3 proposal."
302,https://www.nsf.gov/pubs/2009/nsf09607/nsf09607.htm,Science Master's Program,"The Science Master's Program prepares graduate students for careers in business, industry, nonprofit organizations, and government agencies by providing them not only with a strong foundation in science, technology, engineering and mathematics (STEM) disciplines, but also with research experiences, internship experiences, and the skills to succeed in those careers.  The program is intended to catalyze the creation of institution-based efforts that can be sustained without additional federal funding.  This program is also intended to encourage diversity in student participation so as to contribute to a broadly inclusive, well-trained science and engineering workforce."
303,https://www.nsf.gov/pubs/2004/nsf04550/nsf04550.htm,Integrative Graduate Education and Research Traineeship,The IGERT program has been developed to meet
304,https://www.nsf.gov/pubs/2005/nsf05517/nsf05517.htm,Integrative Graduate Education and Research Traineeship Program (IGERT),"The IGERT program has been developed to meet the challenges of educating U.S. Ph.D. scientists and engineers who will pursue careers in research and education, with the interdisciplinary backgrounds, deep knowledge in chosen disciplines, and technical, professional, and personal skills to become, in their own careers, leaders and creative agents for change. The program is intended to catalyze a cultural change in graduate education, for students, faculty, and institutions, by establishing innovative new models for graduate education and training in a fertile environment for collaborative research that transcends traditional disciplinary boundaries. It is also intended to facilitate diversity in student participation and preparation, and to contribute to the development of a diverse, globally-engaged, science and engineering workforce."
305,https://www.nsf.gov/pubs/2007/nsf07529/nsf07529.htm,Robert Noyce Scholarship Program,"The Robert Noyce Scholarship program seeks to encourage talented science, technology, engineering, and mathematics majors and professionals to become K-12 mathematics and science teachers. The program provides funds to institutions of higher education to support scholarships, stipends, and programs for students who commit to teaching in high-need K-12 school districts."
306,https://www.nsf.gov/pubs/2016/nsf16559/nsf16559.htm,Robert Noyce Teacher Scholarship Program,"The National Science Foundation Robert Noyce Teacher Scholarship Program seeks to encourage talented science, technology, engineering, and mathematics majors and professionals to become K-12 STEM teachers. The program invites creative and innovative proposals that address the critical need for recruiting and preparing highly effective K-12 STEM teachers, especially in high-need local educational agencies. The program offers four tracks: Track 1: The Robert Noyce Teacher Scholarships and Stipends Track, Track 2: The NSF Teaching Fellowships Track, Track 3: The NSF Master Teaching Fellowships Track, and Track 4: Noyce Research Track."
307,https://www.nsf.gov/pubs/2008/nsf08560/nsf08560.htm,Cluster Exploratory,"In the last five years, the private sector has launched a number of highly effective internet-scale applications powered by massively scaled, highly distributed computing resources.  Academic researchers have expressed a need for access to similar computing resources that will allow them to engage and explore this emerging and pervasive model of computing."
308,https://www.nsf.gov/pubs/2019/nsf19505/nsf19505.htm,Scalable Parallelism in the Extreme (SPX) (nsf19505) | NSF - National Science Foundation,"Computing systems have undergone a fundamental transformation from the single-core processor-devices of the turn of the century to today's ubiquitous and networked devices with multi-core/many-core processors along with warehouse-scale computing via the cloud. At the same time, semiconductor technology is facing fundamental physical limits and single-processor performance has plateaued. This means that the ability to achieve performance improvements through improved processor technologies alone has ended. In recognition of this obstacle, the recent National Strategic Computing Initiative (NSCI) encourages collaborative efforts to develop, ""over the next 15 years, a viable path forward for future high-performance computing (HPC) systems even after the limits of current semiconductor technology are reached (the 'post-Moore's Law era')."""
309,https://www.nsf.gov/pubs/2016/nsf16605/nsf16605.htm,Scalable Parallelism in the Extreme,"Computing systems have undergone a fundamental transformation from the single-core processor-devices of the turn of the century to today's ubiquitous and networked devices with multicore/many-core processors along with warehouse-scale computing via the cloud. At the same time, semiconductor technology is facing fundamental physical limits and single-processor performance has plateaued. This means that the ability to achieve performance improvements through improved processor technologies alone has ended. In recognition of this obstacle, the recent National Strategic Computing Initiative (NSCI) encourages collaborative efforts to develop, “over the next 15 years, a viable path forward for future high-performance computing (HPC) systems even after the limits of current semiconductor technology are reached (the 'post-Moore’s Law era').”"
310,https://www.nsf.gov/pubs/2017/nsf17600/nsf17600.htm,Scalable Parallelism in the Extreme,"Computing systems have undergone a fundamental transformation from the single-core processor-devices of the turn of the century to today's ubiquitous and networked devices with multicore/many-core processors along with warehouse-scale computing via the cloud. At the same time, semiconductor technology is facing fundamental physical limits and single-processor performance has plateaued. This means that the ability to achieve performance improvements through improved processor technologies alone has ended. In recognition of this obstacle, the recent National Strategic Computing Initiative (NSCI) encourages collaborative efforts to develop, “over the next 15 years, a viable path forward for future high-performance computing (HPC) systems even after the limits of current semiconductor technology are reached (the 'post-Moore’s Law era').”"
311,https://www.nsf.gov/pubs/2003/nsf03602/nsf03602.htm,NSF Funding Opportunity Document: Computer Vision,The mission of the Computer Vision program is to provide opportunities
312,https://www.nsf.gov/pubs/2007/nsf07517/nsf07517.htm,Cooperative Activities in Chemistry between U.S. and German Investigators,"The National Science Foundation (NSF) and the Deutsche Forschungsgemeinschaft (DFG; German Research Foundation), which are counterpart national funding organizations in the U.S. and Germany, respectively, seek to enhance opportunities for collaborative activities in chemistry between U.S. and German investigators. The NSF and DFG will accept collaborative research proposals that establish new cooperation between principal investigators from the U.S. and Germany. Projects must have clear relevance to areas supported by both NSF's Division of Chemistry and DFG's Division of Chemistry and Process Engineering. There are no new funds available for support of these projects. They will compete with unsolicited proposals received by the NSF and DFG Divisions of Chemistry. The NSF and DFG will utilize a common set of reviewers and make joint funding decisions. The use of cyberinfrastructure to facilitate data sharing and communication, and exchange of students and junior investigators are strongly encouraged."
313,https://www.nsf.gov/pubs/2020/nsf20574/nsf20574.htm,Centers for Chemical Innovation,"The Centers for Chemical Innovation (CCI) Program supports research centers focused on major, long-term fundamental chemical research challenges. CCIs that address these challenges will produce transformative research, lead to innovation, and attract broad scientific and public interest. CCIs are agile structures that can respond rapidly to emerging opportunities through enhanced collaborations. CCIs integrate research, innovation, education, broadening participation, and informal science communication."
314,https://www.nsf.gov/pubs/2018/nsf18525/nsf18525.htm,Re-entry to Active Research Program,"The Division of Chemical, Bioengineering, Environmental, and Transport Systems (CBET) is conducting a Re-entry to Active Research (RARE) program to reengage, retrain, and broaden participation within the academic workforce. The primary objective of the RARE program is to catalyze the advancement along the academic tenure-track of highly meritorious individuals who are returning from a hiatus from active research. By providing re-entry points to active academic research, the RARE program will reinvest in the nation’s most highly trained scientists and engineers, while broadening participation and increasing diversity of experience. A RARE research proposal must describe potentially transformative research that falls within the scope of participating CBET programs."
315,https://www.nsf.gov/pubs/2004/nsf04516/nsf04516.htm,Quantitative Systems Biotechnology,As a result of recent advances
316,https://www.nsf.gov/pubs/2003/nsf03517/nsf03517.htm,NSF Funding Opportunity Document: Quantitative Systems Biotechnology,"As a result of recent advances in genomic and biochemical analysis, informatics, mathematics, and the engineering disciplines, it is now possible to approach an understanding of the integrated processes which translate the information contained in the genome into functioning biological entities.  Systems engineering approaches will be essential for characterizing the emergence of biological phenotypes from underlying hierarchies of interactions and environmental influences.  Understanding the quantitative systems behavior of cellular systems is important in its own right as well as providing a conceptual basis for biotechnological process development. This Quantitative Systems Biotechnology solicitation seeks innovative high-risk/high-return proposals, which combine in-depth analysis of large-scale cellular biological systems, or their representations, with creative software tools for the development of computer models as well as complementary quantitative experimental approaches.  Multidisciplinary proposals are encouraged."
317,https://www.nsf.gov/pubs/2006/nsf06524/nsf06524.htm,Ethics Education in Science and Engineering (EESE),"The Ethics Education in Science and Engineering (EESE) program considers proposals for research and educational projects to improve ethics education in all of the fields of science and engineering that NSF supports. For this year, proposals must focus on improving ethics education for graduate students in those fields, and on ethical issues that arise in research or graduate research education in those fields, particularly in interdisciplinary or inter-institutional contexts."
318,https://www.nsf.gov/pubs/2005/nsf05532/nsf05532.htm,Ethics Education in Science and Engineering (EESE),The Ethics Education in Science and Engineering (EESE) program considers
319,https://www.nsf.gov/pubs/2007/nsf07541/nsf07541.htm,Ethics Education in Science and Engineering,"The Ethics Education in Science and Engineering (EESE) program considers proposals for research and educational projects to improve ethics education in all of the fields of science and engineering that NSF supports, including in interdisciplinary or inter-institutional contexts.  Proposals must focus on improving ethics education for graduate students in those fields, or on developing summer post-baccalaureate ethics education activities or activities that transition students from undergraduate to graduate education.  The program will entertain proposals in graduate ethics education in science and engineering generally, but is particularly interested in proposals addressing issues involving the international or global context and those addressing issues of intellectual property, including scientific publishing."
320,https://www.nsf.gov/pubs/2010/nsf10563/nsf10563.htm,Instrument Development for Biological Research,"The Instrument Development for Biological Research (IDBR) Program supports the development of instrumentation that addresses demonstrated needs in biological research, in areas supported by NSF Biology programs (see https://www.nsf.gov/bio). The program accepts two types of proposals:"
321,https://www.nsf.gov/pubs/2013/nsf13561/nsf13561.htm,Instrument Development for Biological Research,"The Instrument Development for Biological Research (IDBR) Program supports the development, production, and distribution of novel instrumentation that addresses demonstrated needs in biological research in areas supported by NSF Biology programs (see https://www.nsf.gov/bio). These systems would benefit a broad user community through mass distribution of the technology. Interdisciplinary collaborations are strongly encouraged, as are partnerships with U.S. industries that can facilitate knowledge transfer, commercialization and broad utilization in the research community. The program accepts two types of proposals:"
322,https://www.nsf.gov/pubs/2016/nsf16601/nsf16601.htm,Smart and Connected Health,"The goal of the Smart and Connected Health (SCH) Program is to accelerate the development and use of innovative approaches that would support the much needed transformation of healthcare from reactive and hospital-centered to preventive, proactive, evidence-based, person-centered and focused on well-being rather than disease. Approaches that partner technology-based solutions with biobehavioral health research are supported by multiple agencies of the federal government including the National Science Foundation (NSF) and the National Institutes of Health (NIH). The purpose of this program is to develop next generation health care solutions and encourage existing and new research communities to focus on breakthrough ideas in a variety of areas of value to health, such as sensor technology, networking, information and machine learning technology, decision support systems, modeling of behavioral and cognitive processes, as well as system and process modeling. Effective solutions must satisfy a multitude of constraints arising from clinical/medical needs, social interactions, cognitive limitations, barriers to behavioral change, heterogeneity of data, semantic mismatch and limitations of current cyberphysical systems. Such solutions demand multidisciplinary teams ready to address technical, behavioral and clinical issues ranging from fundamental science to clinical practice."
323,https://www.nsf.gov/pubs/2015/nsf15536/nsf15536.htm,Research Experiences for Teachers (RET) in Engineering and Computer Science,Synopsis of Program:
324,https://www.nsf.gov/pubs/2020/nsf20584/nsf20584.htm,Research Experiences for Teachers (RET) in Engineering and Computer Science (nsf20584) | NSF - National Science Foundation,"NSF's Directorate for Engineering (ENG) and the Directorate for Computer and Information Science and Engineering (CISE) have joined to support the Research Experiences for Teachers (RET) in Engineering and Computer Science program. This program supports active long-term collaborative partnerships between K-12 Science, Technology, Engineering, Computer and Information Science, and Mathematics (STEM) in-service and pre-service teachers, full-time community college faculty, university faculty and students, and industry partners to enhance the scientific disciplinary knowledge and capacity of the STEM teachers and/or community college faculty through participation in authentic summer research experiences with engineering and computer science faculty researchers. The research projects and experiences all revolve around a focused research area related to engineering and/or computer science that will provide a common cohort experience to the participating educators. The K-12 STEM teachers and/or full-time community college faculty also translate their research experiences and new scientific knowledge into their classroom activities and curricula. The university team will include faculty, graduate and undergraduate students as well as industrial advisors. As part of the long-term partnership arrangements, involvement of undergraduate/graduate students with the integration of the RET curricular materials into classroom activities is particularly encouraged."
325,https://www.nsf.gov/pubs/2015/nsf15530/nsf15530.htm,Robert Noyce Teacher Scholarship Program,"In this solicitation, the acronym STEM stands for science, technology, engineering, and mathematics; STEM includes computer science."
326,https://www.nsf.gov/pubs/2017/nsf17575/nsf17575.htm,Research Experiences for Teachers (RET) in Engineering and Computer Science,"NSF's Directorate for Engineering (ENG) and the Directorate for Computer and Information Science and Engineering (CISE) have joined to support the Research Experiences for Teachers (RET) in Engineering and Computer Science program. This program supports active long-term collaborative partnerships between K-12 Science, Technology, Engineering, Computer and Information Science, and Mathematics (STEM) in-service and pre-service teachers, full-time community college faculty, and university faculty and students to enhance the scientific disciplinary knowledge and capacity of the STEM teachers and/or community college faculty through participation in authentic summer research experiences with engineering and computer science faculty researchers. The research projects and experiences all revolve around a focused research area related to engineering and/or computer science that will provide a common cohort experience to the participating educators. The K-12 STEM teachers and/or full-time community college faculty also translate their research experiences and new scientific knowledge into their classroom activities and curricula. The university team will include faculty, graduate and undergraduate students as well as industrial advisors. Involvement of graduate students in support of academic-year classroom activities is particularly encouraged."
327,https://www.nsf.gov/pubs/2014/nsf14577/nsf14577.htm,Advanced Technological Education,"With an emphasis on two-year colleges, the Advanced Technological Education (ATE) program focuses on the education of technicians for the high-technology fields that drive our nation's economy. The program involves partnerships between academic institutions and industry to promote improvement in the education of science and engineering technicians at the undergraduate and secondary school levels. The ATE program supports curriculum development; professional development of college faculty and secondary school teachers; career pathways to two-year colleges from secondary schools and from two-year colleges to four-year institutions; and other activities. Another goal is articulation between two-year and four-year programs for K-12 prospective STEM teachers that focus on technological education. The program invites research proposals that advance the knowledge base related to technician education."
328,https://www.nsf.gov/pubs/2011/nsf11509/nsf11509.htm,Research Experiences for Teachers (RET) in Engineering and Computer Science,"The Directorate for Engineering (ENG) and the Directorate for Computer and Information Science and Engineering (CISE),"
329,https://www.nsf.gov/pubs/2017/nsf17525/nsf17525.htm,Computer Science for All,"This program aims to provide all U.S. students the opportunity to participate in computer science (CS) and computational thinking (CT) education in their schools at the K-12 levels. With this solicitation, the National Science Foundation (NSF) focuses on researcher-practitioner partnerships (RPPs) that foster the research and development needed to bring CS/CT to all schools. Specifically, this solicitation aims to provide high school teachers with the preparation, professional development (PD) and ongoing support that they need to teach rigorous computer science courses, and K-8 teachers with the instructional materials and preparation they need to integrate CS/CT into their teaching."
330,https://www.nsf.gov/pubs/2018/nsf18537/nsf18537.htm,Computer Science for All,"This program aims to provide all U.S. students the opportunity to participate in computer science (CS) and computational thinking (CT) education in their schools at the preK-12 levels. With this solicitation, the National Science Foundation (NSF) focuses on researcher-practitioner partnerships (RPPs) that foster the research and development needed to bring CS and CT to all schools. Specifically, this solicitation aims to provide high school teachers with the preparation, professional development (PD) and ongoing support that they need to teach rigorous computer science courses; preK-8 teachers with the instructional materials and preparation they need to integrate CS and CT into their teaching; and schools and districts the resources needed to define and evaluate multi-grade pathways in CS and CT."
331,https://www.nsf.gov/pubs/2020/nsf20539/nsf20539.htm,Computer Science for All,"This program aims to provide all U.S. students with the opportunity to participate in computer science (CS) and computational thinking (CT) education in their schools at the preK-12 levels. With this solicitation, the National Science Foundation (NSF) focuses on both research and researcher-practitioner partnerships (RPPs) that foster the research and development needed to bring CS and CT to all schools. Specifically, this solicitation aims to provide (1) high school teachers with the preparation, professional development (PD) and ongoing support they need to teach rigorous computer science courses; (2) preK-8 teachers with the instructional materials and preparation they need to integrate CS and CT into their teaching; and (3) schools and districts with the resources needed to define and evaluate multi-grade pathways in CS and CT."
332,https://www.nsf.gov/pubs/2007/nsf07543/nsf07543.htm,"Course, Curriculum, and Laboratory Improvement","The Course, Curriculum, and Laboratory Improvement (CCLI) program seeks to improve the quality of science, technology, engineering, and mathematics (STEM) education for all undergraduate students. The program supports efforts to create new learning materials and teaching strategies, develop faculty expertise, implement educational innovations, assess learning and evaluate innovations, and conduct research on STEM teaching and learning. The program supports three types of projects representing three different phases of development, ranging from small, exploratory investigations to large, comprehensive projects."
333,https://www.nsf.gov/pubs/2006/nsf06536/nsf06536.htm,"Course, Curriculum, and Laboratory Improvement (CCLI)","The Course, Curriculum, and Laboratory Improvement (CCLI) program seeks to improve the quality of science, technology, engineering, and mathematics (STEM) education for all undergraduate students. The program supports efforts to create new learning materials and teaching strategies, develop faculty expertise, implement educational innovations, assess learning and evaluate innovations, and conduct research on STEM teaching and learning. The program supports three types of projects representing three different phases of development, ranging from small, exploratory investigations to large, comprehensive projects."
334,https://www.nsf.gov/pubs/2010/nsf10613/nsf10613.htm,CHE-DMR-DMS Solar Energy Initiative,"The purpose of the CHE-DMR-DMS Solar Energy Initiative is to support interdisciplinary efforts by groups of researchers to address the scientific challenges of highly efficient harvesting, conversion, and storage of solar energy."
335,https://www.nsf.gov/pubs/2009/nsf09604/nsf09604.htm,CHE-DMR-DMS Solar Energy Initiative,"The purpose of the CHE-DMR-DMS Solar Energy Initiative is to support interdisciplinary efforts by groups of researchers to address the scientific challenges of highly efficient harvesting, conversion, and storage of solar energy.  Groups must include three or more co-Principal Investigators of whom one must be a researcher in chemistry, a second in materials, and a third in mathematical sciences  in areas supported by the Divisions of Chemistry, Materials Research, and Mathematical Sciences, respectively.  The intent is to encourage new collaborations in which the mathematical sciences are linked in a synergistic way with the chemical and materials sciences to develop novel, potentially transformative approaches in an area of much activity but largely incremental advances.  Successful proposals will offer potentially transformative projects, new concepts, and interdisciplinary education through research involvement based on the integrated expertise and synergy from the three disciplinary communities."
336,https://www.nsf.gov/pubs/2016/nsf16569/nsf16569.htm,Developing a National Research Infrastructure for Neuroscience,"Understanding the brain is one of the grand scientific challenges at the intersection of experimental, theoretical, and computational investigation in the life, physical, behavioral, and cognitive sciences. Rapid proliferation of advanced measurement instrumentation and techniques has allowed researchers to study the brain and behavior at ever finer physical and temporal scales and in broader social and environmental contexts. At the same time, achieving a comprehensive, transformational understanding of the brain in action and in context will require an increased emphasis on systematic, interdisciplinary collaboration and team science, and the increased use of theoretical frameworks, including evolutionary ones, to explore questions that span organizational levels, scales of analysis, and a wider range of species optimal for experimental exploration of brain function. To catalyze such understanding, NSF announced its intention to support the development of innovative, accessible, and shared capabilities and resources towards the establishment of a coherent national infrastructure for neuroscience research, as described in the Dear Colleague Letter NSF 16-047."
337,https://www.nsf.gov/pubs/2010/nsf10571/nsf10571.htm,Information and Intelligent Systems (IIS): Core Programs,"CISE’s Division of Information and Intelligent Systems (IIS) supports research and education projects that develop new knowledge in three core programs:The Human-Centered Computing program;The Information Integration and Informatics program; andThe Robust Intelligence program.IIS is also responsible for managing the review process for proposals in Computer Graphics and Visualization; these proposals may be submitted to any of the three core programs described above.Proposers are invited to submit proposals in three project classes, which are defined as follows:Small Projects - up to $500,000 total budget with durations up to three years;Medium Projects - $500,001 to $1,200,000 total budget with durations up to four years; andLarge Projects - $1,200,001 to $3,000,000 total budget with durations up to five years.A more complete description of the three project classes can be found in section II. Program Description of this document.CISE investments in Small, Medium and Large projects complement the directorate’s investments in the Expeditions in Computing program, https://www.nsf.gov/funding/pgm_summ.jsp?pims_id=503169&org=CISE, where projects are funded at levels of up to $10,000,000 total for durations up to 5 years."
338,https://www.nsf.gov/pubs/2009/nsf09557/nsf09557.htm,Information and Intelligent Systems (IIS): Core Programs,CISE’s Division of Information and Intelligent Systems (IIS) supports research and education projects that develop new knowledge in three core programs:
339,https://www.nsf.gov/pubs/2004/nsf04514/nsf04514.htm,Collaborative Research in Computational Neuroscience (CRCNS),"The most exciting and difficult challenge facing neuroscientists is to understand the functions of complex neurobiological systems. Computational neuroscience provides a theoretical foundation and set of technological approaches that may enhance our understanding of nervous system function by providing analytical and modeling tools that describe, traverse and integrate different levels of organization, spanning vast temporal and spatial scales and levels of abstraction. Computational approaches are needed in the study of neuroscience as the requirement for comprehensive analysis and interpretation of complex data sets becomes increasingly important. Collaborations among computer scientists, engineers, mathematicians, statisticians, theoreticians and experimental neuroscientists, are imperative to advance our understanding of the nervous system and mechanisms underlying brain disorders. Computational understanding of the nervous system may also have a significant impact on the theory and design of engineered systems."
340,https://www.nsf.gov/pubs/2008/nsf08524/nsf08524.htm,Networking Technology and Systems,"The Networking Technology and Systems (NeTS) program supports pioneering visions and transformative research agendas that explore the frontiers of networking, provide a better understanding of  the dynamics of large-scale networks, expand networking capabilities and use, and help pave the way for the next generation Internet."
341,https://www.nsf.gov/pubs/2013/nsf13574/nsf13574.htm,Networking Technology and Systems,"The Division of Computer and Network Systems (CNS) supports research and education activities that invent new computing and networking technologies and that explore new ways to make use of existing technologies. The Division seeks to develop a better understanding of the fundamental properties of computer and network systems and to create better abstractions and tools for designing, building, analyzing, and measuring future systems. The Networking Technology and Systems (NeTS) program supports transformative research on fundamental scientific and technological advances leading to the development of future-generation, high-performance networks and future Internet architectures."
342,https://www.nsf.gov/pubs/2019/nsf19536/nsf19536.htm,National Robotics Initiative 2.0: Ubiquitous Collaborative Robots (NRI-2.0) (nsf19536) | NSF - National Science Foundation,"The NRI-2.0 program builds upon the original National Robotics Initiative (NRI) program to support fundamental research in the United States that will accelerate the development and use of collaborative robots (co-robots) that work beside or cooperatively with people. The focus of the NRI-2.0 program is on ubiquity, which in this context means seamless integration of co-robots to assist humans in every aspect of life."
343,https://www.nsf.gov/pubs/2017/nsf17518/nsf17518.htm,National Robotics Initiative 2.0: Ubiquitous Collaborative Robots,The goal of the National Robotics Initiative (NRI) is to support fundamental research that will accelerate the development and use of robots in the United States that work beside or cooperatively with people. The original NRI program focused on innovative robotics research that emphasized the realization of collaborative robots (co-robots) working in symbiotic relationships with human partners.
344,https://www.nsf.gov/pubs/2020/nsf20522/nsf20522.htm,National Robotics Initiative 2.0: Ubiquitous Collaborative Robots,"The NRI-2.0 program builds upon the original National Robotics Initiative (NRI) program to support fundamental research in the United States that will accelerate the development and use of collaborative robots (co-robots). A co-robot is a robot whose main purpose is to work with people or other robots to accomplish a goal.  An ideal co-robot is an adaptable partner, not limited to a narrow set of specified interactions or functions, but able to significantly enhance team performance despite changes in its role, its teammates, or the team’s collective goals. The focus of the NRI-2.0 program is on ubiquity, which in this context means seamless integration of co-robots to assist humans in every aspect of life."
345,https://www.nsf.gov/pubs/2011/nsf11553/nsf11553.htm,National Robotics Initiative,"The goal of the National Robotics Initiative is to accelerate the development and use of robots in the United States that work beside, or cooperatively with, people. Innovative robotics research and applications emphasizing the realization of such co-robots acting in direct support of and in a symbiotic relationship with human partners is supported by multiple agencies of the federal government including the National Science Foundation (NSF), the National Aeronautics and Space Administration (NASA), the National Institutes of Health (NIH), and the U.S. Department of Agriculture (USDA). The purpose of this program is the development of this next generation of robotics, to advance the capability and usability of such systems and artifacts, and to encourage existing and new communities to focus on innovative application areas. It will address the entire life cycle from fundamental research and development to industry"
346,https://www.nsf.gov/pubs/2012/nsf12607/nsf12607.htm,National Robotics Initiative,"The goal of the National Robotics Initiative is to accelerate the development and use of robots in the United States that work beside, or cooperatively with, people. Innovative robotics research and applications emphasizing the realization of such co-robots acting in direct support of and in a symbiotic relationship with human partners is supported by multiple agencies of the federal government including the National Science Foundation (NSF), the National Aeronautics and Space Administration (NASA), the National Institutes of Health (NIH), and the U.S. Department of Agriculture (USDA). The purpose of this program is the development of this next generation of robotics, to advance the capability and usability of such systems and artifacts, and to encourage existing and new communities to focus on innovative application areas. It will address the entire life cycle from fundamental research and development to manufacturing and deployment."
347,https://www.nsf.gov/pubs/2015/nsf15505/nsf15505.htm,National Robotics Initiative,"The goal of the National Robotics Initiative is to accelerate the development and use of robots in the United States that work beside or cooperatively with people. Innovative robotics research and applications emphasizing the realization of such co-robots working in symbiotic relationships with human partners is supported by multiple agencies of the federal government including the National Science Foundation (NSF), the National Aeronautics and Space Administration (NASA), the National Institutes of Health (NIH), the U.S. Department of Agriculture (USDA), and the U.S. Department of"
348,https://www.nsf.gov/pubs/2006/nsf06572/nsf06572.htm,"Information and Intelligent Systems: Advancing Human-Centered Computing, Information Integration and Informatics, and Robust Intelligence",NSF’s Division of Information and Intelligent Systems intends to fund science and engineering research and education projects that develop new knowledge in the following three core technical areas:
349,https://www.nsf.gov/pubs/2016/nsf16517/nsf16517.htm,National Robotics Initiative,"The goal of the National Robotics Initiative is to accelerate the development and use of robots in the United States that work beside or cooperatively with people. Innovative robotics research and applications emphasizing the realization of such co-robots working in symbiotic relationships with human partners is supported by multiple agencies of the federal government including the National Science Foundation (NSF), the National Aeronautics and Space Administration (NASA), the National Institutes of Health (NIH), the U.S. Department of Agriculture (USDA), the U.S. Department of Energy (DOE), and the U.S. Department of Defense (DOD). The purpose of this program is to support the development of this next generation of robotics, to advance the capability and usability of such systems and artifacts, and to encourage existing and new communities to focus on innovative application areas. It will address the entire lifecycle from fundamental research and development to manufacturing and deployment. Questions concerning a particular project's focus, direction and relevance to a participating funding organization should be addressed to that agency’s point of contact listed in section VIII of this solicitation."
350,https://www.nsf.gov/pubs/2003/nsf03573/nsf03573.htm,NSF Funding Opportunity Document: Science of Learning Centers,"The Science of Learning Centers program (SLC) offers awards for large-scale, long-term Centers that will extend the frontiers of knowledge on learning and create the intellectual, organizational, and physical infrastructure needed for the long-term advancement of learning research.Centers will be built around a unifying research focus and will incorporate a diverse, multidisciplinary environment involving appropriate partnerships with academia, industry, all levels of education, and other public and private entities.Catalyst awards will also be made during the initial years of the program. Catalyst awards are designed to enable partnership-building and research activities leading to the creation of new Centers.NSF plans to convene one or more workshops during the Spring of 2003 to educate potential applicants and to answer questions about the SLC Program. Details will be posted on the NSF website (http://www.nsf.gov/slc/) as they are known."
351,https://www.nsf.gov/pubs/2005/nsf05509/nsf05509.htm,Science of Learning Centers (SLC),"The Science of Learning Centers program (SLC) offers awards for large-scale, long-term Centers that will extend the frontiers of knowledge on learning of all types and create the intellectual, organizational, and physical infrastructure needed for the long-term advancement of learning research."
352,https://www.nsf.gov/pubs/2012/nsf12597/nsf12597.htm,Innovative Technology Experiences for Students and Teachers,"ITEST supports the research and development of innovative models for engaging K-12 students in authentic experiences that build their capacity to participate in the science, technology, engineering, and mathematics (STEM) and information and communications technology (ICT) workforce of the future."
353,https://www.nsf.gov/pubs/2005/nsf05561/nsf05561.htm,Advanced Learning Technologies (ALT),"Through the Advanced Learning Technologies (ALT) program, the CISE"
354,https://www.nsf.gov/pubs/2006/nsf06535/nsf06535.htm,Advanced Learning Technologies,"Through the Advanced Learning Technologies (ALT) program, the CISE and EHR Directorates of NSF support research that (1) enables radical improvements in learning through innovative computer and information technologies, and (2) advances research in computer science, information technology, learning, and cognitive science through the unique challenges posed by learning environments and learning technology platforms. Integrative research approaches that build across disciplines and establish tight linkages among theory, experiment, and design are strongly encouraged. Technology goals may include systems for tutoring or assessment, modeling and sensing of cognitive or emotional states, context awareness, natural language interfaces, collaboration, knowledge management, and non-traditional goals that redefine the roles of technology in learning. Educational foci for ALT projects must include an area of science, technology, engineering, or mathematics (STEM), or general cross-cutting skills directly relevant to STEM."
355,https://www.nsf.gov/pubs/2020/nsf20586/nsf20586.htm,Re-entry to Active Research Program,"The Division of Chemical, Bioengineering, Environmental, and Transport Systems (CBET) and the Division of Chemistry (CHE) are conducting a Re-entry to Active Research (RARE) program to reengage, retrain, and broaden participation within the academic workforce. The primary objective of the RARE program is to catalyze the advancement along the academic tenure-track of highly meritorious individuals who are returning from a hiatus from active research. By providing re-entry points to active academic research, the RARE program will reinvest in the nation’s most highly trained scientists and engineers, while broadening participation and increasing diversity of experience. A RARE research proposal must describe potentially transformative research that falls within the scope of participating CBET or CHE programs."
356,https://www.nsf.gov/pubs/2011/nsf11552/nsf11552.htm,Centers for Chemical Innovation (CCI) (nsf11552),"The Centers for Chemical Innovation (CCI) Program supports research centers focused on major, long-term fundamental chemical research challenges. CCIs that address these challenges will produce transformative research, lead to innovation, and attract broad scientific and public interest. CCIs are agile structures that can respond rapidly to emerging opportunities and make full use of cyberinfrastructure to enhance collaborations. CCIs may partner with researchers from industry, government laboratories and international organizations. CCIs integrate research, innovation, education, and public outreach and include a plan to broaden participation of underrepresented groups. The CCI program is a two-phase program. Both phases are described in this solicitation. Phase I CCIs receive significant resources to develop the science and integrative elements of a CCI before requesting Phase II funding. Phase I proposals funded in FY 2012 will seek Phase II funding in FY 2015. Only organizations receiving Phase I awards in FY2009 are eligible to request Phase II funding in FY 2012.For the FY 2012 Phase I competition, only projects addressing the theme of sustainable chemistry will be considered. The preliminary proposal and proposal must address how the topic addresses sustainable chemistry. Areas of focus include but are not limited to 1. Developing clean, safe, and economical alternatives to traditional chemical products and practices.2. Exploring alternatives to petroleum as a source of feedstock chemicals, including biorenewables. 3. Exploring earth-abundant, inexpensive and benign alternatives to rare, expensive and toxic chemicals. Examples include indium, germanium, rare earth elements and platinum catalysts.4. Developing efficient recognition/sequestration and recycling of key elements essential for sustainability, for example phosphorus and rare earth elements.Projects involving alternative energy, climate change and other aspects of sustainability are best supported by the SEES solicitations and will not be considered in CCI in FY2012."
357,https://www.nsf.gov/pubs/2006/nsf06562/nsf06562.htm,EarthScope,"EarthScope is an Earth science program to explore the 4-dimensional structure of the North American continent. The EarthScope Program provides a framework for broad, integrated studies across the Earth sciences, including research on fault properties and the earthquake process, strain transfer, magmatic and hydrous fluids in the crust and mantle, plate boundary processes, large-scale continental deformation, continental structure and evolution, and composition and structure of the deep-Earth. In addition, EarthScope offers a centralized forum for Earth science education at all levels and an excellent opportunity to develop cyberinfrastructure to integrate, distribute, and analyze diverse data sets."
358,https://www.nsf.gov/pubs/2011/nsf11535/nsf11535.htm,EarthScope,"EarthScope is an Earth science program to explore the 4-dimensional structure of the North American continent. The EarthScope Program provides a framework for broad, integrated studies across the Earth sciences, including research on fault properties and the earthquake process, strain transfer, magmatic and hydrous fluids in the crust and mantle, plate boundary processes, large-scale continental deformation, continental structure and evolution, and composition and structure of the deep Earth. In addition, EarthScope offers a centralized forum for Earth science education at all levels and an excellent opportunity to develop cyberinfrastructure to integrate, distribute, and analyze diverse data sets."
359,https://www.nsf.gov/pubs/2018/nsf18596/nsf18596.htm,Formal Methods in the Field,"The Formal Methods in the Field (FMitF) program aims to bring together researchers in formal methods with researchers in other areas of computer and information science and engineering to jointly develop rigorous and reproducible methodologies for designing and implementing correct-by-construction systems and applications with provable guarantees. FMitF encourages close collaboration between two groups of researchers. The first group consists of researchers in the area of formal methods, which, for the purposes of this solicitation, is broadly defined as principled approaches based on mathematics and logic, including modeling, specification, design, program analysis, verification, synthesis, and programming language-based approaches. The second group consists of researchers in the “field,” which, for the purposes of this solicitation, is defined as a subset of areas within computer and information science and engineering that currently do not benefit from having established communities already developing and applying formal methods in their research. This solicitation limits the field to the following areas that stand to directly benefit from a grounding in formal methods: computer networks, cyber-human systems, distributed /operating systems, hybrid/dynamical systems, and machine learning. Other field(s) may emerge as priority areas for the program in future years, subject to the availability of funds."
360,https://www.nsf.gov/pubs/2018/nsf18536/nsf18536.htm,Formal Methods in the Field,"The Formal Methods in the Field (FMitF) program aims to bring together researchers in formal methods with researchers in other areas of computer and information science and engineering to jointly develop rigorous and reproducible methodologies for designing and implementing correct-by-construction systems and applications with provable guarantees. FMitF encourages close collaboration between two groups of researchers. The first group consists of researchers in the area of formal methods, which, for the purposes of this solicitation, is broadly defined as principled approaches based on mathematics and logic, including modeling, specification, design, program analysis, verification, synthesis, and programming language-based approaches. The second group consists of researchers in the “field,” which, for the purposes of this solicitation, is defined as a subset of areas within computer and information science and engineering that currently do not benefit from having established communities already developing and applying formal methods in their research. Initially the program will limit the field to these four areas that stand to directly benefit from a grounding in formal methods: computer networks, cyber-human systems, machine learning, and operating/distributed systems. However other field(s) may emerge as priority areas for the program in future years, subject to the availability of funds."
361,https://www.nsf.gov/pubs/2006/nsf06602/nsf06602.htm,East Asia and Pacific Summer Institutes for U.S. Graduate Students,"The East Asia and Pacific Summer Institutes provide U.S. graduate students in science and engineering:  1) first-hand research experience in Australia, China, Japan, Korea, New Zealand or Taiwan; 2) an introduction to the science and science policy infrastructure of the respective location; and 3) orientation to the society, culture and language. The primary goals of EAPSI are to introduce students to East Asia and Pacific science and engineering in the context of a research laboratory, and to initiate personal relationships that will better enable them to collaborate with foreign counterparts in the future. The institutes last approximately eight weeks from June to August. The National Institutes of Health (NIH) co-sponsor the Summer Institute in Japan."
362,https://www.nsf.gov/pubs/2010/nsf10591/nsf10591.htm,East Asia and Pacific Summer Institutes for U.S. Graduate Students,The East Asia and Pacific Summer Institutes (EAPSI) provide U.S. graduate students in science and engineering:
363,https://www.nsf.gov/pubs/2003/nsf03608/nsf03608.htm,East Asia and Pacific Summer Institutes for U.S. Graduate Students,The East Asia and Pacific Summer Institutes (EAPSI) provide
364,https://www.nsf.gov/pubs/2015/nsf15539/nsf15539.htm,Professional Formation of Engineers,"The NSF Engineering (ENG) Directorate has launched a multi-year initiative, the Professional Formation of Engineers, to create and support an innovative and inclusive engineering profession for the 21st Century. Professional Formation of Engineers (PFE) refers to the formal and informal processes and value systems by which people become engineers. It also includes the ethical responsibility of practicing engineers to sustain and grow the profession. The engineering profession must be responsive to national priorities, grand challenges, and dynamic workforce needs; it must be equally open and accessible to all."
365,https://www.nsf.gov/pubs/2014/nsf14602/nsf14602.htm,IUSE / Professional Formation of Engineers:,"The NSF Engineering (ENG) Directorate is launching a multi-year initiative, the Professional Formation of Engineers, to create and support an innovative and inclusive engineering profession for the 21st Century. Professional Formation of Engineers (PFE) refers to the formal and informal processes and value systems by which people become engineers. It also includes the ethical responsibility of practicing engineers to sustain and grow the profession. The engineering profession must be responsive to national priorities, grand challenges, and dynamic workforce needs; it must be equally open and accessible to all."
366,https://www.nsf.gov/pubs/2003/nsf03561/nsf03561.htm,Bridges for Engineering Education,The Bridges for Engineering Education (BEE) Planning Grants solicitation
367,https://www.nsf.gov/pubs/2011/nsf11576/nsf11576.htm,Broadening Participation Research Initiation Grants in Engineering 2012,A new solicitation for the BRIGE program is in preparation for a Fiscal Year 13 competition.
368,https://www.nsf.gov/pubs/2003/nsf03562/nsf03562.htm,NSF Funding Opportunity Document: Grants for the Department-Level Reform of Undergraduate Engineering Education,"The Grants for the Department-Level Reform of Undergraduate Engineering Education solicitation provides an opportunity for institutions to compete for planning and implementation grants to assist departmental and larger units in:Developing comprehensive plans to reformulate, streamline and update engineering and engineering technology degree programs,                Developing new curricula for emerging engineering disciplines, and                Meeting the emerging workforce and educational needs of U.S. industry. This solicitation is a collaborative effort between the Directorate for Engineering (ENG) and the Directorate for Education and Human Resources (EHR)."
369,https://www.nsf.gov/pubs/2019/nsf19614/nsf19614.htm,IUSE / Professional Formation of Engineers:,"Revolutionizing Engineering Departments (hereinafter referred to as RED) is designed to build upon previous efforts in engineering education research. Specifically, previous and ongoing evaluations of the NSF Engineering Education and Centers Division program and its predecessors, as well as those related programs in the Directorate of Education and Human Resources, have shown that prior investments have significantly improved the first year of engineering students’ experiences, incorporating engineering material, active learning approaches, design instruction, and a broad introduction to professional skills and a sense of professional practice – giving students an idea of what it means to become an engineer. Similarly, the senior year has seen notable change through capstone design experiences, which ask students to synthesize the technical knowledge, skills, and abilities they have gained with professional capacities, using reflective judgment to make decisions and communicate these effectively. However, this ideal of the senior year has not yet been fully realized, because many of the competencies required in capstone design, or required of professional engineers, are only partially introduced in the first year and not carried forward with significant emphasis through the sophomore and junior years."
370,https://www.nsf.gov/pubs/2013/nsf13543/nsf13543.htm,Smart and Connected Health,"The goal of the Smart and Connected Health (SCH) Program is to accelerate the development and use of innovative approaches that would support the much needed transformation of healthcare from reactive and hospital-centered to preventive, proactive, evidence-based, person-centered and focused on well-being rather than disease. Approaches that partner technology-based solutions with biobehavioral health research are supported by multiple agencies of the federal government including the National Science Foundation (NSF) and the National Institutes of Health (NIH). The purpose of this program is to develop next generation healthcare solutions and encourage existing and new research communities to focus on breakthrough ideas in a variety of areas of value to health, such as sensor technology, networking, information and machine learning technology, decision support systems, modeling of behavioral and cognitive processes, as well as system and process modeling. Effective solutions must satisfy a multitude of constraints arising from clinical/medical needs, social interactions, cognitive limitations, barriers to behavioral change, heterogeneity of data, semantic mismatch and limitations of current cyberphysical systems. Such solutions demand multidisciplinary teams ready to address technical, behavioral and clinical issues ranging from fundamental science to clinical practice."
371,https://www.nsf.gov/pubs/2016/nsf16591/nsf16591.htm,Partnerships for Innovation: Building Innovation Capacity,"The Partnerships for Innovation: Building Innovation Capacity (PFI:BIC) program supports academe-industry partnerships which are led by an interdisciplinary academic research team collaborating with a least one industry partner. In this program, there is a heavy emphasis on the quality, composition, and participation of the partners, including their appropriate contributions. These partnerships focus on the integration of technologies into a specified human-centered service system with the potential to achieve transformational benefits, satisfying a real need by making an existing service system smart(er) or by spurring the creation of an entirely new smart service system. The selected service system should function as a test bed."
372,https://www.nsf.gov/pubs/2013/nsf13587/nsf13587.htm,Partnerships for Innovation: Building Innovation Capacity,"The Partnerships for Innovation: Building Innovation Capacity (PFI:BIC) program supports academe-industry partnerships, which are led by an interdisciplinary academic research team with a least one industry partner, to collaborate in building technological and human innovation capacity [4]. This innovation capacity is intended to endure beyond the initial award. Partnerships that build the capacity to innovate are expected to be effective at innovating and able to continue to innovate. They are highly intentional about creating an environment that fosters innovation. These partnerships not only develop new technology but also foster the development of human capital that embraces a culture of change, nurtures the generation of new ideas, and considers feedback an integral part of the innovation processes. Partnership members are diverse, representing a spectrum of backgrounds, perspectives, and skills. Partnership activities that drive sustained innovation include the targeted allocation of resources such as capital, time, facilities; and sharing of knowledge in a cross-organizational and interdisciplinary context."
373,https://www.nsf.gov/pubs/2015/nsf15610/nsf15610.htm,Partnerships for Innovation: Building Innovation Capacity,"The Partnerships for Innovation: Building Innovation Capacity (PFI:BIC) program supports academe-industry partnerships which are led by an interdisciplinary academic research team collaborating with a least one industry partner. In this program, there is a heavy emphasis on the quality, composition, and participation of the partners, including the appropriate contributions for each role. These partnerships focus on the integration of technologies into a specified human-centered service system with the potential to achieve transformational change, satisfying a real need by making an existing service system smart(er) or by spurring the creation of an entirely new smart service system. The selected service system should function as a test bed."
374,https://www.nsf.gov/pubs/2018/nsf18598/nsf18598.htm,Big Data Regional Innovation Hubs,"NSF's Directorate for Computer and Information Science and Engineering (CISE) initiated the National Network of Big Data Regional Innovation Hubs (BD Hubs) program in FY 2015 (NSF 15-562). Four Big Data Hubs (BD Hubs)—Midwest, Northeast, South, and West—were established, one in each of the four Census Regions of the United States [1]. The BD Hubs provide the ability to engage local or regional stakeholders, e.g., city, county, and state governments, local industry and non-profits, and regional academic institutions, in big data research, and permit a focus on regional issues. These collaborative activities and partnerships play a critical role in building and sustaining a successful national big data innovation ecosystem."
375,https://www.nsf.gov/pubs/2018/nsf18557/nsf18557.htm,Smart and Autonomous Systems,"The Smart and Autonomous Systems (S&AS) program focuses on Intelligent Physical Systems (IPS) that are capable of robust, long-term autonomy requiring minimal or no human operator intervention in the face of uncertain, unanticipated, and dynamically changing situations. IPS are systems that combine perception, cognition, communication, and actuation to operate in the physical world. Examples include, but are not limited to, robotic platforms, self-driving vehicles, underwater exploration vehicles, and smart grids."
376,https://www.nsf.gov/pubs/2003/nsf03565/nsf03565.htm,Cooperative Activities in Materials Research between the National Science Foundation and the European Commission,This program supports collaborative materials research between U.S.
377,https://www.nsf.gov/pubs/2003/nsf03043/nsf03043.htm,Nanoscale Science and Engineering (NSE) (nsf03043),The National Science Foundation (NSF) announces a
378,https://www.nsf.gov/pubs/2019/nsf19553/nsf19553.htm,Cyber-Physical Systems,"Cyber-physical systems (CPS) are engineered systems that are built from, and depend upon, the seamless integration of computation and physical components. Advances in CPS will enable capability, adaptability, scalability, resiliency, safety, security, and usability that will expand the horizons of these critical systems. CPS technologies are transforming the way people interact with engineered systems, just as the Internet has transformed the way people interact with information. New, smart CPS drive innovation and competition in a range of application domains including agriculture, aeronautics, building design, civil infrastructure, energy, environmental quality, healthcare and personalized medicine, manufacturing, and transportation. Moreover, the integration of artificial intelligence with CPS creates new research opportunities with major societal implications."
379,https://www.nsf.gov/pubs/2018/nsf18538/nsf18538.htm,Cyber-Physical Systems (CPS) (nsf18538) | NSF - National Science Foundation,"Cyber-physical systems (CPS) are engineered systems that are built from, and depend upon, the seamless integration of computation and physical components. Advances in CPS will enable capability, adaptability, scalability, resiliency, safety, security, and usability that will expand the horizons of these critical systems. CPS technologies are transforming the way people interact with engineered systems, just as the Internet has transformed the way people interact with information. New, smart CPS drive innovation and competition in a range of application domains including agriculture, aeronautics, building design, civil infrastructure, energy, environmental quality, healthcare and personalized medicine, manufacturing, and transportation. Moreover, the integration of artificial intelligence with CPS creates new research opportunities with major societal implications."
380,https://www.nsf.gov/pubs/2020/nsf20563/nsf20563.htm,Cyber-Physical Systems,"Cyber-physical systems (CPS) are engineered systems that are built from, and depend upon, the seamless integration of computation and physical components. Advances in CPS will enable capability, adaptability, scalability, resiliency, safety, security, and usability that will expand the horizons of these critical systems. CPS technologies are transforming the way people interact with engineered systems, just as the Internet has transformed the way people interact with information. New, smart CPS drive innovation and competition in a range of application domains including agriculture, aeronautics, building design, civil infrastructure, energy, environmental quality, healthcare and personalized medicine, manufacturing, and transportation. CPS are becoming data-rich enabling new and higher degrees of automation and autonomy. Traditional ideas in CPS research are being challenged by new concepts emerging from artificial intelligence and machine learning. The integration of artificial intelligence with CPS especially for real-time operation creates new research opportunities with major societal implications."
381,https://www.nsf.gov/pubs/2010/nsf10567/nsf10567.htm,Advances in Biological Informatics,The Advances in Biological Informatics (ABI) program seeks to encourage new approaches to the analysis and dissemination of biological knowledge for the benefit of both the scientific community and the broader public. The ABI program is especially interested in the development of
382,https://www.nsf.gov/pubs/2015/nsf15582/nsf15582.htm,Advances in Biological Informatics,"The Advances in Biological Informatics (ABI) program seeks to encourage new approaches to the analysis and dissemination of biological knowledge for the benefit of both the scientific community and the broader public. The ABI program is especially interested in the development of informatics tools and resources that have the potential to advance- or transform- research in biology supported by the Directorate for Biological Sciences at the National Science Foundation.  The ABI program accepts three major types of proposals: Innovation awards that seek to pioneer new approaches to the application of informatics to biological problems, Development awards that seek to provide robust cyberinfrastructure that will enable transformative biological research, and Sustaining awards that seek to support ongoing operations and maintenance of existing cyberinfrastructure that is critical for continued advancement of priority biological research."
383,https://www.nsf.gov/pubs/2013/nsf13539/nsf13539.htm,Enhancing Access to the Radio Spectrum,"The National Science Foundation's Directorates for Mathematical and Physical Sciences (MPS), Engineering (ENG), Computer and Information Science and Engineering (CISE), and Social, Behavioral, and Economic Sciences (SBE) are coordinating efforts to identify bold new concepts with the potential to contribute to significant improvements in the efficiency of radio spectrum utilization, and in the ability for traditionally underserved Americans to benefit from current and future wireless-enabled goods and services. EARS seeks to fund innovative collaborative research that transcends the traditional boundaries of existing programs, such as research that spans disciplines covered by two or more of the participating NSF directorates."
384,https://www.nsf.gov/pubs/2012/nsf12546/nsf12546.htm,Enhancing Access to the Radio Spectrum (EARS) (nsf12546),"The National Science Foundation's Directorates for Mathematical and Physical Sciences (MPS), Engineering (ENG), Computer and Information Science and Engineering (CISE), and Social, Behavioral, and Economic Sciences (SBE) are coordinating efforts to identify bold new concepts with the potential to contribute to significant improvements in the efficiency of radio spectrum utilization, and in the ability for traditionally underserved Americans to benefit from current and future wireless-enabled goods and services. EARS seeks to fund innovative collaborative research that transcends the traditional boundaries of existing programs, such as research that spans disciplines covered by two or more of the participating NSF directorates."
385,https://www.nsf.gov/pubs/2009/nsf09542/nsf09542.htm,Tectonics,"The Tectonics Program supports a broad range of field, laboratory, computational, and theoretical investigations aimed at understanding the formation, evolution, and deformation of continental lithosphere through time. Proposals to elucidate the processes that act on the lithosphere at various time-scales and length-scales, either at depth or the surface, are encouraged. Because understanding such large-scale phenomena commonly requires a variety of expertise and methods, the Tectonics Program supports integrated research involving the disciplines of structural geology, petrology, geochronology, sedimentology, stratigraphy, geomorphology, rock mechanics, paleomagnetics, geodesy, and other geophysical techniques."
386,https://www.nsf.gov/pubs/2006/nsf06544/nsf06544.htm,Tectonics,"The Tectonics Program supports a broad range of field, laboratory, computational, and theoretical investigations aimed at understanding the evolution and deformation of continental lithosphere through time. Proposals to elucidate the processes that act on the lithosphere at various time-scales and length-scales, either at depth or the surface, are encouraged. Because understanding such large-scale phenomena commonly requires a variety of expertise and methods, the Tectonics Program supports integrated research involving the disciplines of structural geology, petrology, geochronology, sedimentology, stratigraphy, geomorphology, rock mechanics, paleomagnetics, geodesy, and other geophysical techniques."
387,https://www.nsf.gov/pubs/2011/nsf11584/nsf11584.htm,Interface between Computer Science and Economics & Social Sciences,The three divisions of CISE and the SES division of SBE seek interdisciplinary research and education projects that develop new knowledge at the Interface between Computer Science and Economics & Social Sciences. Projects should advance knowledge on both sides of the interface. Projects that use known techniques and results from Computer Science or Economics & Social Sciences to advance only one field (either CS or Econ/SS) are not of interest to the program.
388,https://www.nsf.gov/pubs/2006/nsf06559/nsf06559.htm,Computational Science Training for Undergraduates in the Mathematical Sciences,"The goal of Computational Science Training for Undergraduates in the Mathematical Sciences (CSUMS) is to enhance computational aspects of the education and training of undergraduate students in the mathematical sciences -- mathematics and statistics -- and to better prepare these students to pursue careers and graduate study in fields that require integrated strengths in computation and the mathematical sciences. The core of the activity is long-term research experiences for cohorts of at least six undergraduates. Projects must focus on research topics that require interplay between computation and mathematics or statistics. They should expose students to contemporary mathematics, statistics, and computation, addressed with modern research tools and methods. That is, projects must be genuine research experiences rather than rehearsals of research methods. Interdisciplinary projects are encouraged, and appropriate mentorship from the disciplines involved is welcomed. In addition, we expect that projects will strengthen the research and education capacity, infrastructure, and culture of the participating institutions. To this end, we welcome projects that create models for education in the mathematical sciences and influence the direction of academic programs for a broad range of students. CSUMS is a joint effort of the Education and Human Resources (EHR) and the Mathematical and Physical Sciences (MPS) directorates at the National Science Foundation (NSF)."
389,https://www.nsf.gov/pubs/2003/nsf03514/nsf03514.htm,Collaborative Research at Undergraduate Institutions,The goal of the Collaborative Research at Undergraduate
390,https://www.nsf.gov/pubs/2004/nsf04536/nsf04536.htm,Cross-disciplinary Research at Undergraduate Institutions nsf04536,The goal of the Cross-disciplinary Research
391,https://www.nsf.gov/pubs/2005/nsf05551/nsf05551.htm,Information and Intelligent Systems: nsf05551,NSF’s Division of Information and Intelligent Systems is seeking
392,http://www.nsf.gov/pubs/2007/nsf07577/nsf07577.htm,"Information and Intelligent Systems: Advancing Human-Centered Computing, Information Integration and Informatics, and Robust Intelligence",NSF’s Division of Information and Intelligent Systems intends to fund science and engineering research and education projects that develop new knowledge in the following three core technical areas:
393,https://www.nsf.gov/pubs/2007/nsf07565/nsf07565.htm,Community-based Data Interoperability Networks,"Digital data are increasingly both the products of research and the starting point for new research and education activities.  The ability to re-purpose data – to use it in innovative ways and combinations not envisioned by those who created the data – requires that it be possible to find and understand data of many types and from many sources. Interoperability (the ability of two or more systems or components to exchange information and to use the information that has been exchanged) is fundamental to meeting this requirement.   This NSF crosscutting program supports community efforts to provide for broad interoperability through the development of mechanisms such as robust data and metadata conventions, ontologies, and taxonomies. Support is provided for Data Interoperability Networks that will be responsible for consensus-building activities and for providing the expertise necessary to turn the consensus into technical standards with associated implementation tools and resources.  Examples of the former are community workshops, web resources such as community interaction sites, and task groups.  Examples of the latter are information sciences, software development, and ontology and taxonomy design and implementation."
394,https://www.nsf.gov/pubs/2004/nsf04552/nsf04552.htm,This document has been archived and replaced by NSF 05-620.,The goal of this solicitation is to stimulate
395,https://www.nsf.gov/pubs/2007/nsf07505/nsf07505.htm,Science of Design,"The Science of Design (SoD) Program at NSF solicits proposals for projects that will bring creative, scientific advances to the design of software artifacts and systems."
396,https://www.nsf.gov/pubs/2005/nsf05576/nsf05576.htm,Foundations of Computing Processes and Artifacts (CPA),"The Foundations of Computing Processes and Artifacts (CPA) cluster supports research and education projects to advance formalisms and methodologies pertaining to the artifacts and processes for building computing and communication systems. Computational artifacts range from formalisms, models, theories and languages to hardware/software architectures, technology components and a variety of physical manifestations of implementations. Proposals submitted in response to this solicitation will address the nature of such artifacts and the computational processes they perform, as well as the artifacts and processes involved in specifying, designing, building and using them."
397,https://www.nsf.gov/pubs/2020/nsf20503/nsf20503.htm,National Artificial Intelligence (AI) Research Institutes,"Artificial Intelligence (AI) has advanced tremendously and today promises personalized healthcare; enhanced national security; improved transportation; and more effective education, to name just a few benefits. Increased computing power, the availability of large datasets and streaming data, and algorithmic advances in machine learning (ML) have made it possible for AI development to create new sectors of the economy and revitalize industries. Continued advancement, enabled by sustained federal investment and channeled toward issues of national importance, holds the potential for further economic impact and quality-of-life improvements."
398,https://www.nsf.gov/pubs/2011/nsf11507/nsf11507.htm,Research Initiation Grants in Engineering Education,Engineering faculty possess both deep technical expertise in their engineering discipline and the primary responsibility for educating future engineers.
399,https://www.nsf.gov/pubs/2020/nsf20557/nsf20557.htm,Spectrum Innovation Initiative: National Center for Wireless Spectrum Research,"The worldwide growth of wireless communication, navigation, and telemetry has provided immense societal benefits including mobile broadband data, Internet of Things (IoT), mobile healthcare, and intelligent transportation systems. These and other applications including 5G and beyond wireless systems call for innovations that can circumvent the challenges of radio spectrum scarcity and interference and foster the growth of ubiquitous, high speed, low latency connectivity."
400,https://www.nsf.gov/pubs/2003/nsf03543/nsf03543.htm,Advanced Technologies and Instrumentation (ATI): Special Competition: Astronomical Applications with the Advanced Electro-Optical System (AEOS) of the United States Air Force,This special competition is to enable access by the U.S. community
401,https://www.nsf.gov/pubs/2006/nsf06519/nsf06519.htm,Advanced Technologies and Instrumentation (ATI): Special Competition: Astronomical Applications with the Advanced Electro-Optical System (AEOS) of the United States Air Force (ATI/AEOS),This special competition is to enable access by the U.S. community to the 3.67-meter Advanced Electro-Optical System (AEOS) telescope with its sophisticated adaptive optics system for astronomical research. This telescope system is made available for approximately 90 hours for observation in calendar year 2006.
402,https://www.nsf.gov/pubs/2010/nsf10583/nsf10583.htm,Interface between Computer Science and Economics & Social Science,"The histories and intellectual approaches of social and economic science and computer science have been strongly influenced by the crosscurrents among them.   Worst-case computational complexity analysis, so prevalent in computer science, is a form of game-theoretic analysis - perhaps not surprising considering that one of the founders of game theory, John von Neumann, was also a pioneering figure in computer science.  Game theory is widely used in social and economic science.  Social and economic scientists use concepts that are linked to computer science.  For example, decision scientists and economists consider the bounded rationality of individuals making economic decisions; one aspect of bounded rationality is that economic agents may be limited by their ""computational"" resources, for example in evaluating complicated strategic situations."
403,https://www.nsf.gov/pubs/2008/nsf08586/nsf08586.htm,Science of Science and Innovation Policy,"The Directorate for Social, Behavioral and Economic Sciences (SBE) at the National Science Foundation (NSF) aims to foster the development of the knowledge, theories, data, tools, and human capital needed to cultivate a new Science of Science and Innovation Policy (SciSIP). The SciSIP program underwrites fundamental research that creates new explanatory models, analytic tools and datasets designed to inform the nation’s public and private sectors about the processes through which investments in science and engineering (S&E) research are transformed into social and economic outcomes. SciSIP’s goals are to understand the contexts, structures and processes of S&E research, to evaluate reliably the tangible and intangible returns from investments in research and development (R&D), and to predict the likely returns from future R&D investments within tolerable margins of error and with attention to the full spectrum of potential consequences. Specifically, the research, data collection and community development components of SciSIP’s activities will: (1) develop usable knowledge and theories of creative processes and their transformation into social and economic outcomes; (2) develop, improve and expand models and analytical tools that can be applied in the science policy decision making process; (3) improve and expand science metrics, datasets and analytical tools; and (4) develop a community of experts across academic institutions and disciplines focused on SciSIP.  For purposes of this solicitation, the term “science metrics” refers to quantitative measures or indicators that provide summary information on the size, scope, quality, and impact of science and engineering activities, with particular focus on inputs and outputs of the science, technology and innovation system. Characterizing the dynamics of discovery and innovation is important for developing valid metrics, for predicting future returns on investments, for constructing fruitful policies, and for developing new forms of workforce education and training."
404,https://www.nsf.gov/pubs/2008/nsf08520/nsf08520.htm,Science of Science and Innovation Policy,"The Directorate for Social, Behavioral and Economic Sciences (SBE) at the National Science Foundation (NSF) aims to foster the development of the knowledge, theories, data, tools, and human capital needed to cultivate a new Science of Science and Innovation Policy (SciSIP). The SciSIP program underwrites fundamental research that creates new explanatory models, analytic tools and datasets designed to inform the nation’s public and private sectors about the processes through which investments in science and engineering (S&E) research are transformed into social and economic outcomes. SciSIP’s goals are to understand the contexts, structures and processes of S&E research, to evaluate reliably the tangible and intangible returns from investments in research and development (R&D), and to predict the likely returns from future R&D investments within tolerable margins of error and with attention to the full spectrum of potential consequences. Specifically, the research, data collection and community development components of SciSIP’s activities will: (1) develop usable knowledge and theories of creative processes and their transformation into social and economic outcomes; (2) develop, improve and expand models and analytical tools that can be applied in the science policy decision making process; (3) improve and expand science metrics, datasets and analytical tools; and (4) develop a community of experts across academic institutions and disciplines focused on SciSIP.  For purposes of this solicitation, the term “science metrics” refers to quantitative measures or indicators that provide summary information on the size, scope, quality, and impact of science and engineering activities, with particular focus on inputs and outputs of the science, technology and innovation system. Characterizing the dynamics of discovery and innovation is important for developing valid metrics, for predicting future returns on investments, for constructing fruitful policies, and for developing new forms of workforce education and training."
405,https://www.nsf.gov/pubs/2007/nsf07547/nsf07547.htm,Science of Science and Innovation Policy,"The Directorate for Social, Behavioral and Economic Sciences (SBE) at the National Science Foundation (NSF) aims to foster the development of the knowledge, theories, data, tools, and human capital needed to cultivate a new Science of Science and Innovation Policy (SciSIP).  SciSIP will underwrite fundamental research that creates new explanatory models and analytic tools designed to inform the nation’s public and private sectors about the processes through which investments in science and engineering (S&E) research are transformed into social and economic outcomes.  SciSIP’s goals are to understand the contexts, structures and processes of S&E research, to evaluate reliably the tangible and intangible returns from investments in research and development (R&D), and to predict the likely returns from future R&D investments within tolerable margins of error and with attention to the full spectrum of potential consequences. Specifically, the research and community development components of SciSIP’s activities will:  (1) develop usable knowledge and theories of creative processes and their transformation into social and economic outcomes (2) develop, improve and expand models and analytical tools that can be applied in the science policy decision making process; and (3) develop a community of experts across academic institutions focused on SciSIP.  Characterizing the dynamics of discovery and innovation is important for developing valid metrics, for predicting future returns on investments, for constructing fruitful policies, and for developing new forms of workforce education and training."
406,https://www.nsf.gov/pubs/2010/nsf10564/nsf10564.htm,Expeditions in Computing (nsf10564),"The far-reaching impact and rate of innovation in the computing and information disciplines has been remarkable, generating economic prosperity and enhancing the quality of life for people throughout the world. But the best is yet to come!The Directorate for Computer and Information Science and Engineering (CISE) has created the Expeditions in Computing (Expeditions) program to provide the CISE research and education community with the opportunity to pursue ambitious, fundamental research agendas that promise to define the future of computing and information."
407,https://www.nsf.gov/pubs/2013/nsf13563/nsf13563.htm,Expeditions in Computing,"The far-reaching impact and rate of innovation in the computing and information disciplines has been remarkable, generating economic prosperity and enhancing the quality of life for people throughout the world."
408,https://www.nsf.gov/pubs/2008/nsf08568/nsf08568.htm,Expeditions in Computing,"The far-reaching impact and rate of innovation in the computing and information disciplines has been remarkable, generating economic prosperity and enhancing the quality of life for people throughout the world.  But the best is yet to come!"
409,https://www.nsf.gov/pubs/2007/nsf07592/nsf07592.htm,Expeditions in Computing,"The far-reaching impact and rate of innovation in the computing and information disciplines has been remarkable, generating economic prosperity and enhancing the quality of life for people throughout the world.  But the best is yet to come!"
410,https://www.nsf.gov/pubs/2020/nsf20553/nsf20553.htm,Gen-4 Engineering Research Centers,"The ERC program supports convergent research that will lead to strong societal impact. Each ERC has interacting foundational components that go beyond the research project, including engineering workforce development at all participant stages, a culture of diversity and inclusion where all participants gain mutual benefit, and value creation within an innovation ecosystem that will outlast the lifetime of the ERC. The logical reasoning that links the proposed activities to the identified goals for each ERC should be clear."
411,https://www.nsf.gov/pubs/2019/nsf19599/nsf19599.htm,EMERGING FRONTIERS IN RESEARCH AND INNOVATION,"The Emerging Frontiers in Research and Innovation (EFRI) program of the NSF Directorate for Engineering (ENG) serves a critical role in helping ENG focus on important emerging areas in a timely manner. This solicitation is a funding opportunity for interdisciplinary teams of researchers to embark on rapidly advancing frontiers of fundamental engineering research. For this solicitation, we will consider proposals that aim to investigate emerging frontiers in one of the following two research areas:"
412,https://www.nsf.gov/pubs/2005/nsf05607/nsf05607.htm,Doctoral Dissertation Improvement Grants in the Directorate for Biological Sciences (DDIG),"The National Science Foundation awards Doctoral Dissertation Improvement Grants in selected areas of the biological sciences. These grants provide partial support of doctoral dissertation research to improve the overall quality of research. Allowed are costs for doctoral candidates to conduct research in specialized facilities or field settings away from the home campus, to participate in scientific meetings, and to provide opportunities for greater diversity in collecting and creativity in analyzing data than would otherwise be possible using only locally available resources."
413,https://www.nsf.gov/pubs/2017/nsf17553/nsf17553.htm,Mathematical Sciences Research Institutes (nsf17553) | NSF - National Science Foundation,"Mathematical Sciences Research Institutes are national resources that aim to advance research in the mathematical sciences through programs supporting discovery and dissemination of knowledge in mathematics and statistics and enhancing connections to related fields in which the mathematical sciences can play important roles. Institute activities help focus the attention of some of the best mathematical minds on problems of particular importance and timeliness. Institutes are also community resources that involve a broad segment of U.S.-based mathematical sciences researchers in their activities. The goals of the Mathematical Sciences Research Institutes program include advancing research in the mathematical sciences, increasing the impact of the mathematical sciences in other disciplines, and expanding the talent base engaged in mathematical research in the United States."
414,https://www.nsf.gov/pubs/2014/nsf14581/nsf14581.htm,Interdisciplinary Research in Hazards and Disasters,"Hazards SEES is a program involving multiple NSF Directorates and Offices (CISE, ENG, GEO, MPS, OIIA, and SBE) that seeks to: (1) advance understanding of the fundamental processes associated with specific natural hazards and technological hazards linked to natural phenomena, and their interactions; (2) better understand the causes, interdependencies, impacts, and cumulative effects of these hazards on individuals, the natural and built environment, and society as a whole; and (3) improve capabilities for forecasting or predicting hazards, mitigating their effects, and enhancing the capacity to respond to and recover from resultant disasters."
415,https://www.nsf.gov/pubs/2012/nsf12610/nsf12610.htm,Interdisciplinary Research in Hazards and Disasters,"The overarching goal of Hazards SEES is to catalyze well-integrated interdisciplinary research efforts in hazards-related science and engineering in order to improve the understanding of natural hazards and technological hazards linked to natural phenomena, mitigate their effects, and to better prepare for, respond to, and recover from disasters. The goal is to effectively prevent hazards from becoming disasters. Hazards SEES aims to make investments in strongly interdisciplinary research that will reduce the impact of such hazards, enhance the safety of society, and contribute to sustainability. The Hazards SEES program is a multi-directorate program that seeks to: (1) advance understanding of the fundamental processes associated with specific natural hazards and technological hazards linked to natural phenomena, and their interactions; (2) better understand the causes, interdependences, impacts and cumulative effects of these hazards on individuals, the natural and built environment, and society as a whole; and (3) improve capabilities for forecasting or predicting hazards, mitigating their effects, and enhancing the capacity to respond to and recover from resultant disasters."
416,https://www.nsf.gov/pubs/2020/nsf20514/nsf20514.htm,Navigating the New Arctic (NNA) (nsf20514) | NSF - National Science Foundation,"In 2016, the National Science Foundation (NSF) unveiled a set of ""Big Ideas,"" 10 bold, long-term research and process ideas that identify areas for future investment at the frontiers of science and engineering. The Big Ideas represent unique opportunities to position our Nation at the cutting edge of global science and engineering leadership by bringing together diverse disciplinary perspectives to support convergence research. As such, when responding to this solicitation, even though proposals must be submitted to the Directorate for Geosciences, once received, the proposals will be managed by a cross-Directorate team of NSF Program Directors."
417,https://www.nsf.gov/pubs/2019/nsf19511/nsf19511.htm,Navigating the New Arctic,"In 2016, the National Science Foundation (NSF) unveiled a set of “Big Ideas,” 10 bold, long-term research and process ideas that identify areas for future investment at the frontiers of science and engineering. The Big Ideas represent unique opportunities to position our Nation at the cutting edge of global science and engineering leadership by bringing together diverse disciplinary perspectives to support convergence research. As such, when responding to this solicitation, even though proposals must be submitted to the Directorate for Geosciences, once received, the proposals will be managed by a cross-disciplinary team of NSF Program Directors."
418,https://www.nsf.gov/pubs/2017/nsf17504/nsf17504.htm,Earth Sciences: Laboratory Technician Support,The Instrumentation and Facilities Program in the Division of Earth Sciences (EAR/IF) supports meritorious requests for infrastructure that promotes research and education in areas supported by the Division (see https://www.nsf.gov/div/index.jsp?div=EAR).
419,https://www.nsf.gov/pubs/2016/nsf16611/nsf16611.htm,Earth Sciences: Laboratory Technician Support (EAR/LTS) (nsf16611) | NSF - National Science Foundation,"The Instrumentation and Facilities Program in the Division of Earth Sciences (EAR/IF) supports meritorious requests for infrastructure that promotes research and education in areas supported by the Division (see https://www.nsf.gov/div/index.jsp?div=EAR). Under this solicitation EAR/IF will consider proposals for Laboratory Technician Support to provide for optimal and efficient operation of advanced instrumentation, analytical protocol development, and user training for Earth science research instrumentation."
420,https://www.nsf.gov/pubs/2019/nsf19613/nsf19613.htm,Formal Methods in the Field,"The Formal Methods in the Field (FMitF) program aims to bring together researchers in formal methods with researchers in other areas of computer and information science and engineering to jointly develop rigorous and reproducible methodologies for designing and implementing correct-by-construction systems and applications with provable guarantees. FMitF encourages close collaboration between two groups of researchers. The first group consists of researchers in the area of formal methods, which, for the purposes of this solicitation, is broadly defined as principled approaches based on mathematics and logic, including modeling, specification, design, program analysis, verification, synthesis, and programming language-based approaches. The second group consists of researchers in the “field,” which, for the purposes of this solicitation, is defined as a subset of areas within computer and information science and engineering that currently do not benefit from having established communities already developing and applying formal methods in their research. This solicitation limits the field to the following areas that stand to directly benefit from a grounding in formal methods: computer networks, cyber-human systems, distributed /operating systems, embedded systems, and machine learning. Other field(s) may emerge as priority areas for the program in future years, subject to the availability of funds."
421,https://www.nsf.gov/pubs/2006/nsf06570/nsf06570.htm,Instrument Development for Biological Research (IDBR),The Instrument Development for Biological Research (IDBR) Program supports the development of novel or of substantially improved instrumentation likely to have a significant impact on the study of biological systems at any level.
422,https://www.nsf.gov/pubs/2005/nsf05536/nsf05536.htm,Instrument Development for Biological Research (IDBR) nsf05536,The Instrument Development for Biological Research (IDBR) Program
423,https://www.nsf.gov/pubs/2018/nsf18595/nsf18595.htm,Infrastructure Innovation for Biological Research,"The Infrastructure Innovation for Biological Research (IIBR) solicitation supports new and innovative research in biological informatics, instrumentation and associated methods, as well as multidisciplinary approaches to these broad themes that address needs in basic biological research."
424,https://www.nsf.gov/pubs/2007/nsf07568/nsf07568.htm,Instrument Development for Biological Research,"The Instrument Development for Biological Research (IDBR) Program supports the development of novel instrumentation or instrumentation that has been improved by an order of magnitude or more in some aspects.  Supported instruments are anticipated to have a significant impact on the study of biological systems at any level. The IDBR Program also supports the development or major improvement of software for the operation of instruments or the primary analysis of instrument data where these software developments have the effect of improving instrument performance by at least an order of magnitude in some aspects. Proposals are encouraged for proof-of-concept development for entirely novel instrumentation. Proposals are encouraged for instrument developments that are expected to meet a broad need in the biological community in areas supported by NSF Biology programs.  Proposals are encouraged for instrumentation that does not currently exist in the form of a working prototype.  In the selection of projects for support, the program emphasizes the development of biological instrumentation that is not clinical or biomedical instrumentation."
425,https://www.nsf.gov/pubs/2016/nsf16532/nsf16532.htm,Software Infrastructure for Sustained Innovation (SI2: SSE & SSI) (nsf16532) | NSF - National Science Foundation,"Software is an integral enabler of computation, experiment and theory and a primary modality for realizing the Cyberinfrastructure Framework for 21st Century Science and Engineering (CIF21) vision, as described in NSF 10-015. Scientific discovery and innovation are advancing along fundamentally new pathways opened by development of increasingly sophisticated software. Software is also directly responsible for increased scientific productivity and significant enhancement of researchers' capabilities. In order to nurture, accelerate and sustain this critical mode of scientific progress, NSF has established the Software Infrastructure for Sustained Innovation (SI2) program, with the overarching goal of transforming innovations in research and education into sustained software resources that are an integral part of the cyberinfrastructure."
426,https://www.nsf.gov/pubs/2017/nsf17532/nsf17532.htm,Building Community and Capacity in Data Intensive Research in Education,"As part of NSF's Cyberinfrastructure Framework for 21st Century Science and Engineering (CIF21) activity, the Directorate for Education and Human Resources (EHR) seeks to enable research communities to develop visions, teams, and capabilities dedicated to creating new, large-scale, next-generation data resources and relevant analytic techniques to advance fundamental research for areas of research covered by EHR programs. Successful proposals will outline activities that will have significant impacts across multiple fields by enabling new types of data-intensive research. Investigators should think broadly and create a vision that extends intellectually across multiple disciplines and that includes—but is not necessarily limited to - areas of research funded by EHR."
427,https://www.nsf.gov/pubs/2003/nsf03526/nsf03526.htm,Microbial Genome Sequencing Program nsf03526,"As a collaborative, interagency effort, the National Science Foundation,"
428,https://www.nsf.gov/pubs/2015/nsf15563/nsf15563.htm,Building Community and Capacity in Data Intensive Research in Education (BCC-EHR) (nsf15563),"As part of NSF's Cyberinfrastructure Framework for 21st Century Science and Engineering (CIF21) activity, the Directorate for Education and Human Resources (EHR) seeks to enable research communities to develop visions, teams, and capabilities dedicated to creating new, large-scale, next-generation data resources and relevant analytic techniques to advance fundamental research for EHR areas of research. Successful proposals will outline activities that will have significant impacts across multiple fields by enabling new types of data-intensive research. Investigators should think broadly and create a vision that extends intellectually across multiple disciplines and that includes—but is not necessarily limited to—EHR areas of research."
429,https://www.nsf.gov/pubs/2016/nsf16597/nsf16597.htm,Ceramics (CER) (nsf16597) | NSF - National Science Foundation,"This program supports fundamental scientific research in ceramics (e.g., oxides, carbides, nitrides and borides), glass-ceramics, inorganic glasses, ceramic-based composites and inorganic carbon-based materials. Projects should be centered on experiments; inclusion of computational and theory components are encouraged. The objective of the program is to increase fundamental understanding and to develop predictive capabilities for relating synthesis, processing, and microstructure of these materials to their properties and ultimate performance in various environments and applications. Research to enhance or enable the discovery or creation of new ceramic materials is welcome. Development of new experimental techniques or novel approaches to carry out projects is encouraged. Topics supported include basic processes and mechanisms associated with nucleation and growth of thin films; bulk crystal growth; phase transformations and equilibria; morphology; surface modification; corrosion, interfaces and grain boundary structure; and defects."
430,https://www.nsf.gov/pubs/2014/nsf14545/nsf14545.htm,"Coupling, Energetics, and Dynamics of Atmospheric Regions","CEDAR is a broad-based, community-guided, upper atmospheric research program. The goal is to understand the behavior of atmospheric regions from the middle atmosphere upward through the thermosphere and ionosphere into the exosphere in terms of coupling, energetics, chemistry, and dynamics on regional and global scales. These processes are related to the sources of perturbations that propagate upward from the lower atmosphere as well as to solar radiation and particle inputs from above. The activities within this program combine observations, theory and modeling."
431,https://www.nsf.gov/pubs/2018/nsf18517/nsf18517.htm,"Resource Implementations for Data Intensive Research in the Social, Behavioral and Economic Sciences","As part of NSF’s Harnessing the Data Revolution (HDR), the Directorate for Social, Behavioral and Economic Sciences (SBE) seeks to develop user-friendly large-scale next-generation data resources and relevant analytic techniques to advance fundamental research in SBE areas of study. Successful proposals will, within the financial resources provided by the award, construct such databases and/or relevant analytic techniques and produce a finished product that will enable new types of data-intensive research. The databases or techniques should have significant impacts, either across multiple fields or within broad disciplinary areas, by enabling new types of data-intensive research in the SBE sciences."
432,https://www.nsf.gov/pubs/2003/nsf03612/nsf03612.htm,Universal Access,The Universal Access (UA) program supports fundamental research
433,https://www.nsf.gov/pubs/2020/nsf20566/nsf20566.htm,NSF Program on Fairness in Artificial Intelligence in Collaboration with Amazon,"NSF has long supported transformative research in artificial intelligence (AI) and machine learning (ML). The resulting innovations offer new levels of economic opportunity and growth, safety and security, and health and wellness, intended to be shared across all segments of society. Broad acceptance and adoption of large-scale deployments of AI systems rely critically on their trustworthiness which, in turn, depends on the ability to assess and demonstrate the fairness (including broad accessibility and utility), transparency, explainability, and accountability of such systems. For example, the behavior of algorithms for face recognition, speech, and language, especially when integrated into decision support systems applied across different segments of society, would benefit from new foundational research in fairness of AI systems."
434,https://www.nsf.gov/pubs/2007/nsf07579/nsf07579.htm,Emerging Frontiers in Research and Innovation 2008,"The Directorate for Engineering at the National Science Foundation has established the Office of Emerging Frontiers in Research and Innovation (EFRI) to serve a critical role in focusing on important emerging areas in a timely manner. The EFRI Office is launching a new funding opportunity for interdisciplinary teams of researchers to embark on rapidly advancing frontiers of fundamental engineering research. For this solicitation, we will consider proposals that aim to investigate emerging frontiers in the following two specific research areas: (1) Cognitive Optimization and Prediction: From Neural Systems to Neurotechnology (COPN), and (2) Resilient and Sustainable Infrastructures (RESIN).  EFRI seeks proposals with transformative ideas that represent an opportunity for a significant shift in fundamental engineering knowledge with a strong potential for long term impact on national needs or a grand challenge. The proposals must also meet the detailed requirements delineated in this solicitation."
