,names,descriptions,titles,research
0,"Agostinelli, Forest",Assistant Professor,Faculty,"['Artificial Intelligence, Deep Learning, Reinforcement Learning, Search, Bioinformatics']"
1,"Ahmad, Iftikhar",Assistant Professor,Faculty,"['Previous position Senior Scientist , Sensor Electronic Technology , Inc . Ph . D . Texas Tech UniversityResearch interests growth and study of ultra wide bandgap semiconductors including high aluminum content AlGaN , boron nitride and gallium oxide , fabrication of novel high power electronic and photonic devices , and computer simulation of these devices']"
2,"Alexeev, Oleg S.","Research Professor, Chemical Engineering",Faculty,"['Ph . D . , Boreskov Institute of Catalysis , Novosibirsk , RussiaM . S . , Novosibirsk State University , Novosibirsk , RussiaCatalytic processes on surfaces take place through sequences of elementary reactions involving adsorbed reactants , products , and reaction intermediates associated with active sites on the catalyst surface . Our research goals are focused on fundamental understanding of the structure of the metal support interface , structures of metal clusters on supports , and the influence of promoters on the structure and catalytic properties of supported metal clusters and aggregates . The objectives of our research program are pursued through an application of a combination of various experimental methods to the characterization of catalytic materials . Spectroscopic techniques , including TPD , TPR , FTIR , XPS , HRTEM , XRD , UV Visible , and EXAFS , are used to characterize active sites of catalysts and adsorbed species under actual conditions of catalysis . Considerable information gained from these techniques along with the chemisorption and catalytic data is used to establish the dependence of catalytic properties on metal cluster or particle sizes , the structure of active sites , and the structure of the metal support interface .']"
3,"Ali, Mohammod","Professor, Electrical Engineering",Faculty,"['SwearingenRoom 3A32301 Main StreetColumbia , SC 29208Dr . Mohammod Ali is a professor in the Department of Electrical Engineering at the University of South Carolina USC . As of July 2019 , he has been working as a Program Director at the National Science Foundation NSF under IPA Intergovernmental Personnel Act assignment in the Division of Electrical , Communications , and Cyber Systems for the Directorate of Engineering . Prof . Ali received his B . Sc . in Electrical and Electronic Engineering from the Bangladesh University of Engineering and Technology , Dhaka in 1987 . He received his M . A . Sc . and Ph . D . degrees in Electrical Engineering in 1994 and 1997 , respectively from the University of Victoria , British Columbia , Canada .']"
4,"Ammal, Salai C.","Research Assistant Professor, Chemical Engineering",Faculty,"['CV of Dr . Ammal pdfPh . D . , Bharathidasan University , India , 1998M . S . , Bharathidasan University , India , 1992']"
5,"Bakos, Jason D. ","Professor, Computer Science & Engineering",Faculty,"['computer architecture, reconfigurable computing, heterogeneous computing, high performance computing, embedded systems']"
6,"Banerjee, Sourav ","Associate Professor, Mechanical Engineering",Faculty,"['Wave Propagation, Ultrasonics, Acoustics, Metamaterials, Biomedical']"
7,"Bayat, Mahmoud",Research Associate Professor,Faculty,"['Structural Health Monitoring, Probabilistic Analysis, Nonlinear Vibrations, Machine Learning, Earthquake Eng']"
8,"Bayoumi, Abdel-Moez E. ","Professor Mechanical Engineering, Biomedical Engineering ",Faculty,"['300 Main StreetRoom A223Columbia , SC 29208Dr . Bayoumi has about 40 years teaching , research and industry experience . He is currently the Director of the McNair Aerospace Center , Director of the Center for Predictive Maintenance , Associate Dean for Corporate Relations and Professor of Mechanical and Biomedical Engineering . Prior to joining USC , he was Professor of Mechanical and Aerospace Engineering at North Carolina State University , a project manager at Hewlett Packard Company , and Professor of Mechanical and Materials Engineering at Washington State University . He has been actively involved in developing strong programs in mechanical , biomedical , nuclear and aerospace engineering . His research activities have been focused in mechanical behavior of materials , tribology , diagnosis and prognosis and life predictions of mechanical systems , manufacturing processes , health monitoring systems , condition based maintenance , and digital transformation . Dr . Bayoumi has received more than 35M in funding from the US Department of Defense , US Department of Energy , US National Science Foundation and various US industries . He has published over 150 journal and conference papers']"
9,"Benigni, Andrea","Affiliate Professor, Electrical Engineering",Faculty,"['SwearingenRoom 3A80301 Main StreetColumbia , SC 29208']"
10,"Berge, Nicole D.","Associate Professor, Civil and Environmental Engineering",Faculty,"['300 Main Street , Room C106Dr . Berge s research focuses on improving our understanding of how physical , chemical , and biological processes can be manipulated to promote sustainable waste treatment techniques that lead to carbon sequestration , energy generation , and or value added product production . Specific areas of exploration include the fate of disposed nanomaterials , pharmaceuticals , personal care products and endocrine disrupting compounds in bioreactor landfills thermochemical conversion of municipal solid waste increasing the energy yield from waste streams resource recovery from waste streams leachate treatment processes and the development and subsequent evaluation of innovative groundwater remediation technologies .']"
11,"Besmann, Theodore  M.","Professor and Smart State Chair, Mechanical Engineering",Faculty,['Nuclear fuel and waste materials']
12,"Bischoff, Jeff ","Adjunct Professor, Mechanical Engineering",Faculty,"['Dr . Bischoff s research and interests include Biomedical Engineering , passive mechanics of soft tissue , theoretical framework for modeling growth in tissue , analysis of structural and constitutive evolution in artificial tissue scaffolding , and constitutive testing and modeling of hypertrophic scars .']"
13,"Blanchette, James  Otto",Instructor,Faculty,"['Room A213300 Main StreetColumbia , SC 29208My research interests fall into the areas of design of cell instructive materials , delivery of therapeutics and tissue engineering . Specific projects include developing responsive delivery systems to expand the spectrum of chemotherapeutics which can be administered orally extending proper function of pancreatic islet cells following transplantation through genetic engineering and design of instructive hydrogel materials tracking hypoxic signaling in three dimensional cell aggregates and transplantation of mesenchymal stem cells to enhance vascularization . Skiles M L , Hanna B , Rucker L , Tipton A , Brougham Cook A and Blanchette J O . ASC spheroid geometry and culture oxygenation differentially impact induction of pre angiogenic behaviors in endothelial cells . Cell Transplantation , 24 11 , 2323 35 , 2015 .']"
14,"Boltin, Nicholas D.",Instructor,Faculty,"['Dr . Boltin s research focuses on developing decision support systems for the healthcare industry . Data Science is an interdisciplinary field that employs techniques from many disciplines such as mathematics , statistics , information science and computer science . The focus of our research is categorized into two broad areas One , to glean information from data utilizing analytical techniques including data mining , statistical analysis , dimension reduction , supervised and unsupervised machine learning , as well as predictive modeling . Two , design and evaluate translational informatic tools created to deploy sophisticated algorithms using the latest in software development and human computer interaction . Boltin N , Culley J , Valafar H Application of Dimensional Reduction and Artificial Neural Networks to Improve Emergency Department Triage during Chemical Mass Casualty Incidents . Article in Press 2018 . Boltin N , Valdes D , Culley JM , Valafar H Mobile Decision Support Tool for Emergency Departments and Mass Casualty Incidents EDIT Initial Study . Jmir Mhealth Uhealth 2018 , 6 6 .']"
15,"Booth, Kristen",Assistant Professor,Faculty,"['Power Electronics Reliability, Medium Frequency Transformer Optimization, Power Grid Resiliency']"
16,"Brookshire, Robert G., Ph.D.","Director of Graduate Studies / Professor, Integrated Information Technology ",Faculty,"['Innovation Center550 Assembly Street , Suite 1300Office 1309Columbia , SC 29208Dr . Robert G . Brookshire is a professor in the Integrated Information Technology Department in the College of Engineering and Computing at the University of South Carolina , Columbia , SC . He is the director of the Master of Health Information Technology program . He has taught at New York University , North Texas State University , the University of Virginia , and James Madison University . He is the co author of Using Microcomputers for Research Sage Publications , 1985 , and his articles have appeared in the Journal of Computer Information Systems , BYTE , Social Science Computer Review , Legislative Studies Quarterly , The European Journal of Operational Research , and other journals . He is past president of the Organizational Systems Research Association and editor of the Information Technology , Learning , and Performance Journal from 2001 to 2011 . ITEC 370 Records ManagementITEC 475 Mainframe SystemsITEC 552 Linux Programming and Administration']"
17,"Broughton, Earnie",Lead Software Developer for VTB/S3D ,Staff,"['Earnie is the Lead Software Developer on the Virtual Test Bed VTB and Smart Ship System Design S3D projects . In addition to writing code , he supervises the daily activities of the development team for both projects , including mentoring students on programming and professional development best practices . Other responsibilities include gathering stakeholder Navy , ESRDC Consortium , and private industry requirements and developing plans for integrating requirements and consortium research into S3D . Education']"
18,"Buell, Duncan A.",Chair Emeritus,Staff,"['Professor Buell s recent work has been in electronic voting systems and in digital humanities . He has been part of a team that is auditing election data in South Carolina and discovering problems in the process that lead to uncounted votes and to the absence of data to support the vote totals certified by the state . In digital humanities , he is co supervising work on Ward One App , a critical interactive for iPhone about urban renewal in Columbia SC and the University of South Carolina s role in evicting residents of the Ward One neighborhood adjacent to the university , and is engaged in the analysis of First Year English essays for linguistic characteristics and improvement of writing pedagogy . Professor Buell s past research interests included the algorithms and architectures for performing computations , such as those in discrete mathematics and text string processing , for which traditional computer architectures oriented toward floating point computations normally perform at a significantly reduced efficiency . One class of such problems are those computational problems in number theory for which fast integer arithmetic , often multiprecision arithmetic , is necessary . Another broad class of problems are those for which custom computing machines were devised . These include bit oriented computations such as those done in string processing , and image processing computations , for which one often needs substantial parallelism , but for which 8 bit or 12 bit arithmetic is often sufficient accuracy . At IDA CCS he directed the Splash 2 project building a custom computing machine that used Xilinx FPGAs as the compute elements and whose applications were programmed in VHDL .']"
19,"Caicedo, Juan","Department Chair, Civil and Environmental Engineering",Faculty,"['Dr . Caicedo s area of specialization is in Structural Engineering with emphasis in Structural Dynamics . His research interests include both numerical and experimental research in the areas of structural dynamics , model updating , structural health monitoring , earthquake engineering and structural control . Dr . Caicedo is member of the American Society of Civil Engineers , the Earthquake Engineering Research Institute , George E . Brown Jr . Network for Earthquake Engineering Simulation , the Society of Experimental Mechanics and the American Society of Engineering Educators . For a complete list of projects and publications visit the Structural Dynamics and Intelligent Infrastructure Lab website .']"
20,"Carrilho, Leo ","Adjunct Professor, Mechanical Engineering",Faculty,"['Dr . Leo Carrilho s research and interests include modeling and simulation of processes and phenomena in structural and thermal hydraulic design of PWR nuclear fuel and core components , using the FEA and the CFD methods .']"
21,"Carver, Wayne","Professor, Cell Biology and Anatomy",Faculty,"['School of Medicine Bldg 1 Room B 15 6439 Garners Ferry Road Columbia , SC 29209The ventricular wall of the heart is composed of contractile muscle cells and non muscle cell types including fibroblasts , endothelial cells and others . These cells are interconnected and supported by an elaborate extracellular matrix . Changes in the density and organization of the extracellular matrix are known to affect cardiovascular performance and have been correlated with heart disease . For instance , excessive accumulation of extracellular matrix or fibrosis is commonly associated with hypertension and myocardial infarction . Increased accumulation of extracellular matrix as seen during fibrosis results in a stiffer myocardium , which alters heart function . The extracellular matrix in the heart is produced largely by cardiac fibroblasts . The research in Dr . Carver s lab is focused on understanding how fibroblast behavior and gene expression are regulated in the heart . We are particularly interested in how chronic exposure to alcohol as seen during alcohol abuse results in myocardial fibrosis . Cell culture and animal models are being used to examine the regulation of fibroblasts in cardiovascular disease .']"
22,"Chandrashekhar, MVS","Associate Professor, Electrical Engineering",Faculty,"['Graphene, Chemistry, Plasmonics, SiC, Epitaxy']"
23,"Chao, Yuh J. ","Distinguished Professor Emeritus, Mechanical Engineering",Faculty,"['Dr . Chao s research and interests include theoretical and experimental studies on failure , fracture and fatigue of materials and structures , welding modeling for residual stress and distortion , impact mechanics for material characterization and failure criterion , biomechanics and nanomechanics , and the durability of PEM fuel cell systems . Cao , Yupeng Qian , Guian He , Yinbiao Niffenegger , Markus Chao , Yuh J , Constraint Assessment for Specimens Tested Under Uniaxial and Biaxial Loading Conditions , ASME Journal of Pressure Vessel Technology , 031401 7 , Vol . 140 , June 2018 . Wang Bo , Zhu Shiyang , Hao Peng , Bi Xiangju , DuKaifan , Chen Bingquan , Ma Xiangtao , Chao Yuh J . , Buckling of quasi perfect cylindrical shell under axial compression A combined experimental and numerical investigation , International Journal of Solids and Structures , 130 131 2018 232 247 .']"
24,"Chaudhry, Hanif",Mr. and Mrs. Irwin B. Kahn Professor,Faculty,"['Hydraulic Engineering, Water Resources Engineering, Hydraulic Transients']"
25,"Chen, Fanglin (Frank)","Associate Chair and Undergraduate Director, Mechanical Engineering",Faculty,"['Dr . Chen s research interests include synthesis and characterization of materials for energy conversion and storage , catalysis and electrocatalysis , composition , structure property relationship , ionic and electronic conducting ceramics , solid oxide fuel cells , solid oxide electrolysis cells , and gas separation membranes .']"
26,"Chen, Yinchao","Associate Professor, Electrical Engineering",Faculty,"['SwearingenRoom 3A34301 Main StreetColumbia , SC 29208']"
27,"Chen, Yuche",Assistant Professor,Faculty,"['AI-augmented simulation, emerging technologies, data sensing and analytics']"
28,"Cheng, Xu","Adjunct Professor, Mechanical Engineering",Faculty,"['Prof . Cheng has over 25 years research experience and about 10 years teaching experience . Currently he is professor at Karlsruhe Institute of Technology KIT in Germany and at Shanghai Jiao Tong University SJTU in China , and Director of the Division of Innovative Nuclear Systems at KIT . He has supervised or is supervising more than 20 PhD students in both KIT and SJTU and gives 4 lectures for both undergraduate and Master students . He has published over 100 papers . His main research fields are nuclear thermal hydraulics and nuclear safety .']"
29,"Cole, Casey",Instructor,Faculty,"['Computational Biology, Bioinformatics']"
30,"Coman, Paul",Post-Doctoral Fellow,Staff,"['thermodynamics, Li-ion safety']"
31,"Crichigno, Jorge",Associate Professor,Faculty,"['P4 programmable switches, Science DMZs, IoT Security']"
32,"Cui, Taixing",Assistant Professor,Faculty,"['School of Medicine Bldg 4 Room C 5 6439 Garners Ferry Road Columbia , SC 29209Ph . D . , Molecular Medicine , Ehime University School of Medicine , Japan , 2001M . D . , The Fourth Military Medical University , P . R . China , 1989']"
33,"De Backer, Wout",Research Assistant Professor,Staff,"['3D Printing, Fused Deposition Modeling, Additive Manufacturing']"
34,"Deng, Xiaomin ","Professor, Mechanical Engineering",Faculty,"['Solid mechanics, finite element, modeling and simulation, manufacturing process simulation, molecular dynamics simulation']"
35,"Devereux, Emily",Director of Proposal Development,Staff,"['Senior research administrator with over 18 years of research administration in community and economic development , with the past 13 years in university research administration leadership . Experience has concentrated in strategic research growth , strategic planning , research development , student research growth , and research administration . My research is focused on national university rankings and perceived biases in funding review processes based on administrative capacity and reputation . The goal of this research is to identify what contributes to perceived biases during federal and foundation agency reviews and what enables an institution to signal competitiveness to funding sponsors based on the Principal agent and resource dependency theories .']"
36,"Dillon, Anthony L",Internship Director,Staff,"['Innovation Center550 Assembly Street , Suite 1300Office 1321Columbia , SC 29208Mr . Dillon is the Director of Internships for the Department of Integrated Information Technology and clinical instructor for undergraduate and graduate programs within the IIT and MHIT programs . He has worked within the private and public sectors as it related to educational technology and brings numerous business partnerships and relationships to the university .']"
37,"Dougal, Roger A.","Department Chair, Electrical Engineering",Faculty,"['SwearingenRoom 3A79 301 Main Street Columbia , SC 29208Professor Dougal leads the Power and Energy Systems research group , where research principally focuses on power electronics but it also encompasses a wide range of associated technologies across a number of engineering departments . Dr . Dougal is a member of the Board of Directors of the Electric Ship Research and Development Consortium ESRDC , and in that capacity he oversees USC s activities related to new power generation , processing , and distribution technologies for ships , and coordination of those activities with other member schools . Prof . Dougal is also Site Director of the new NSF sponsored Industry University Cooperative Research Center for Grid connected Advanced Power Electronic Systems GRAPES . This joint project between USC and the University of Arkansas seeks to insert greater levels of advanced power electronics into the utility power grid to better realize a Smart Grid . Since 1996 , under sponsorship of the Office of Naval Research , Prof Dougal has overseen development of the Virtual Test Bed software , which is a comprehensive simulation and virtual prototyping environment for multidisciplinary dynamic systems . This environment is applied in studies of electric systems for navy ships , electrochemical power sources , hybrid power sources , power electronics , and controls . Dr . Dougal currently supervises about a dozen graduate students , several post doctoral scholars and research faculty , and a number of undergraduate researchers .']"
38,"Downey, Austin",Assistant Professor,Faculty,"['Real-Time Systems, Structural Health Monitoring']"
39,"Dryer, Frederick  L. ","Educational Foundation Distinguished Research Professor, Mechanical Engineering ",Faculty,"['300 Main Street , Rm A 122University of South CarolinaColumbia , SC 29208Dr . Dryer has over 45 years of applications driven fundamental research experience in thermal sciences heat transfer , fluid dynamics , physical chemistry , and chemical kinetics relevant to space and air breathing propulsion , fossil and renewable energy conversion related to ground transportation and stationary power generation , combustion related pollutant mitigation , and fire safety . Dr . Dryer s current research interests include chemistry chemical kinetics of fuels and hazardous waste materials as related to ignition , combustion , and emissions generation abatement petroleum derived fuels , including gasoline , diesel , gas turbine , and heavy fuel oil combustion properties non petroleum derived alternative fuels , their production , their chemical kinetic properties , and their ability to address U . S . energy security and reduction in net carbon cycle emissions as well as other pollutant concerns fire safety related issues on earth and in micro gravity environments solid phase gas phase interactions as related to particle burning phenomena and nano catalyst materials emissions from internal combustion engines , including hydrocarbons , nitrogen oxides , aerosol particulates emissions interactions including chlorine , sulfur and ash metals component effects in stationary energy conversion , chemical processing , and incineration .']"
40,"Eastman, Caroline M. ","Professor, Computer Science & Engineering",Staff,"['Professor Eastman s research interests focus on effective and efficient algorithms for information retrieval . When you want information , how easily and quickly can you find it ? Is it useful and correct when you do find it ? Her work in this area has addressed a broad spectrum of problems , from efficient file organizations to search interfaces and user interactions . She has also been working with colleagues on problems in database security . She is PI and co director with Professor Bowles for an NSF Research Experiences for Undergraduates site .']"
41,"Eberth, John F.","Associate Professor, Cell Biology and Anatomy",Faculty,"['biomechanics, mechanobiology, cardiovascular, biomedical engineering']"
42,"Ebner, Armin D.","Research Professor, Chemical Engineering",Faculty,"['Ph . D . , University of South Carolina , 2000B . S . , Catholic University of Chile , Chile , 1995Dr . Ebner s major research interest is the application of magnetic fields to the separation , collection and or manipulation of magnetic particles from a fluid medium , with particular emphasis in the use of high gradient magnetic separation HGMS principles . This technique consists on the use of fine ferromagnetic elements that as a result of the application of an external magnetic field become energized and create magnetic gradients large enough to collect particles that because of their small size and or low magnetism their collection cannot be otherwise realized . Today major emphasis and potential for HGMS is found in the medical area where the technique can be used to assist magnetic drug targeting for cancer treatment , restenosis , embolization control as well as for rapid detoxification .']"
43,"Eslambolchi Moghadam, Sara",Postdoctoral Researcher,Staff,"['Natural product, Medicinal plant, Drug discovery, Wound Healing']"
44,"Fan, Daping","Professor, School of Medicine, Biomedical Engineering",Faculty,"['School of Medicine Bldg 1 Room B 12 6439 Garners Ferry Road Columbia , SC 29209The rupture of vulnerable atherosclerotic plaques and the resulting thrombosis are the direct causes of heart attack and stroke , the No . 1 and No . 3 killers in the United States and many other developed countries . Atherosclerosis is both a lipid deposit disease and a chronic inflammatory condition . Macrophages are the primary cholesterol sinks as well as dominant inflammation machines in atherogenesis . Macrophage foam cell formation and inflammatory responses form a vicious cycle and promote atherogenesis . The goal of the research in our laboratory is to develop strategies to disrupt the vicious cycle and promote the regression of atherosclerotic plaques through restoring macrophage cholesterol homeostasis and controlling macrophage inflammation . Myeloid cells are the major cell component of the tumor microenvironment TME , whose interaction with malignant cells determines the aggressiveness of the tumor . Myeloid cells in TME are mainly myeloid derived suppressor cells MDSCs , dendritic cells , and tumor associated macrophages TAMs . In advanced tumors , due to the unique features in TME including hypoxia , abundance in cytokines chemokines and Toll like receptor TLR ligands , and an unusual metabolic profile , a complex signaling network tunes the dynamics and function of the myeloid cells in favor of cancer progression . Our research is focused on understanding this signal network and developing strategies to manipulate it to improve cancer treatment .']"
45,"Farkas, Csilla "," Professor and Associate Dean for Diversity, Engagement, and Inclusion, Computer Science and Engineering",Faculty,['information security']
46,"Farouk, Tanvir   I.","Associate Professor, Director of Graduate Studies, Mechanical Engineering",Faculty,"['Plasma, Energy, Combustion, Thermal-Fluid Science, Multi-physics Modeling']"
47,"Fenner, Stephen A. ","Professor, Computer Science & Engineering",Faculty,"['Professor Fenner s research interests are in the core theoretical foundations of computing computability and computational complexity , especially quantum computing and information .']"
48,"Fiedler, Kirk","Associate Professor, Computer Science & Engineering and Moore School of Business ",Faculty,"['Business, computer science']"
49,"Flora, Joseph",Associate Professor,Faculty,"['Dr . Flora s main research interests are in molecular modeling for environmental reactions , computer modeling of water quality engineering processes , and processes for water quality engineering .']"
50,"Gadala-Maria, Francis","Distinguished Professor Emeritus, Chemical Engineering",Staff,"['Swearingen Engineering CenterRoom 2C07301 Main StreetColumbia , SC 29208Ph . D . , Stanford University , 1979M . S . , Stanford University , 1974']"
51,"Gassman, Sarah",Associate Professor,Faculty,"['geotechnical, civil, engineering']"
52,"Gatzke, Edward P.","Associate Professor, Chemical Engineering, Biomedical Engineering",Faculty,"['Swearingen Room 3C05 301 Main Street Columbia , SC 29208Dr . Gatzke s research interests are in the area of process modeling , control , and optimization . Efficient operation of chemical processes requires a fundamental understanding of dynamic and nonlinear characteristics . A variety of controller formulations can be developed to reduce product variability and improve productivity . Estimation and diagnostic methods can be used to develop process information that cannot easily be directly acquired by instrumentation . Recently , new moving horizon formulations involving unknown values taking discrete values have been proposed . These applications require online solution to constrained mixed integer optimization problems . Ongoing research efforts include parallel programming efforts for mixed integer optimization , including parallel nonconvex nonseparable mixed integer outer approximation and parallel nonconvex branch and reduce methods . Application areas of interest include particulate processing , bio processes , and large scale systems .']"
53,"Gerdes, Jr., John H.",Undergraduate Director / Integrated Information Technology,Faculty,"['Innovation Center550 Assembly Street , Suite 1300Office 1315Columbia , SC 29208Ph . D . , Vanderbilt University , Nashville , Tenn . M . S . , Computer Science , Vanderbilt University , Nashville , Tenn . M . B . A . , Lehigh University , Bethlehem , Pa . M . Eng . , Mechanical Engineering , Cornell University , Ithaca , N . Y . B . S . , Cornell University , Ithaca , N . Y . Dr . John Gerdes is an associate professor in the Department of Integrated Information at the University of South Carolina , Columbia , S . C . He teaches software development , web site development , and database management . Dr . Gerdes holds a B . S . and M . Eng . in Mechanical Engineering from Cornell University , a M . B . A . from Lehigh University , a M . S . in Computer Science from Vanderbilt , and a Ph . D . in Information Systems from Vanderbilt . He has taught at Ohio State University , University of California Riverside , and Jia Tong University , Shanghai , China . His articles have appeared in the Communications of the ACM , Decision Support Systems , Transactions of the IIE , and other journals . He has authored two U . S . Patents , one dealign with measurement of coke temperature , and one for the development of a new public key certificate in support of user privacy . He is currently an associate editor for Electronic Commerce Research and Telecommunications Systems .']"
54,"Gholizadeh, Sona",Research Assistant Professor,Faculty,"['Engineering Education, Higher Education, Systems Analysis']"
55,"Gibbons, Joseph H.","Distinguished Professor Emeritus, Chemical Engineering",Staff,"['Ph . D . , University of Pittsburgh , 1961M . S . , University of Pittsburgh , 1958B . S . , University of South Carolina , 1956']"
56,"Ginn, Herbert L.",Professor,Faculty,"['SwearingenRoom 3A30 301 Main Street Columbia , SC 29208University of South CarolinaMississippi State University']"
57,"Giurgiutiu (Jurjutzu), Victor","Professor, Mechanical Engineering",Faculty,"['Dr . Giurgiutiu s research interests span active materials , smart structures , structural health monitoring , mechatronics , and other multi physics applied mechanics topics . Dr . Giurgiutiu has published several books and book chapters and many journal articles and conference papers . He is Fellow of the Royal Aeronautical Society RAeS and of the American Society of Mechanical Engineers ASME . He is Associate Editor of the Aeronautical Journal of RAeS .']"
58,"Glenn Jr., Odell",Instructor,Faculty,"['Fundamental Aspects of a Novel Technology for Abatement of Allergenic Proteins involved the development of an approach to potentially reduce the potency of asthma triggers produced in an indoor environment . Allergens are bound to dry dust particles in a home . The effectiveness of using dry ice , essential oils with CO2 through CFD modeling and an ELISA assay was investigated . My present passion is S . T . E . M education along with engineering education research . Investigating new and unique ways to teach undergraduates core fundamentals is key to both myself as an educator and to the student .']"
59,"Goharian, Erfan",Assistant Professor,Faculty,"['Integrated Water Resources Management, System Analysis, Hydroinformatics']"
60,"Gower, R. Michael","Assistant Professor, Chemical Engineering, Biomedical Engineering",Faculty,"['immunoengineering, Biomaterials']"
61,"Gray, Joshua",Instructor,Faculty,"['Experienced engineer with a diverse background ranging from educational instruction and mentoring roles , extensive experience in research and development environments , entrepreneurial start ups and community based non profit social work . Educational roles range from experience as a teaching assistant in graduate school chemical engineering laboratories , serving as a mentor and thesis committee member as an adjunct professor while working in the national laboratory system , and serving as a laboratory manager and instructor in the chemistry department at a state supported liberal arts university . R D experience primarily involves the application of electrochemical engineering to localized corrosion and sustainable energy applications . I have worked in such areas as materials compatibility and corrosion susceptibility of high temperature heat transfer fluids for solar energy , hydrogen storage and fuel cell applications , the development of alternative separations processes for used nuclear fuel , and battery component research and characterization . I participated in several start ups in the areas of fuel cell and hydrogen storage technologies , and am currently a co founder of a 501 c 3 nonprofit in the area of recovery from substance use disorder .']"
62,"Gross, Andrew J.",Assistant Professor,Faculty,"['Dr . Gross research interests center on the mechanical properties of materials . This includes the design , fabrication , and characterization of architected materials , especially those with nanoscale constituents as well as the use of full field experimental data for the calibration of material models .']"
63,"Gumina, Sharon",Instructor,Faculty,"['Innovation Center 550 Assembly Street , Suite 1300 Office 1317 Columbia , SC 29208Over 30 years experience as a developer , analyst , and educator in Information Technology . Cisco Academy Instructor in Cyber Security Operations and Routing and Switching CCNA 1 through CCNA 3 , version 7 . Developer using various tools including SQL Developer for Oracle and Visual Studio . Palo Alto Networks Authorized Cybersecurity Academy Instructor .']"
64,"Gürdal, Zafer ",Professor of Mechanical Engineering,Faculty,['Structural and Multidisciplinary Design …']
65,"Haj-Hariri, Hossein ",Dean,Faculty,"['fluid mechanics, thermal management, applied mathematics']"
66,"Harik, Ramy","Associate Professor, Mechanical Engineering",Faculty,"['Dr . Harik , a Fulbright Scholar , is a faculty member in the Department of Mechanical Engineering at the University of South Carolina and a resident researcher at the McNAIR Center for Aerospace Innovation and Research . He is currently a visiting Research Scientist at NASA Langley , conducting research in Automated Fiber Placement . His education joins Mechanical Engineering Masters of Science , Automated Manufacturing Engineering Technology Masters of Science and Industrial Mechanical Engineering Doctor of Philosophy . He mainly teaches courses in Computer Aided Design CAD , Manufacturing and Computer Aided Manufacturing CAM . Dr Harik is an Associate Editor of the Computer Aided Design Applications international journal . He has more than 3 million USD in funding from Boeing , NASA , SC Department of Commerce , Fokker Aerostructures , Dassault Aviation funded as a student and several other agencies . He is the recipient of the 2016 Outstanding Young Educator Award from Pi Tau Sigma Honor Society at the University of South Carolina . Dr . Harik is the chair of ACE 15 , ACE 16 and ACE 17 Technical Symposiums South Carolina Aerospace Conference and Exhibition and was the chair of the PLM 16 International Conference held in Columbia , South Carolina . Dr . Harik s textbook for Manufacturing Education featuring both traditional and emergent manufacturing topics .']"
67,"Henrich, Silke","Undergraduate Director, Biomedical Engineering",Faculty,['Biomedical Engineering1200 Catawba StRoom 202']
68,"Heyden, Andreas","Director of Graduate Studies, Chemical Engineering",Faculty,"['Computational Catalysis, Multiscale Modeling, Biomass Catalysis, Electro-Catalysis, Uncertainty Quantification']"
69,"Hikmet, Neset",Professor,Faculty,"['Health Information Technology, Health Informatics, Information Systems']"
70,"Hoque, Shamia",Associate Professor,Faculty,"['Metamodel, Healthy buildings, Sustainable technology, Transportation and Environment']"
71,"Hu, Jianjun","Associate Professor, Graduate Recruiting Coordinator, Computer Science & Engineering",Faculty,"['Deep learning, machine learning, materials informatics, bioinformatics, evolutionary computation']"
72,"Hu, Ming",Associate Professor,Faculty,"['Dr . Hu s research interests include modeling and simulation of micro nano scale thermal transport in novel energy systems , in particular low dimensional materials and nanostructures , and energy nanotechnology , interfacial heat transfer for advanced thermal management , and multi scale and multiphysics modeling of complex energy transport process . Full list of publications']"
73,"Huang, Chin-Tser","Professor, Computer Science & Engineering",Faculty,"['Network Security, Network Protocol Design and Verification, Distributed Systems']"
74,"Huang, Kevin ",Professor,Faculty,"['fuel cells, batteries, gas membranes, modeling, electrochemistry']"
75,"Huang, Xinyu ","Associate Professor, Mechanical Engineering",Faculty,"['fuel cell, composites, coating, durability']"
76,"Huhns, Michael N.",NCR Distinguished Professor Emeritus of Computer Science and Engineering,Staff,"['multiagent systems, service-oriented computing, ontologies, computer vision, distributed computing']"
77,"Humphries, Wilfred Kenneth",Dean Emeritus,Staff,"['Areas of research , teaching , and professional practice include soil dynamics , effects of blasting on structures , flexible pavements , soil stabilization , deep and shallow foundations , lateral earth pressures , and retaining walls . At present , Dr . Humphries serves as Senior Geotechnical Consultant for Terracon Consultants , Inc . , a national engineering firm with approximately 3 , 000 employees with locations in over 100 cities in the U . S . In recognition of Dr . Humphries service to the Engineering community , he has received numerous awards and honors including the Order of the Palmetto South Carolina s highest honor , the rank of Fellow by both ASCE and NSPE , South Carolina Engineer of the Year , the Public Service Award , the Letalier Cup , and the Government Employee of the Year , among others .']"
78,"Huray, Paul G.","Professor Emeritus, Electrical Engineering",Staff,"['SwearingenRoom 3A19301 Main StreetColumbia , SC 29208']"
79,"Huynh, Nathan","Professor, Director of Undergraduate Studies Civil and Environmental Engineering",Faculty,"['port operations, drayage, freight, logistics, health care']"
80,"Imran, Jasim",Distinguished Professor,Faculty,"['Unsteady free surface flow, sediment transport, mass gravity flows, turbidity currents, numerical and experimental modeling']"
81,"Jabbari, Esmaiel","Professor, Chemical Engineering, Biomedical Engineering",Faculty,"['Biomaterials, Tissue Engineering, Protein Delivery']"
82,"Jabbarzadeh, Ehsan","Professor, Chemical & Biomedical Engineering",Faculty,"['Swearingen Room 3C15301 Main Street Columbia , SC 29208The overarching theme of our research is the robust design and engineering of tissues through understanding and modeling of the environmental effects on stem cell differentiation and tissue remodeling and development . We are engineering microenvironments based on carbon nanotube arrays with finely controllable biophysical and biochemical properties for the investigation of molecular mechanisms associated with cell migration , proliferation and differentiation . Investigations in the lab revolve around how cells sense distinctive types of mechanical , biochemical and morphological cues and integrate them to generate an appropriate response . This work is complemented by a parallel effort to construct a single cell based mathematical model of intercellular signaling events that are linked to signaling outputs associated with fate commitment . In addition , our laboratory is actively pursuing the development of biomaterials that recapitulate the key characteristics of natural extracellular matrix for applications in bone and vascular tissue engineering . Yanez , J . Blanchette , E . Jabbarzadeh , Modulation of Inflammatory Response to Implanted Biomaterials Using Natural Compounds , Current Pharmaceutical Design , In Press .']"
83,"Jalilvand, Golareh",Research Assistant Professor,Faculty,"['Dr . Golareh Jalilvand is a Research Assistant Professor of the Chemical Engineering department at the University of South Carolina UofSC . She received her B . Sc . , M . Sc . and Ph . D . in Materials Science and Engineering prior joining the UofSC as a research faculty . During the course of her Ph . D . , She was the graduate research assistant in the Microelectronics Fabrication and Reliability lab at the University of Central Florida , where she worked on through silicon and glass via TSV TGV based 3D integration , thermo mechanical reliability of solder joints , and novel materials for interconnection , heterogeneous integration and packaging in micro nano electronics . Dr . Jalilvand s contributions to the field of thin films for 3D integrated microelectronics has been recognized in several national and international platforms . Prior to her research on microelectronics , she focused on thin films for solid oxide fuel cells and energy conversion for a green paradigm , where she studied new interconnect materials . Dr . Jalilvand s research interests include microstructure property relationships in interconnects for 3D integrated circuits 3D ICs . Assisted by machine learning methods developed through a collaboration with the department of Computer Science and Engineering of UofSC , she is currently working on microstructure optimization via unique electroplating techniques to enhance the reliability of 3D IC interconnects .']"
84,"Jamshidi, Pooyan ","Assistant Professor, Computer Science and Engineering",Faculty,"['Machine Learning Systems, Autonomic Computing, Computer Systems, Adversarial Machine Learning, Artificial Intelligence']"
85,"Kanapala, Neema ","Instructor, Computer Science and Engineering",Faculty,['Neema Kanapala teaches various undergraduate courses .']
86,"Karakalos, Stavros G.",Research Assistant Professor,Faculty,"['Understanding the reaction mechanism of various heterogeneous catalytic processes is of fundamental importance for our group . The main goal of a catalyst is to increase the rate of a reaction . This is achieved by creating new energetic pathways for the reaction , through the interaction of the catalyst and the reactants . The interaction can lead to new intermediates and lower activation energies . To this end , the study of model systems is important in order to draw safe conclusions . Important information derived from the study of model catalysts is that a surface can undergo structural and electronic changes during the reaction . The use of efficient techniques under Ultra High Vacuum and the in situ study of catalysts is more than a necessity . In our group we use X Ray and Synchrotron Radiation Photoelectron Spectroscopy XPS , SRPES , NAP XPS , X Ray induced Auger Electron Spectroscopy XAES , Ultra Violet Photoelectron Spectroscopy UPS , Temperature Programmed Desorption TPD , TPRS , Secondary Ion Mass Spectroscopy SIMS and in situ Catalytic treatments , to determine the structure , composition and electronic properties of the outermost atomic layers of solid materials .']"
87,"Karakchi, Rasha",Instructor,Faculty,"['Heterogeneous Computing, FPGA overlay, Data Analytics, Special-Purpose processors']"
88,"Khan, Asif","Professor, Carolina Distinguished Professor, Electrical Engineering",Faculty,"['SwearingenRoom 3A26301 Main StreetColumbia , SC 29208']"
89,"Khan, Jamil   A.",Director of College Faculty Affairs,Faculty,"['Dr . Khan s research interest include modeling of manufacturing processes , temperature distribution during machining , heat transfer and fluid flow with phase change solidification melting in casting , welding , computational and experimental fluid dynamics related to contaminants transport in rooms , heat transfer in porous media , micro channel heat transfer , thermodynamic analysis of IC Engines , CFD analysis of combustion processes etc .']"
90,"Kidane, Addis ","Associate Professor, Mechanical Engineering",Faculty,"['Multifunctional Materials, Dynamic behavior of Materials, Digital Image correlation']"
91,"Knight, Travis W.","Interim Chair and Professor, Mechanical Engineering",Faculty,"['Dr . Knight s research and interests are in the areas of Advanced nuclear fuels and materials , Nuclear safeguards , Nuclear fuel cycle , Alternative uses of nuclear power including hydrogen , space nuclear power and propulsion .']"
92,"Koppel, Tarmo",Postdoctoral Researcher,Staff,"['Tarmo Koppel s research topics include AI applications in business virtual assistants chatbots , decision support , productivity enhancement , industry 4 . 0 , Internet of things IoT , smart manufacturing , smart workplaces , sensor networks , remote sensing , health and safety monitoring , threat assessment and risk management and other .']"
93,"Lauterbach, Jochen","Professor, Chemical Engineering",Faculty,"['Heterogeneous catalysis, CO2 conversion, high-throughput screening, machine learning, ammonia decomposition and synthesis']"
94,"Lee, Dongkyu",Assistant Professor,Faculty,"['Oxide electrocatalysis, Nanostructured oxides, Energy applications']"
95,"Lessner , Susan M.","Associate Professor, School of Medicine",Faculty,"['School of Medicine Bldg 1 Room C 38 6439 Garners Ferry Road Columbia , SC 29209Dr . Lessner s work focuses on the vascular biology and biomechanics of atherosclerosis , with an emphasis on mechanical failure plaque rupture and intraplaque angiogenesis . Atherosclerotic plaque rupture is a leading cause of acute cardiovascular events such as heart attack and stroke . Evidence suggests that plaque rupture results from an adverse interaction between biomechanical and biological factors . Our research focuses on understanding the interplay between both these types of factors , in order to develop methods to reduce the incidence of plaque rupture . On the biological side , we are particularly interested in intraplaque angiogenesis , or new blood vessel growth , as a destabilizing factor in plaque progression . We use transgenic mouse models and human endarterectomy specimens to examine the relationships between mechanical loading environment , matrix organization , and mechano sensitive gene expression . On the biomechanics front , we study micromechanics of arterial tissue failure in plaque rupture and arterial dissection , and we aim to develop methods to identify patients at elevated risk of acute cardiovascular syndromes where material failure plays a major role . We use both experimental and computational approaches to understand artery wall failure mechanisms . I collaborate with faculty in Mechanical Engineering at UofSC , together with vascular surgeons at Greenville Hospital , Palmetto Health , and MUSC .']"
96,"Lewis, Jeremy ","Instructor, Computer Science and Engineering",Faculty,['Jeremy Lewis teaches various undergraduate courses .']
97,"Li, Chen ","Professor, Mechanical Engineering",Faculty,"['Dr . Li s research interest are micro nano scale two phase heat and flow physics , prediction , control and modeling . Aim at basic research in developing and verifying theories for two phase transport behaviors and the application of these theories towards controlling two phase heat and flows at micro nano scale .']"
98,"Liu, Chang","Assistant Professor, Chemical Engineering, Biomedical Engineering",Faculty,"['Project 1 Point of care diagnostics for resource limited settings . Nanopores are capable of ultrasensitive quantitation of single proteins peptides , and thus permit monitoring of low abundance circulating biomarkers . The goal of this project is to develop a portable in vitro diagnostics assay using Nanopore technology for rapid diagnosis and treatment monitoring of infectious diseases e . g . Tuberculosis , HIV in resource limited and high burden areas . For future clinical translation , we are working with clinicians to validate the assay s performance on 1 detection of active Tuberculosis and 2 risk assessment of HIV maternal fetal transmission . Project 2 Translational biomarkers and biosensors to enable personalized medicine . Most cell types abundantly secrete extracellular vesicles EVs , including tumor cells that usually show increased EV secretion levels . Similar to cells , EVs are composed of a lipid bilayer and can contain all the molecular components of a cell , such as proteins , lipids , RNA and DNA fragments that reflect the phenotypic state of their cell of origin . These biomolecules are excellent candidates for diagnostic and prognostic biomarkers . Our work has been focused on isolation of circulating EVs using nanomaterials and microfluidics based technologies , and identification of novel proteomics genomics biomarkers inside them to enable early detection and personalized treatment regimens for cancer patients . Project 3 Nanostructure based tools for fundamental biochemical studies . Generic biosensing platforms for fundamental biochemical studies can inform medical and pharmaceutical research . We are developing nanostructure based localized surface plasmon resonance LSPR biosensors to study biomolecule interactions . Nanostructures covered with lipid bilayers can mimic bacteria cell membranes , possess similar two dimensional fluidity , and be readily engineered to contain specific lipids and proteins . LSPR signal from such nanostructures can indicate the binding kinetics of biomolecules and lipid bilayers , with potential applications for drug development and drug resistance studies .']"
99,"Loiselle, Val","Adjunct Professor, Mechanical Engineering",Faculty,"['Professor Loiselle s research and interests include nuclear engineering , environmental remediation , emphasis on waste management and disposal of EPA pond closures and metal recycle manufacturing .']"
100,"Luo, Lannan ","Assistant Professor, Computer Science and Engineering",Faculty,"['Sofware and Systems Security, Mobile Security, Software Engineering, Programming Language, Deep Learning']"
101,"Lyons, Jed ",Senior Associate Dean for Academic Affairs,Faculty,"['As the Senior Associate Dean for Academic Affairs , Dr . Lyons directs undergraduate recruitment , retention , and graduation activities . He provides college oversight for academic programs at all levels , manages academic resources and assessment services , directs K 12 outreach activities , and is part of the college s communications and marketing team . His research includes engineering education and engineering materials . Jed Lyons received his PhD in Mechanical Engineering from the Georgia Institute of Technology . In 1990 , he joined the University of South Carolina as an Assistant Professor in the Department of Mechanical Engineering , where he advanced to full Professor and served as Mechanical Engineering Undergraduate Director . In 2004 , he helped create a university wide Center for Teaching Excellence , where he served as the first Faculty Director from 2006 to 2012 . Lyons was appointed as the Associate Dean for Academic Affairs in the College of Engineering and Computing in 2012 and promoted to Senior Associate Dean in 2017 . Lyons was elected as a Fellow of the American Society for Engineering Education ASEE in 2009 . He was a founding member of the K 12 Engineering Division of ASEE , and has served as Chair and Executive Committee member of this Division . Lyons has also served the Mechanical Engineering Division of ASEE as Executive Committee Member , Secretary , Program Chair , and Division Chair . Lyons scholarship in the areas of mechanical engineering and engineering education includes over 8M in funded research and implementation projects . He has mentored over 200 research assistants , teaching assistants , teaching fellows and K 12 teacher researchers . In addition to ASEE Fellow status , Lyons works as an engineering educator has been recognized with Georgia Tech s Outstanding Young Alumni award 1996 . UofSC awards include the Michael J . Mungo Undergraduate Teaching award 2003 , Bedenbach Distinguished Service award 2006 , Litman Distinguished Professor award 2004 , and Educational Foundation Award for Outstanding Faculty Service 2019 . Lyons is a registered Professional Engineer in the State of South Carolina .']"
102,"Mandal, Krishna","Professor, Electrical Engineering",Faculty,"['SwearingenRoom 3A38301 Main StreetColumbia , SC 29208']"
103,"Matolak, David","Professor, Electrical Engineering",Faculty,"['SwearingenRoom 3A28301 Main StreetColumbia , SC 29208']"
104,"Matta, Fabio","Graduate Director, Civil and Environmental Engineering",Faculty,"['Dr . Matta s team conducts experimental and theoretical research on construction materials and their structural performance , ranging from affordable and high quality earth masonry to advanced cement and polymer matrix composites , with an emphasis on extreme stressors . Areas of interest include affordable and high quality dwelling structures for hazard mitigation strengthening and repair of civil structures multi scale and multi functional reinforcement for cement composites and concrete load testing , monitoring and assessment of constructed facilities and corrosion in steel and concrete structures . Research sponsors include the National Science Foundation , the US Department of Energy , the National Institute of Standards and Technology , and industry .']"
105,"Matthews, Catherine","Instructor, Computer Science & Engineering",Faculty,['Instructor for CSCE 101 and 102 classes .']
106,"Matthews, Manton M","Professor, Computer Science & Engineering ",Staff,"['Graph Theory, Security, Natural language processing']"
107,"Matthews, Michael A.",Associate Vice President for Research | Senior Associate Dean for Research and Graduate Programs,Faculty,"['Professor Mike Matthews obtained his Ph . D . in 1986 from Texas A M University . He joined the University of South Carolina in 1994 . He teaches and conducts research in the broad field of thermodynamics , with projects related to hydrogen storage in chemical hydrides , biomedical engineering , and green chemistry . He has raised over 10M in research funding and has published approximately 70 journal papers . He has served as department chair , associate dean , and chair of the Industrial and Engineering Chemistry Division of the American Chemical Society ACS . Currently he serves on the Committee on Environmental Improvement of ACS . He is a Fellow both of the American Chemical Society and the American Institute of Chemical Engineers . Two major research thrusts are underway in his group . The first deals with applications of supercritical carbon dioxide for biomedical applications . Funding from the National Institute of Biomedical Imaging and Bioengineering has focused on development of novel technology for sterilization and disinfection of synthetic and natural biomaterials . Funding from the National Institute of Environmental Health Sciences is aimed at abatement of indoor allergenic proteins and other respiratory hazards . Dr . Matthews founded CarboNix LLC with the aid of three SBIR grants from the NIEHS . The second thrust is in utilization of chemical hydrides as a hydrogen storage medium , with application in PEM fuel cells . Funding from NSF and DOE has led to expanded understanding of the role of deliquescence in the reaction between water vapor and sodium borohydride . In addition , improved understanding of the hydration states of the reaction products is important in decreasing the total water utilization in this reaction .']"
108,"McAnally, A. Steve",Associate Professor,Faculty,"['Dr . McAnally s research interests focus on water and wastewater treatment , particularly appropriate technology applications for developing communities . Recent research projects include optimization studies for potable water production using low cost portable water treatment units . Other research areas include water treatment for heavy metals removal and corrosion control , industrial waste minimization , constructed wetland applications for industrial and municipal wastewater treatment and education reform in civil and environmental engineering .']"
109,"McCants, Dale ","Instructor, Mechanical Engineering",Faculty,"['Dr . McCants research interests include nanofluids heat transfer mechanics , electronics thermal management , experimental and computational fluid dynamics with heat transfer .']"
110,"McNeill, Stephen ","Associate Professor, Mechanical Engineering",Faculty,"['Dr . McNeill s research and interests include computer vision , digital image correlation , microprocessors , experimental mechanics and reverse engineering .']"
111,"Meekins, Benjamin H.",Research Assistant Professor,Faculty,"['Solar energy, hydrogen generation, solid state electrochemistry, electrochemistry, photoelectrochemistry']"
112,"Mobli, Mostafa",Instructor,Faculty,"['Interested in numerical solutions to problems involving reactive flows and heat transfer . Focused on developing new numerical methods and applying previously developed methods to analyze a wide range of fluid flow and heat transfer applications . Specially focused on continuous methods to simulate phase change on a micro nano scale used in various cooling industries , and thermal analysis of glow discharge to show importance of an accurate temperature analysis in glow discharge simulations .']"
113,"Monnier, John R.","Professor, Chemical Engineering",Faculty,"['Swearingen Engineering CenterRoom 3C04301 Main StreetColumbia , SC 29208Ph . D . , University of Wisconsin Milwaukee , 1978M . S . , University of Wisconsin Milwaukee , 1972B . S . , St . Ambrose University , 1970My research group focuses on heterogeneous catalysis , ranging from rational catalyst design and synthesis to characterization and evaluation . Current interests are in the design and synthesis of novel bimetallic catalysts for the selective transformation of hydrocarbons to higher value chemicals and for higher output PEM fuel cells . Bimetallic catalysts afford great opportunities for changing performance , either by changing the catalyst surfaces into ensembles of catalytic sites that permit only selected reaction pathways , modifying the electronic properties of the catalytic surface sites , or by introducing bifunctionality to the active surface by placing different catalytic metals in contiguous proximity . Bimetallic catalyst synthesis is often carried out by either simultaneous co impregnation of both metal salts onto the catalyst support or by successive steps of metal salt addition . For either of these preparative methods , it is virtually impossible to ensure formation of only bimetallic particles rather , formation of separate metallic particles of both metals can and does occur . Thus , it is very difficult to characterize such catalytic systems , and even more difficult to correlate catalyst performance with bimetallic catalyst composition . Our laboratory uses electroless deposition ED , whereby a controlled chemical reaction is used to deposit a metal salt onto a catalytic metal site that has been activated by a reducing agent . The process may be either catalytic deposition of the metal salt metal A from solution onto the pre existing metal metal B on the support or autocatalytic deposition of the metal salt metal A onto the just reduced , deposited metal metal A , depending on the nature of the activated metal site and the reducing agent . In principle , ED should result in the selective deposition of the secondary metal onto a metallic surface with no formation of isolated crystallites of the secondary metal on the catalyst support . Perhaps most importantly , ED is an industrially relevant process that can be applied to a wide range of metals . We have prepared a large number of bimetallic catalysts using electroless deposition . Those supported on carbon , such as Pt Co , Pt Pd , and Pt Rh have been tested as electrocatalysts for PEM fuel cells , while silica supported compositions such as Ag Pt , Au Pd , and Cu Pd have been evaluated for traditional catalytic reactions such as selective epoxidation of olefins , selective oxidation of biomass molecules such as glycerol , and selective hydrogenation of multi functional olefins . Reactions are conducted in either automated , single pass plug flow reactors six in all or two high pressure batch or stirred tank reactors . Our research projects are currently funded by NSF , DOE , and several industrial companies .']"
114,"Morehouse, Jeff ",Associate Professor Emeritus,Faculty,"['Dr . Morehouse and his students have investigated a broad range of thermodynamic heat engine applications , ranging from space based fuel cell power systems to ground coupled heat pumps to phase change storage systems . Dr . Morehouse has long been associated with solar energy system design and analysis and is currently involved in a conventional HVAC control project and with evaporative system applications in humid climates .']"
115,"Moss, Melissa Ann",Department Chair of Chemical Engineering,Faculty,"['Swearingen301 Main StreetRoom 3C15Columbia , SC 29208Professor Moss s research focuses on the involvement of protein aggregation in Alzheimer s disease . One hallmark of Alzheimer s disease is the senile plaques that accumulate in the brain where they are associated with neuronal loss and in the cerebrovasculature where they may perpetuate stoke . These plaques are composed primarily of the amyloid protein A . A aggregates into fibrils that deposit to yield plaques . Consequently , inhibition of A aggregation has emerged as one therapeutic approach for Alzheimer s disease . The focus of our research is to understand this aggregation process and to identify and characterize inhibitors that attenuate A aggregation . We utilize a myriad of biophysical techniques including chromatography , fluorescence spectroscopy , static and dynamic light scattering , Western blotting , dot blotting , electron microscopy , and atomic force microscopy . Furthermore , we seek to determine how various A aggregation products affect both neuronal and vascular cells . In particular , we are interested in Ab stimulation of neuronal apoptosis and endothelial inflammatory responses , including NF kB activation . Correlating changes in Ab aggregation with cellular effects will assist research efforts to design effective therapeutic agents for Alzheimer s disease therapy .']"
116,"Mullen, Robert L",Professor,Faculty,"['Room C118300 Main St . Columbia , SC 29208T Tr 1 00 pm 2 00 pm']"
117,"Mustain, William E","Professor, Chemical Engineering",Faculty,"['Electrocatalysis, Batteries, Synthesis, Electrochemical Engineering']"
118,"Nelakuditi, Srihari","Professor, Computer Science & Engineering",Faculty,"['Computer Networking, Wireless Networking, Mobile Computing']"
119,"Nezhad, Cyrus Riahi",Senior Instructor,Faculty,"['300 Main Street Room A 113Columbia , SC , 29208Dr . Riahi Nezhad s broad areas of specialization are based on innovative combinations of fluid mechanics , separation science , and heterogeneous catalysis . These include 1 Separations enhanced by electric fields including electro mixing , drop electro coalescence with applications in biofuel production , radioactive waste treatment , and tannery waste water treatment , 2 High liquid flow in packed towers for optimal gas liquid phase interaction , 3 Synthesis and characterization of mesoporous heterogeneous catalysts for oxidative destruction of volatile organic compounds with applications in automotive exhaust emission control , 4 Application of nano catalysts for hydrogen production using water gas shift reaction , 5 Gas engine driven air conditioning GEDAC for heating and cooling , 6 Hydraulic and fluid mechanics utilizing experimental and numerical analyses with applications that include flow through a breached levee and during levee closure .']"
120,"O'Kane, Jason","Professor, Associate Chair of Academics, Computer Science & Engineering",Faculty,['Robotics']
121,"O'Reilly, James","Instructor, Computer Science and Engineering",Faculty,['James O Reilly teaches various undergraduate courses .']
122,"Ortiz-Hernandez, Ivelisse","Instructor, Chemical Engineering College of Engineering and Computing",Faculty,"['Ph . D . , University of South Carolina , 2006B . Ch . E . , University of Puerto Rico , 2000Dr . Ortiz Hernandez background involves the study of heterogeneous catalytic systems under reaction conditions . Her research interest involves the development and characterization of new catalytic materials with applications in environmental and alternate energy systems . She is also interested in the use of analytical instrumentation techniques for the characterization of materials and the study of chemical reactions . Her experience involves the teaching and developing of new curriculums in the area of chemical engineering and chemical technology .']"
123,"Pain, Christopher C.","Adjunct Professor, Mechanical Engineering",Faculty,"['Dr . Pain is a Professor in the department of Earth Science and Engineering at Imperial College London ICL , UK . He is also head of the Applied Computation and Modelling Group AMCG , which is the largest research grouping at ICL and comprises of about 60 research active scientists . AMCG specialises in the development and application of innovative and world leading modelling techniques for earth , engineering and biomedical sciences . The group has core research interests in numerical methods for ocean , atmosphere and climate systems , engineering fluids including multiphase flows , neutral particle radiation transport , coupled fluids solids modelling with discrete element methods , turbulence modelling , inversion methods , imaging , and impact cratering . He was honored by Imperial College London by winning its Research Excellence Award in 2010 , in recognition his world leading research . Dr . Pain s academic interests are in general Computational Fluid Dynamics including multi phase flow , oceanography and geophysical fluid dynamics , nuclear safety , optimisation , numerical research , including parallel solution techniques , recurrent and feed forward neural networks , a priori error measures and mesh adaptivity , discretization techniques , resolution of linear and non linear equations , non linear dynamics , numerical shape description and differential geometry . He is the original author of general purpose parallel Computational Fluid Dynamics code Fluidity a foundation of the majority of his research activities and key to this proposal , with mesh adaptive multi phase and ocean modelling features . Inverse modelling has included anisotropic electrical inversion , 3D seismic inversion and inversion of transient 3 D coastal flows using the adjoint method . He has authored over 133 journal publications , 2 book chapters , 1 patent , graduated 34 PhD students and completed 41 industry and research council grants .']"
124,"Patel, Chandrashekhar","Research Associate Professor, School of Medicine, Biomedical Engineering",Faculty,"['School of Medicine Bldg 1 Room B 34 6439 Garners Ferry Road Columbia , SC 29209Dr . Patel s research interests include molecular regulation of vascular endothelial and smooth muscle cells .']"
125,"Paul, Titan C.","Instructor, Department of Mechanical Engineering",Faculty,"['Dr . Paul s research interest includes Energy storage liquid for solar technologies , Heat transfer with phase change , Numerical methods in conjugate heat and mass transfer problem , Thermal management of microelectronics , and Heat transfer and moisture migration problems in building environment .']"
126,"Peters, Wally ","Distinguished Professor Emeritus, Mechanical Engineering",Faculty,['Dr . Peters research and interests include Complex Systems Study and Design .']
127,"Plante, Portia","Instructor, Computer Science and Engineering",Faculty,['Portia Plante teaches various undergraduate courses .']
128,"Popov, Branko N.","Carolina Distinguished Professor, Chemical Engineering",Faculty,"['Swearingen Engineering CenterRoom 2C19301 Main StreetColumbia , SC 29208CV of Dr . PopovPopov s Readership WorldwidePh . D . , University of Zagreb , Croatia , 1972M . S . , University of Illinois , 1969B . S . , University Kiril and Metodij , Skopje , Macedonia , 1965']"
129,"Potts, Jay","Associate Professor, School of Medicine, Biomedical Engineering",Faculty,"['School of Medicine Bldg 1 Room C 50 6439 Garners Ferry Road Columbia , SC 29209The prevalence of congenital cardiac malformations places an extreme sociological and personal burden . There are a myriad of congenital cardiac defects but the majority involve a region known as the atrioventricular canal AV . The AV canal is responsible for the production of the AV valves and membranous portion of the interventricular septum . This is accomplished through a process known as epithelial mesenchymal cell transformation . Understanding how the early heart and in particular the AV canal is formed is critical to building the foundation for future therapeutic measures . Norris , RA , Potts , JD , Yost , MJ , Junor , L , Brooks , T , Tan , H , Hoffman , S , Hart , MM , Damon , B , Markwald , RR , Goodwin , RL . 2009 . Periostin promotes a fibroblastic lineage pathway in atrioventricular valve progenitor cells . Dev . Dyn . 238 1052 1063 .']"
130,"Qian, Yu",Assistant Professor,Faculty,"['Dr . Yu Qian has been working on transportation geotechnics and railroad infrastructure related research , mainly focusing on heavy haul and transit track structures , high speed rails , pavements , geosynthetics , and discrete element simulation . He is currently serving as a committee member for three TRB Committees , two AREMA Committees , and the ASCE Rail Transportation Committee .']"
131,"Ranson, Bill ","Distinguished Professor Emeritus, Mechanical Engineering",Faculty,"['Dr . Ranson s research and interests include scale invariant computer vision applications to the measurement of mechanical systems , mathematical modeling of mechanical systems measurements to the systems life predictions application of technology to learning systems .']"
132,"Regalbuto, John R.","Professor, Chemical Engineering",Faculty,"['Swearingen Engineering CenterRoom 3C13301 Main StreetColumbia , SC 29208Ph . D . , University of Notre Dame , 1986 . M . S . , University of Notre Dame , 1983 .']"
133,"Regan, Elizabeth A.",Department Chair and Professor / Integrated Information Technology,Faculty,"['Innovation Center550 Assembly Street , Suite 1300Office 1310Columbia , SC 29208Ph . D . , University of ConnecticutM . A . , B . S . , A . S . , University of ConnecticutDr . Elizabeth Regan is chair of the Department of Integrated Information Technology and associate professor of Health Information Technology at the University of South Carolina . She is also an adjunct professor in the Arnold School of Public Health . Prior to joining USC in July 2011 , she served as chair of the Department of Information Systems , College of Business , at Morehead State University , Kentucky , for 11 years , and as the Elmer and Donna Smith Endowed Chair in Health Systems Management for two years . She serves on the Board of Directors for the Northeast Kentucky Regional Health Information Organization NeKY RHIO , of which she is a founding member and first board chair . The RHIO also serves as the Regional Extension Center for Eastern Kentucky . Dr . Regan served five years on the Coordinating Council for the Kentucky State Health Information Exchange and on the faculty of the University of Kentucky Medical School Rural Physician Leadership program . She was recently appointed to the national HIMSS Innovation Committee .']"
134,"Reifsnider, Kenneth ","Emeritus Professor, Mechanical Engineering",Faculty,"['Dr . Reifsnider s research and interests include durability , damage tolerance and strength life relationships in material systems performance of life prognosis , aging , material state changes , long term behavior fuel cell science and engineering .']"
135,"Rekleitis, Ioannis","Associate Professor, Computer Science & Engineering",Faculty,"['Marine Robotics, Perception, Coverage, Cooperative Localization, SLAM']"
136,"Reynolds, Tony ","Professor, Mechanical Engineering",Faculty,"['Dr . Reynolds research and interests include friction stir welding , fatigue and fracture , experimental micro mechanics , quantitative fractographic analysis .']"
137,"Rhodes, Curtis ","Distinguished Professor Emeritus, Mechanical Engineering",Faculty,"['Dr . Rhodes research and interests include computer aided design , engineering and manufacturing , computational fluid dynamics .']"
138,"Ritter, James A.",Carolina Distinguished Professor,Faculty,"['separations, adsorption, magnetic drug targeting, materials, electrochemistry']"
139,"Rizos, Dimitris","Director, Railway Engineering Graduate Certificate",Faculty,"['His areas of interest are in Structural Mechanics with emphasis on Railway and Highway Infrastructure , High Speed Rail Systems , and Civilian and Military Bridges . Dr . Rizos expertise is in the area of structural mechanics and modeling with emphasis on i Development and implementation of computational methods BEM , FEM , DEM , Hybrid Methods for problems in wave propagation , soil structure interaction , structural dynamics , and transient analysis of multi phase media , such as the train rail trackbed soil interaction problems ii Analysis and Design of freight , passenger and High Speed Railway infrastructure bridges , tunnels , tracks , etc iii Bridge Engineering and High Performance Materials for civilian and military applications .']"
140,"Roberts, Elwyn","Visiting Professor, Mechanical Engineering",Faculty,"['Dr . Robert s research and interests include materials performance in nuclear reactors , product design , manufacturing and concurrent engineering .']"
141,"Roberts, Kenneth L","Instructor, Chemical Engineering",Faculty,"['Nanomaterials, Catalysis, Fluid Transport Properties']"
142,"Rocheleau, David ","Associate Professor, Department of Mechanical Engineering",Faculty,"['Dr . Rocheleau s group has interest in machine design and machine component design . His group has done work in optimizing the design of epicyclic gear trains to ensure long life and reduced noise . Work has also been done in helping small to medium size companies in a wide area of product design issues . The design concepts are modeled using Pro ENGINEER design software and analyses are performed with a variety of computer aided engineering tools . His group has done work in the modeling of balance of plants in a PEM fuel cell system . Overall design issues involving kinematic and dynamics of mechanisms , from robots to prosthetic devices , have also been performed . Dr . Rocheleau holds several patents , primarily in new product innovation devices .']"
143,"Rose, John R. ",Professor,Faculty,"['I am currently a member of IEEE . I am the author of over 50 technical papers in bioinformatics , machine intelligence , and computational science . My research interests are in the areas of bioinformatics , normative reasoning and planning , DAI and multiagent systems , and computational chemistry . I have conducted research funded by NSF , NIH , NASA , DOD ONR , Alexander von Humboldt Foundation , BMFT German NSF equivalent , as well as the South Carolina Commission on Higher Education . I have been a NASA Institute for Advanced Concepts NIAC Fellow . I was formerly the Director of the SC INBRE Bioinformatics Core . A major new focus of my research group is de novo peptide sequencing . We have recently received NSF funding to support this effort .']"
144,"Sabalowsky, Andrew", Instructor,Faculty,"['Dr . Sabalowsky s prior research expertise are in anaerobic processes , specifically as they relate to bioremediation of hazardous xenobiotic molecules and biofuel production , such has methane and hydrogen production , microbial fuel cells , and fermentable products . More recently , his interests are in renewable energy technology centered on fluid flow , such as wave attenuation , micro wind turbines , and solar chimneys .']"
145,"Sadati, Monirosadat (Sanaz)",Assistant Professor,Faculty,"['Assistant Professor , University of South Carolina , January 2019 Postdoctoral Associate , The University of Chicago , 2014 2018 Postdoctoral Associate , Harvard , 2012 2014 PhD , Materials Science , ETH Zurich , 2012 BS and MS , Polymer Engineering , Amirkabir University of Technology , 2003The Sadati lab will pursue a bottom up approach to study the structure , dynamics , and self assembly of soft materials , with an emphasis on anisotropic components capable of leading to new , tunable macroscopic properties . Through systematic studies of self assembly , topological defects , and real time structure and rheology , we will engineer responsive materials with unique architectural features designed for a broad range of applications including tissue engineering , actuation , drug delivery , controlled cargo transport , and biosensing . A common feature among natural microswimmers such a bacteria is the ability to convert energy to motion and regulate their self propulsion in response to external stimuli . Inspired by the biomechanics of nature , artificial active micromotors are being developed that can transduce the local energy to directed motion and to propulsion . These artificial micromotors have been envisioned for a broad range of applications such as drug loading , controlled release in the vicinity of cells , and water remediation to name a few . In many of these applications , these micromotors have to move in a complex environment . We will explore the micro rheology of microswimmers in complex environments to design autonomous micromachines that can navigate efficiently in realistic condition of operations .']"
146,"Sahin, Alphan ",Assistant Professor,Faculty,"['Wireless communications, Signal processing']"
147,"Santi, Enrico","Associate Professor, Electrical Engineering",Faculty,"['SwearingenRoom 3A36301 Main StreetColumbia , SC 29208Dr . Santi s long term research interests are in the area of power electronics . You may have more interaction with power electronics than you think . If you drive a car , use a computer , cook with a microwave , talk on any type of telephone , listen to a stereo , or make holes with a cordless drill , then you come in contact with power electronics . Thanks to power electronics , the electricity needed to run the things you use everyday is processed , filtered , and delivered with maximum efficiency , smallest size and minimal weight . Current research interests are in modeling , control and simulation of advanced electrical power distribution systems , and physics based modeling of power semiconductor devices . In particular he is involved in the development of the Virtual Test Bed , a simulation based tool for rapid prototyping of power systems and power electronic devices . The test bed supports input from multiple simulation languages such as SPICE , ACSL , SABER , etc . Other research interests are in hardware in the loop simulation of electrical systems .']"
148,"Sasanakul, Inthuorn",Associate Professor,Faculty,['Geotechnical Engineering']
149,"Schooley, Benjamin",Associate Professor / Integrated Information Technology,Faculty,"['Health IT, health informatics, design science']"
150,"Shazly, Tarek ","Graduate Director, Biomedical Engineering",Faculty,"['Research Area 1 Interactions between implanted polymeric materials and soft tissuesMy early work was focused on understanding soft tissue material interactions for the purpose of optimizing surgical sealant performance . The publications that emerged from this line of inquiry impacted the field in two distinct ways . First , we provided the initial demonstration that adhesion is a tissue specific phenomenon that can be exploited in advanced material design . Second , these and related publications established novel design strategies to enhance adhesion strength without compromising material biocompatibility the power in these strategies is that they can be generalized across material systems and surgical sealant applications . Research Area 2 Characterization , assessment , and modeling of endovascular technologiesEndovascular technologies such as drug eluting stents , erodible scaffolds , and drug coated balloons have steadily evolved over the past 40 years . Multidisciplinary research approaches are needed to design , optimize , and evaluate emergent devices , typically requiring consideration of hemodynamics , drug pharmacokinetics , material mechanics , and device degradation erosion kinetics . To accommodate this inherent complexity in the face of rapid device development , regulatory agencies have begun to expect and nearly require predictive computational models which clearly explain the mechanism of action and potential risk of new technologies . To meet this field demand , our work has been focused on the development of finite element based computational models and design deployment strategies to facilitate the continued advancement of endovascular technologies and their safe introduction into clinical practice . Research Area 3 Experimental and theoretical biomechanical studies on native and engineered blood vesselsThe identification of constitutive mechanical models of vascular tissue is essential for quantifying the local environment of mechanosensitive vascular cells in normal and disease states , understanding mechanically mediated vascular tissue remodeling , and providing a basis for the engineering of vascular tissue substitutes . Publications in these areas have been impactful in terms of providing data and models for previously understudied yet critical regions of the circulatory system , applying continuum mechanical principles to explain intra vessel variations in geometry , properties , and composition , and introducing tissue engineered constructs which exhibit enhanced matrix elaboration and thus potential as vascular substitutes .']"
151,"Shepherd, Jeremiah","Instructor, Computer Science & Engineering",Faculty,['JJ Shepherd teaches CSCE 145 and 146 courses .']
152,"Sheth, Amit","Founding Director, Artificial Intelligence Institute and Professor, Computer Science & Engineering",Faculty,"['Artificial Intelligence, Big and Smart Data, Knowledge Graphs, Knowledge-infused Learning, Semantic Cognitive Perceptual Comput']"
153,"Shimpalee, Sirivatch","Research Professor, Chemical Engineering",Faculty,"['Horizon 1Room 439541 Main StreetColumbia , SC 29208Ph . D . , University of South Carolina , Columbia , 2001M . S . , Bradley University , 1998B . S . , Chiang Mai University , Thailand , 1992Dr . Shimpalee s current research is in the area of renewable energy including fuel cells , energy storage , high temperature thermal system , and bioenergy . His expertise is to use multi scale and multi dimensional modeling combine with electrochemistry to understand the physics inside their complex systems particularly in the transport phenomena .']"
154,"Simin, Grigory","Undergraduate Director, Electrical Engineering",Faculty,"['SwearingenRoom 3A16301 Main StreetColumbia , SC 29208']"
155,"Smoak, Wilson","Capstone Instructor, Electrical Engineering",Faculty,"['Wilson Smoak is the instructor and coordinator for our Capstone Design Courses , ELCT 403 404 in Electrical Engineering Department , following a successful career in design of digital electronics , most recently for Intel .']"
156,"Sockalingam, Subramani ","Assistant Professor, Mechanical Engineering",Faculty,"['Finite element analysis, composites, computational mechanics, experimental mechanics']"
157,"Spinale, Frank G.","Professor, Cell Biology & Anatomy",Faculty,"['Francis G . Spinale , MD , PhD , an internationally renowned cardiovascular scientist , has directed a translational research effort in the thematic area of cardiovascular remodeling with a particular focus upon heart failure , the main cause of death and disability in South Carolina , for over the past two decades . The mechanistic , translational , and clinical studies he has been working on will advance our understanding and potential treatment for major causes of heart failure in patients . He is also an entrepreneur with patents and a NIH Small Business Technology Transfer grant to develop a microdialysis microfluidics delivery system for cardiac surgery . Additionally , Dr . Spinale serves on the ditorial board of seven prestigious scientific journals and is a consultant to various pharmaceutical companies and biotechnology companies . To his credit , he also has over 400 peer reviewed publications in leading cardiovascular journals and is a fellow of several professional societies , including the American Heart Association and the American College of Cardiology . He has been invited to present his research both nationally and internationally at major scientific meetings , universities , and congresses conferences . Dr . Spinale is the director of the Cardiovascular Translational Research Center , and he has pioneered various projects for cardiac research while working to collaborate with other departments and faculty between the SOM and VA .']"
158,"Srivastava, Biplav",Professor,Faculty,"['Artificial Intelligence, Services, Smarter Cities (Water, Health, Traffic)']"
159,"Stanford, Thomas G.","Professor Emeritus, Chemical Engineering",Faculty,"['Swearingen Engineering CenterRoom 2C05301 Main StreetColumbia , SC 29208Ph . D . , University Of Michigan , 1977 . M . S . Math , University of Michigan , 1969']"
160,"Stiffler, Nick",Postdoctoral Associate,Staff,['Robotics']
161,"Sudarshan, Tangali S.","Carolina Distinguished Professor Emeritus, Electrical Engineering",Staff,"['SwearingenRoom 3A17301 Main StreetColumbia , SC 29208Dr . Sudarshan s specializations and research interests include']"
162,"Summers, Bill ","Adjunct Professor, Mechanical Engineering",Faculty,"['Dr . Summers is the Manager of Hydrogen Programs within the Hydrogen Technology Laboratory , Savannah River Technology Center SRTC . He has extensive experience in new product development and project management , including over 30 years of experience in the field of advanced energy systems . He has been with Westinghouse Savannah River Company WSRC since 1992 . Dr . Summers has led numerous programs to analyze and develop emerging technologies . He was the program manager for the development of the world s first hybrid hydrogen electric transit bus . The bus was the first hydrogen vehicle in commercial service in the U . S . , and it utilized the world s largest onboard metal hydride storage system . Dr . Summers also organized and managed a project to develop an Industrial Fuel Cell Vehicle using solid state hydrogen storage . He also managed a fuel cell mining vehicle project funded by the DOE OIT Industries of the Future Program . Currently , Dr . Summers is the Principal Investigator for a three year study to assess the feasibility of nuclear hydrogen production for the DOE Office of Nuclear Energy , Science and Technology DOE NE . In addition to program management , Dr . Summers is involved with the research and development of hydrogen storage materials and associated technologies . His research involves the engineering of hydrogen storage beds and the development of mathematical models to analyze bed performance , including heat transfer enhancement . He is currently the chairman of a national working group that is developing the first commercial codes and standards for metal hydride containers for hydrogen storage . Dr . Summers is also a member and site representative in the National Hydrogen Association , and represents SRTC on the Fuel cell Propulsion Institute Board of Directors , where he is a charter member . He recently served as Chairman for the First Annual Hydrogen Storage Workshop , a major national meeting focused on R D for hydrogen storage . Dr . Summers also co chaired a national workshop to help establish an R D plan for nuclear hydrogen production for DOE NE .']"
163,"Sur, Sanjib ","Assistant Professor, Computer Science and Engineering",Faculty,"['Wireless networking, Mobile computing, Millimeter-wave, Terahertz']"
164,"Sutton, Michael",Distinguished Professor,Faculty,"['Dr . Sutton s research and interests include coherent and incoherent optics applications , experimental mechanics , digital image processing , Computer Vision , applications of integral methods and experimental mechanics , boundary valve problems , plastic fracture mechanics , finite elements modeling of cracked bodies .']"
165,"Taheri-Qazvini, Nader ",Assistant Professor,Faculty,"['Soft Matter, Polymer Science, Hybrid Materials, Glassy Dynamics, 2D Materials']"
166,"Tan, Wenbin",Associate Professor,Faculty,['vascular biology']
167,"Tang, Chuanbing",Professor,Faculty,"['Polymer, Biomaterials']"
168,"Tang, Jijun","Professor, Graduate Director, Associate Infrastructure Director (HPC), Computer Science & Engineering",Faculty,"['algorithm, computational biology, game']"
169,"Thatcher, Matt E. ","Professor, Chair, Computer Science & Engineering",Faculty,"['My research examines the strategic and economic impacts of information technology IT with a focus on four themes IT value , software patent policy design , IT offshoring , and the social costs of information privacy .']"
170,"Tong, Yan","Associate Professor, Acting Director of Graduate Studies, Computer Science & Engineering",Faculty,['Professor Tong s research interests focus on computer vision and pattern recognition especially on human computer interaction including but not limited to']
171,"Tooren, Michel  van","Professor, Mechanical Engineering",Faculty,"['Dr . van Tooren s research interest include Design Automation , Knowledge Based Engineering , Alternative aircraft concepts , Composite aircraft fuselages , Aircraft Certification , Systems Engineering and Road vehicle aerodynamics .']"
172,"Uline, Mark J.","Program Director, Biomedical Engineering",Faculty,"['Statistical Mechanics, Thermodynamics, Biophysics, Soft Matter, Nucleation']"
173,"Valafar, Homayoun",Professor; Associate Chair of Research,Faculty,"['Computational Biology, Bioinformatics, Artificial Intelligence, Machine Learning, Neural Information Processing']"
174,"Valtorta, Marco","Professor, Computer Science and Engineering",Faculty,['Artificial Intelligence']
175,"Van Brunt, Vincent","Distinguished Professor Emeritus, Chemical Engineering",Staff,"['Ph . D . , University of Tennessee , 1974M . S . , Polytechnic University , 1971B . S . , Carnegie Mellon University , 1967']"
176,"Vargas, Juan","Adjunct Professor, Computer Science & Engineering",Faculty,['Dr . Vargas is a adjunct professor for the Computer Science and Engineering Department .']
177,"Vidal, Jose M. ","Professor, Director of Undergraduate Studies, Computer Science & Engineering",Faculty,"['multiagent systems, agent-based modeling, artificial intelligence, distributed systems']"
178,"Viparelli, Enrica",Associate Professor,Faculty,"['2018 Present Associate Professor , Civil and Environmental Engineering , University of South Carolina , Columbia2012 2017 Assistant Professor , Civil and Environmental Engineering , University of South Carolina , Columbia']"
179,"Vitzilaios, Nikolaos (Nikos)",Assistant Professor,Faculty,"['Dr . Vitzilaios research interests are in the broad area of Autonomous Unmanned Systems and include Robotics , Intelligent Systems , Mechatronics , Unmanned Aircraft Systems UAS , perception and autonomous navigation of mobile robots , operational autonomy , field robotics , robot teams , automation , control systems , and machine learning .']"
180,"Vogt, Thomas",Distinguished Professor of Chemistry and Biochemistry,Faculty,"['Chemistry, Physics, Materials Science']"
181,"Wang, Guiren","Associate Professor, Mechanical Engineering, Biomedical Engineering",Faculty,"['micro/nanofluidics, lab-on-a-chip, super-resolution imaging, cancer detection, turbulence and mixing.']"
182,"Wang, Guoan","Graduate Director, Electrical Engineering",Faculty,"['SwearingenRoom 3A12301 Main StreetColumbia , SC 29208']"
183,"Wang, Song","Professor, Research Director, Chair of the Tenure and Promotion Committee, Computer Science & Engineering",Faculty,"['Computer Vision, Image Processing, Machine Learning']"
184,"Wang, Xiaofeng","Associate Professor, Electrical Engineering",Faculty,"['SwearingenRoom 3A20301 Main StreetColumbia , SC 29208']"
185,"Wang, Yi",Associate Professor,Faculty,"['Curriculum Vitae pdf iMSEL LabDr . Wang s research interests include Computational and data enabled science and engineering CDS E and its applications in multiphysics and multiscale systems engineering , including fluid structural interaction , microfluidics nanofluidics , thermal and energy management , additive manufacturing , among others . The specific focuses are 1 physics based adaptive modeling , from high fidelity multiphysics CFD FEM analysis to reduced order modeling and closed form modeling for real time simulation , trade space exploration , and process control 2 data driven multi fidelity surrogate modeling for multidisciplinary analysis and optimization , large scale system level simulation , and adaptive model integration 3 massive and real time data analytics , discovery , and management , including engineering data mining , parameter estimation , uncertainty quantification , machine learning , and green computing visualization and 4 systems engineering of microfluidics nanofluidics , including model development , system design , control synthesis , hardware development , and experimentation , with the long term goal towards engineering intelligenceL . M . Lee , J . M . Rosanoa , Y . Wang , C . J . Garsona , B . Prabhakarpandiana , K . Pant G . J . Klarmannc , L . M . Alvarez , and E . Lai , Label Free Mesenchymal Stem Cells Enrichment from Bone Marrow by Spiral Inertial Microfluidics , Analytical Methods , 10 , 713 721 , 2018']"
186,"Wei, Xiaojun",Postdoctoral Research Associate,Staff,"['Biomedical Engineering, Functional Nanoparticles, Nanopore, Biosensor']"
187,"Wells, James R.",Research Professor,Faculty,"['School of MedicineVA CampusBld . 46311 Garners Ferry RdProfessor Wells clinical research focuses on analysis of HPV infection in freshly resected tissue specimens . The purpose of this study is to determine the presence , expression and type of HPV in HNSCC tumor specimens and to investigate markers of specific pathways of tumor development , with particular attention to biomarkers and pathways that may be different between HPV positive and HPV negative cancers , and between African American and European American patients . Biomarkers Predict p53 Gene Therapy Efficacy in Recurrent Squamous Cell Carcinoma of the Head and Neck Clinical Cancer Research . Dec . 2009 .']"
188,"White, Ralph E.","Professor, Chemical Engineering",Faculty,"['CV of Dr . WhitePh . D . , University of California Berkeley , 1977M . S . , University of California Berkeley , 1973']"
189,"Williams, Christopher","Undergraduate Director, Chemical Engineering",Faculty,"['Swearingen Engineering CenterRoom 2C15301 Main StreetColumbia , SC 29208The Williams group research interests are in the area of heterogeneous catalysis and surface science , with a particular focus on studying solid liquid catalytic interfaces . Catalysis carried out in the liquid phase is very important for applications such as fine chemicals and pharmaceutical production , and in the production of new fuels from biorenewable resources . Our primary research involves the development and application of in situ or operando surface vibrational spectroscopic methods to study adsorption and catalysis at solid catalyst surfaces under industrially relevant reaction conditions i . e . , in the liquid phase and or at high gas pressures and temperatures . Specific techniques under development in our group include surface enhanced Raman spectroscopy SERS , attenuated total reflection infrared ATR IR spectroscopy , and sum frequency spectroscopy SFS . The information obtained with these approaches allows us to develop a molecular level understanding of the catalytic mechanisms that govern the function of heterogeneous catalysts under reaction conditions . Such understanding is critical if we wish to rationally design catalysts for specific applications in the future . Current reaction systems of interest include enantioselective hydrogenation of alpha ketoesters and alkenoic acids selective oxidation of alcohols , including especially glycerol , which is the major byproduct in biodiesel production hydrodeoxygenation of biomass derived organic acids and acid esters to hydrocarbon fuel and electrocatalytic reduction of carbon dioxide to hydrocarbons . Catalysts under investigation involve both polycrystalline transition metals and oxide supported mono and bimetallic nanoparticle catalysts . The latter materials are prepared either through traditional catalyst synthesis methods or more novel protocols under development e . g . , dendrimer metal nano composites , electroless deposition that allow for control of size and composition on the nanoscale . The Williams group is currently funded by the National Science Foundation , and by a variety of industrial sources .']"
190,"Won, Sang Hee","Associate Professor, Mechanical Engineering; Interim Director, Aerospace Engineering Program",Faculty,"['combustion, flames, fuels, propulsion, chemical kinetics']"
191,"Wu, Dezhi",Associate Professor,Faculty,"['Human-Computer Interaction & UX Design, Health IT, AI, Behavioral Information Security, & Big Data Analytics']"
192,"Xu, Songhua",Associate Professor,Faculty,"['Songhua Xu s research interests are in areas of health information technology , including medical , health and cancer informatics artificial intelligence , including personalization , information retrieval , knowledge management , recommender systems and text and image mining patent informatics and intelligent software for practitioners in intellectual property law computer graphics and interactive techniques for multimedia visualization and visual analytics intelligent user interfaces .']"
193,"Xue, Xingjian (Chris) ","Associate Professor, Mechanical Engineering",Faculty,"['Dr . Xue s research interests include Solid Oxide Fuel Cells , Solid Oxide Electrolysis Cells , Gas Separation Membranes , Materials for Electrochemical Energy Conversion and Storage , Reliability and Durability of Functional and Structural Materials , Transport Phenomena and Electrochemical Kinetics .']"
194,"Yoon, Yeomin","Professor, Civil and Environmental Engineering",Faculty,"['Water treatment, membrane filtration, adsorption, sonodegradation, nanotechnology']"
195,"Yu, Lingyu ","Associate Professor, Mechanical Engineering",Faculty,"['Structural Health Monitoring, Ultrasonics, Vibration']"
196,"Yuan, Lang",Associate Professor,Faculty,"['Solidification, Microstructure Modelling, Additive Manufacturing, Discrete Element Modelling']"
197,"Zand, Ramtin","Assistant Professor, Computer Science and Engineering",Faculty,"['Dr . Zand s research interests involve Hardware Design for Machine Learning Systems , Neuromorphic Computing , Emerging Nanoscale Electronics including spintronic devices , Reconfigurable and Adaptive Computer Architectures , and Low Power and Reliability Aware VLSI Circuits .']"
198,"Zhang, Bin","Associate Professor, Electrical Engineering",Faculty,"['SwearingenRoom 3A22301 Main StreetColumbia , SC 29208']"
199,"Zhang, Qi",Assistant Professor,Faculty,"['My research interest is in artificial intelligence and reinforcement learning . The long term goal of my research is to build safe , reliable , and trustworthy AI systems that retain their power and flexibility to handle complex , diverse contexts . To this end , I develop and analyze decision making algorithms for uncertain , dynamic environments .']"
200,"Zhou, Caizhi",Associate Professor,Faculty,"['Mechanical metallurgy, dislocation dynamics, crystal plasticity, multiscale modeling, friction stir welding']"
201,"Ziehl, Paul",Associate Dean for Research,Faculty,"['Swearingen Engineering Center301 Main Street , Suite 3A41Columbia , SC 29208Dr . Paul Ziehl is the Associate Dean for Research in the College of Engineering and Computing at the University of South Carolina , where he serves to understand and align capabilities of the faculty and the research enterprise of the College . He is a professor of structural engineering in the Departments of Mechanical and Civil and Environmental Engineering . Dr . Ziehl has experience in the management of and interest in joint venture projects involving multiple universities and industrial collaborators . He has served as the Principal Investigator at the University of South Carolina for a four year NIST sponsored joint venture project for edge analytics and development of a commercially deployed wireless structural prognosis system .']"