nsf_proposal_links_v0,lead_researcher,team,goodness_score
https://www.nsf.gov/pubs/2026/nsf26000/nsf26000.htm,Hayley Gutierrez,"['Hayley Gutierrez', 'Megan Daniel DDS', 'Mark Lewis', 'Krystal Anderson', 'William Hogan', 'Ruben Martinez', 'Jennifer White', 'Michael Brady']",0.7
https://www.nsf.gov/pubs/2026/nsf26001/nsf26001.htm,Robert Smith,"['Robert Smith', 'Isabel Davis', 'David Thomas', 'Anthony Grant', 'Ashley Hernandez', 'Mr. Eric Bruce DVM', 'Tyler Willis', 'Michelle Koch']",0.7
https://www.nsf.gov/pubs/2026/nsf26002/nsf26002.htm,Marissa Flores,"['Marissa Flores', 'Donna Stone', 'Michael Curry', 'Kendra Meadows', 'Samuel Spence', 'James Young', 'Benjamin Camacho', 'Susan Murphy']",0.7
https://www.nsf.gov/pubs/2026/nsf26003/nsf26003.htm,Brandon Campos,"['Brandon Campos', 'Leslie Navarro', 'James Barker', 'Jennifer Keller', 'Maria Mccoy', 'Colleen Carter DVM', 'Kenneth King', 'Benjamin Camacho']",0.7
https://www.nsf.gov/pubs/2026/nsf26004/nsf26004.htm,Elizabeth Keller,"['Elizabeth Keller', 'Brandy Holt', 'Sabrina Rivera', 'Diana Suarez', 'Daniel Buchanan', 'Ronald Bailey', 'Joshua Williams', 'Christopher Townsend']",0.7
https://www.nsf.gov/pubs/2026/nsf26005/nsf26005.htm,Rebecca Pennington,"['Rebecca Pennington', 'Morgan West', 'Casey Jordan', 'Jasmine White', 'Randy Hernandez', 'Danielle Rodriguez PhD', 'Shawn Taylor']",0.675
https://www.nsf.gov/pubs/2026/nsf26006/nsf26006.htm,Adam Henderson,"['Adam Henderson', 'Yvonne Ross', 'Michael West', 'Jennifer Lowe', 'Todd Nolan', 'Dawn Nielsen', 'Levi Hanna', 'Amanda Day']",0.7
https://www.nsf.gov/pubs/2026/nsf26007/nsf26007.htm,Steven Davis,"['Steven Davis', 'Michael Anderson', 'Adrienne Richardson', 'Jeffery Clark', 'Tyler Mcgee', 'Russell Choi']",0.65
https://www.nsf.gov/pubs/2026/nsf26008/nsf26008.htm,Crystal Soto,"['Crystal Soto', 'Maria Stewart', 'Joshua Griffin', 'Hailey Ford', 'Anthony George', 'Anna Simmons', 'John Hernandez', 'Marissa Flores']",0.7
https://www.nsf.gov/pubs/2026/nsf26009/nsf26009.htm,Hayley Gutierrez,"['Hayley Gutierrez', 'Amanda Wagner', 'Margaret Baker', 'Evan Hughes', 'Seth Moore', 'Samantha Burns', 'Julie Neal', 'Stacey Green']",0.7
https://www.nsf.gov/pubs/2026/nsf26010/nsf26010.htm,Patrick Rivera,"['Patrick Rivera', 'Michael Anderson', 'Nicole Hughes', 'Caroline Martin', 'Joshua Little', 'Jeffrey Clarke']",0.65
https://www.nsf.gov/pubs/2026/nsf26011/nsf26011.htm,Michelle Morales,"['Michelle Morales', 'Jeffery Clark', 'Paige Bolton', 'Dr. Nathaniel Harris', 'David Scott', 'Nicole Hughes', 'Robin Nelson', 'Zachary Aguilar']",0.7
https://www.nsf.gov/pubs/2026/nsf26012/nsf26012.htm,Ronald Hart,"['Ronald Hart', 'Crystal Novak', 'Megan Ryan', 'Aaron Smith', 'Adrienne Richardson', 'Kayla Roy', 'Linda Johnson', 'Casey Faulkner']",0.7
https://www.nsf.gov/pubs/2026/nsf26013/nsf26013.htm,Krista Gonzalez,"['Krista Gonzalez', 'Shelia Anderson', 'Mark Allen', 'Curtis Andersen', 'Andrew Munoz', 'David Mccarthy', 'Shawn Macdonald', 'Benjamin Gilbert']",0.7
https://www.nsf.gov/pubs/2026/nsf26014/nsf26014.htm,Kevin Delacruz,"['Kevin Delacruz', 'Matthew Davenport', 'Tanya Jenkins', 'Michelle Koch', 'Anna Robbins', 'Michael Curry', 'Marc Lewis', 'Daniel Hayes']",0.7
https://www.nsf.gov/pubs/2026/nsf26015/nsf26015.htm,Jennifer Nguyen,"['Jennifer Nguyen', 'Jason Mcdonald', 'Linda Leblanc', 'Claudia Stewart', 'Brianna Murphy', 'Bryan Myers', 'Charles Patel', 'Megan Morrison']",0.7
https://www.nsf.gov/pubs/2026/nsf26016/nsf26016.htm,Sara Odonnell,"['Sara Odonnell', 'Summer Hart', 'Amy Burke', 'Fred Rowe', 'Stephanie Baker', 'Shelby Miller']",0.65
https://www.nsf.gov/pubs/2026/nsf26017/nsf26017.htm,Benjamin Dunn,"['Benjamin Dunn', 'Rachel Williams DVM', 'Nathaniel Snow', 'Shawn Taylor', 'Sheila Martin', 'Kevin Nichols', 'Stacy Smith', 'Russell Velez']",0.7
https://www.nsf.gov/pubs/2026/nsf26018/nsf26018.htm,John Byrd,"['John Byrd', 'Anthony Grant', 'Patricia Duke', 'Anthony Patterson', 'Laura Davis', 'Kelly Douglas', 'Carol Wallace', 'Jennifer Lowe']",0.7
https://www.nsf.gov/pubs/2026/nsf26019/nsf26019.htm,Michael Palmer,"['Michael Palmer', 'Kristen Ruiz', 'Cynthia Orr', 'Donna Stone', 'Rodney Sanchez', 'James Sanchez']",0.65
https://www.nsf.gov/pubs/2026/nsf26020/nsf26020.htm,Cassandra Hughes,"['Cassandra Hughes', 'Ellen Fields', 'John Weeks', 'Evan Hughes', 'Crystal Baker', 'Joseph Cisneros', 'Anthony Powers', 'Whitney Gallegos']",0.7
https://www.nsf.gov/pubs/2026/nsf26021/nsf26021.htm,Sharon Jacobs,"['Sharon Jacobs', 'William Ferrell', 'Scott Rose', 'Joshua Little', 'Jose Parks', 'Kevin Garcia']",0.65
https://www.nsf.gov/pubs/2026/nsf26022/nsf26022.htm,Diane Kline,"['Diane Kline', 'Michelle Goodwin', 'Robert Smith', 'Rebecca Casey', 'David Farrell', 'Stephanie Gibson', 'Tracy Smith', 'Peter Martinez']",0.7
https://www.nsf.gov/pubs/2026/nsf26023/nsf26023.htm,Victoria Tucker,"['Victoria Tucker', 'Emily Pena', 'Cindy Williams', 'Troy Fitzpatrick', 'Stephen Cunningham', 'Tanya Bush', 'Chris Blackwell', 'Katherine Brown']",0.7
https://www.nsf.gov/pubs/2026/nsf26024/nsf26024.htm,Patricia Garza,"['Patricia Garza', 'Susan Hall', 'Tanya Jenkins', 'Jessica Roberts', 'Eddie Russell', 'Jonathan Newman', 'Roger Hernandez', 'Christopher Meyer']",0.7
https://www.nsf.gov/pubs/2026/nsf26025/nsf26025.htm,Michelle Koch,"['Michelle Koch', 'Megan Lopez', 'Sarah Bullock', 'Kevin Delacruz', 'Kevin Garcia', 'Christopher Townsend', 'Alexandra Cooley', 'Linda Kelley']",0.7
https://www.nsf.gov/pubs/2026/nsf26026/nsf26026.htm,Brian Bonilla,"['Brian Bonilla', 'William Norris', 'Morgan West', 'Benjamin Campbell', 'Briana Singh', 'Nathan Barron', 'Robert Shields', 'Carrie Acosta']",0.7
https://www.nsf.gov/pubs/2026/nsf26027/nsf26027.htm,Deborah Patton,"['Deborah Patton', 'Kaitlyn Jones', 'Tyler Mcgee', 'Nathan Barron', 'Victor White', 'William Ferrell', 'Kayla Richardson', 'Cindy Brown']",0.7
https://www.nsf.gov/pubs/2026/nsf26028/nsf26028.htm,Diana Suarez,"['Diana Suarez', 'Kayla James', 'Amanda Wagner', 'Calvin Lawrence', 'Daniel Johnson', 'Caroline Martin', 'Kelly Douglas', 'Carrie Acosta']",0.7
https://www.nsf.gov/pubs/2026/nsf26029/nsf26029.htm,Crystal Goodman,"['Crystal Goodman', 'Cindy Williams', 'Stephen Lambert', 'Aaron Dickson', 'Stephen Cunningham', 'David Chen', 'Tanya Bush', 'Kathryn Perry']",0.7
https://www.nsf.gov/pubs/2026/nsf26030/nsf26030.htm,Lindsey King,"['Lindsey King', 'Amy Thornton', 'Timothy Jones', 'Robert Green', 'James Thompson', 'David Mccarthy', 'Beth Johnson', 'Victoria Blevins']",0.7
https://www.nsf.gov/pubs/2026/nsf26031/nsf26031.htm,Kevin Delacruz,"['Kevin Delacruz', 'Tristan Hoffman', 'Brian Bonilla', 'Raymond Adams', 'Alan Miles', 'Brittany Strickland', 'Ann Curry', 'Joseph Alexander']",0.7
https://www.nsf.gov/pubs/2026/nsf26032/nsf26032.htm,John Weeks,"['John Weeks', 'Sarah Bullock', 'Larry Mendoza', 'Michael Jacobson', 'Angela Richards', 'Jessica Davis', 'Brent Fisher', 'Keith Mills']",0.7
https://www.nsf.gov/pubs/2026/nsf26033/nsf26033.htm,Danielle Schwartz,"['Danielle Schwartz', 'Joshua Jackson', 'Joseph Cisneros', 'Victoria Willis', 'Ellen Fields', 'Amy Ball', 'Donna Stone', 'Mrs. Shelly Greer']",0.7
https://www.nsf.gov/pubs/2026/nsf26034/nsf26034.htm,Kurt Solis,"['Kurt Solis', 'Jennifer Martinez', 'Brittany Nguyen', 'Hayley Gutierrez', 'Jared Martin', 'Donald Roberts', 'Amanda Valenzuela', 'Cathy Bruce']",0.7
https://www.nsf.gov/pubs/2026/nsf26035/nsf26035.htm,Anthony Montgomery,"['Anthony Montgomery', 'Kristy Patrick', 'Alyssa Gutierrez', 'Sheila Martin', 'Carolyn Branch', 'John Adams', 'Holly Jones', 'Valerie Serrano']",0.7
https://www.nsf.gov/pubs/2026/nsf26036/nsf26036.htm,Diana Ross,"['Diana Ross', 'Anthony Powers', 'James Krueger', 'Sarah Lowe', 'Ronald Bailey', 'Jeffrey Tran', 'Caleb Key', 'Ashley Dyer']",0.7
https://www.nsf.gov/pubs/2026/nsf26037/nsf26037.htm,Stephen Cunningham,"['Stephen Cunningham', 'Johnny Williams', 'Donna Stone', 'Loretta Fry', 'Keith Johnson', 'Paul Armstrong']",0.65
https://www.nsf.gov/pubs/2026/nsf26038/nsf26038.htm,Hannah Donovan,"['Hannah Donovan', 'Sarah Beasley', 'Heather Hansen', 'Charles Patel', 'Stephen Brewer', 'Shawn Taylor', 'Jessica Davis', 'Mary Kaufman']",0.7
https://www.nsf.gov/pubs/2026/nsf26039/nsf26039.htm,Margaret Baker,"['Margaret Baker', 'Tracy Kelly', 'Ralph Whitehead', 'Jose Herrera', 'Phillip Robertson', 'Luis Ingram', 'Donna Stone', 'Matthew Kelley']",0.7
https://www.nsf.gov/pubs/2026/nsf26040/nsf26040.htm,Keith Johnson,"['Keith Johnson', 'James Dickerson', 'Michael Mcdowell', 'Teresa Graves', 'Kevin Nichols', 'Michael Shah', 'Donna Gibbs', 'Krystal Lara']",0.7
https://www.nsf.gov/pubs/2026/nsf26041/nsf26041.htm,Megan Morrison,"['Megan Morrison', 'Louis Solomon', 'Kathleen Moore', 'Cody Riley Jr.', 'Jennifer White', 'Courtney Hendrix']",0.65
https://www.nsf.gov/pubs/2026/nsf26042/nsf26042.htm,Phillip Williams Jr.,"['Phillip Williams Jr.', 'Joseph Cisneros', 'Kelly Douglas', 'Michael Miller', 'Sharon Hernandez', 'William Norris', 'Brian Flores', 'Michelle Gutierrez']",0.7
https://www.nsf.gov/pubs/2026/nsf26043/nsf26043.htm,Stephanie Collins,"['Stephanie Collins', 'Jessica Taylor', 'Jonathan Lin', 'Sarah Pruitt', 'Martha Miller', 'James Lee MD', 'Shelley Shaw', 'Julie Brown']",0.7
https://www.nsf.gov/pubs/2026/nsf26044/nsf26044.htm,Benjamin Camacho,"['Benjamin Camacho', 'Cheryl Forbes', 'Marissa Flores', 'Roberto Davis', 'Kaitlyn Jones', 'Stephen Cunningham']",0.65
https://www.nsf.gov/pubs/2026/nsf26045/nsf26045.htm,Amy Stevens,"['Amy Stevens', 'Nicole Johnson', 'Logan Mills', 'Eric Aguilar', 'Aaron Schultz', 'Margaret Freeman', 'Jennifer Steele', 'Jacob Moore']",0.7
https://www.nsf.gov/pubs/2026/nsf26046/nsf26046.htm,Jessica Morris DVM,"['Jessica Morris DVM', 'Gary Vang', 'Kevin Garcia', 'Timothy Escobar', 'Lisa Wiggins', 'Colleen Carter DVM']",0.65
https://www.nsf.gov/pubs/2026/nsf26047/nsf26047.htm,Nathan Lucas,"['Nathan Lucas', 'Rachael Taylor', 'Yvonne Bennett', 'Kimberly Walters', 'Joyce Dickson', 'Julie Brown']",0.65
https://www.nsf.gov/pubs/2026/nsf26048/nsf26048.htm,Rick Sharp,"['Rick Sharp', 'Jacob Moore', 'Larry Beck', 'Anthony Osborn', 'Kathryn Williams', 'James Lee MD', 'Martin Hebert', 'Mary Price']",0.7
https://www.nsf.gov/pubs/2026/nsf26049/nsf26049.htm,Michelle Koch,"['Michelle Koch', 'Joe Cardenas', 'Ronnie Miles', 'Phillip Williams Jr.', 'Michael Brady', 'Matthew Fleming', 'James Bishop', 'Tyler Hancock']",0.7
https://www.nsf.gov/pubs/2026/nsf26050/nsf26050.htm,Paul Armstrong,"['Paul Armstrong', 'Sarah Holt', 'Allen Smith', 'Christina Wilkerson', 'Samuel Smith', 'Amy Burke', 'Elizabeth Turner', 'Megan Davis']",0.7
https://www.nsf.gov/pubs/2026/nsf26051/nsf26051.htm,Susan Murphy,"['Susan Murphy', 'Karla Mann', 'Jason Pearson', 'Maria Moore', 'Douglas Cole', 'Marissa Flores', 'Jennifer Martinez']",0.675
https://www.nsf.gov/pubs/2026/nsf26052/nsf26052.htm,Elizabeth Turner,"['Elizabeth Turner', 'Bryan Gomez', 'Kayla Miller', 'Rachel Brooks', 'Joshua Ferguson', 'Amy Jackson', 'Dustin Owens', 'James Ramos']",0.7
https://www.nsf.gov/pubs/2026/nsf26053/nsf26053.htm,David Mercado,"['David Mercado', 'Crystal Long', 'Thomas Robertson', 'Caitlin Kennedy', 'Yolanda Hunt', 'Caleb Key', 'Derek Brooks', 'Cynthia Orr']",0.7
https://www.nsf.gov/pubs/2026/nsf26054/nsf26054.htm,Jeffrey Hill,"['Jeffrey Hill', 'Michael Avila', 'Kelly Douglas', 'Scott Rose', 'Lisa Sloan', 'Derek Schaefer']",0.65
https://www.nsf.gov/pubs/2026/nsf26055/nsf26055.htm,Brett Arnold,"['Brett Arnold', 'John Brown', 'Natalie Santiago', 'Jonathan Dominguez', 'Patrick Rivera', 'Bianca Hamilton', 'Gregory Ayala', 'Mr. Eric Bruce DVM']",0.7
https://www.nsf.gov/pubs/2026/nsf26056/nsf26056.htm,Chloe Ramirez,"['Chloe Ramirez', 'Jessica Morris DVM', 'Kevin King', 'Levi Hanna', 'Ashley Carey', 'Michael Palmer', 'Kristen Ruiz']",0.675
https://www.nsf.gov/pubs/2026/nsf26057/nsf26057.htm,Cory Ward DVM,"['Cory Ward DVM', 'Jason Bird', 'Karla Campbell', 'Elizabeth Moore', 'Donna Flores', 'David Meyer', 'Jennifer Wilson', 'Cindy Glover']",0.7
https://www.nsf.gov/pubs/2026/nsf26058/nsf26058.htm,Raymond Walker,"['Raymond Walker', 'Jose Parks', 'Lisa White', 'Michael Mcdowell', 'Raymond Johnson', 'Kimberly Weaver', 'Jasmine Smith', 'Keith Johnson']",0.7
https://www.nsf.gov/pubs/2026/nsf26059/nsf26059.htm,Michael Barry,"['Michael Barry', 'Megan Morrison', 'Beth Johnson', 'Brooke Anderson', 'Samantha Alexander', 'Thomas Hines']",0.65
https://www.nsf.gov/pubs/2026/nsf26060/nsf26060.htm,Jason Bird,"['Jason Bird', 'Kristen Middleton', 'Jacob Moore', 'Steven Shaw', 'Mary Price', 'Donna Flores', 'Caroline Martin', 'Phyllis Myers']",0.7
https://www.nsf.gov/pubs/2026/nsf26061/nsf26061.htm,Jonathan Newman,"['Jonathan Newman', 'Chad Dennis', 'Eric Robinson', 'Michael Shah', 'Johnathan Colon', 'Russell Velez', 'Brandon Mathis', 'Diamond Barnes']",0.7
https://www.nsf.gov/pubs/2026/nsf26062/nsf26062.htm,Jennifer Floyd,"['Jennifer Floyd', 'James Ramos', 'Ashley Wolfe', 'David Wright', 'Susan Murphy', 'Richard Patterson', 'Ronald Hart', 'Todd Nolan']",0.7
https://www.nsf.gov/pubs/2026/nsf26063/nsf26063.htm,Maria Mccoy,"['Maria Mccoy', 'Regina Dominguez', 'John Holland', 'John Salinas', 'Jason Mcdonald', 'Jonathan Ballard', 'Gene Arroyo', 'David Chen']",0.7
https://www.nsf.gov/pubs/2026/nsf26064/nsf26064.htm,James Mueller,"['James Mueller', 'Gregory Leonard', 'Benjamin Dunn', 'Dennis Brown', 'Phyllis Myers', 'Mary Campbell', 'Maxwell Wilson', 'Kelly Douglas']",0.7
https://www.nsf.gov/pubs/2026/nsf26065/nsf26065.htm,Kaitlyn Jones,"['Kaitlyn Jones', 'Karen Blanchard', 'Victor Cain', 'Ashley Hinton', 'Lisa Moore', 'Terry Gomez', 'Desiree Watkins', 'Garrett Blair']",0.7
https://www.nsf.gov/pubs/2026/nsf26066/nsf26066.htm,Melissa White,"['Melissa White', 'Jose Watson', 'Hayley Gutierrez', 'Stephen Brewer', 'Raymond Johnson', 'Rachael Carter', 'Mary Kaufman', 'David Ward']",0.7
https://www.nsf.gov/pubs/2026/nsf26067/nsf26067.htm,Pamela Oliver,"['Pamela Oliver', 'John Guerra', 'Robert Barron', 'Steven Smith', 'Mary Ayala', 'Stephanie Baker', 'Victoria Tucker', 'Susan Woodard']",0.7
https://www.nsf.gov/pubs/2026/nsf26068/nsf26068.htm,Thomas Wright,"['Thomas Wright', 'Susan Hall', 'Chad Mckenzie', 'Melvin Vega', 'Johnny Austin', 'Jasmine Smith', 'Laurie Johnson', 'Thomas Robertson']",0.7
https://www.nsf.gov/pubs/2026/nsf26069/nsf26069.htm,Richard Ferguson,"['Richard Ferguson', 'Joseph King', 'Katrina Rodriguez', 'Erica Alexander', 'Stephanie Sanchez', 'Susan Murphy', 'Jeffrey Clarke', 'Katherine Smith']",0.7
https://www.nsf.gov/pubs/2026/nsf26070/nsf26070.htm,Shawn Johnson,"['Shawn Johnson', 'Melvin Vega', 'Sharon Robinson', 'Rachel Gross', 'Sarah Oliver', 'Ann Curry', 'Anne Cruz', 'Kenneth Foster']",0.7
https://www.nsf.gov/pubs/2026/nsf26071/nsf26071.htm,Adrienne Richardson,"['Adrienne Richardson', 'Rachel Gross', 'John Byrd', 'Kayla Rowe', 'Jason Mcdonald', 'Jacob Ford', 'Anthony Bolton', 'Megan Daniel DDS']",0.7
https://www.nsf.gov/pubs/2026/nsf26072/nsf26072.htm,Dominic Johnson,"['Dominic Johnson', 'Margaret Clark', 'Sarah Holt', 'Anthony Bolton', 'Alexandra Alvarez MD', 'Laurie Johnson', 'Linda Lowery', 'Jerry Hanson']",0.7
https://www.nsf.gov/pubs/2026/nsf26073/nsf26073.htm,Kristin Thompson,"['Kristin Thompson', 'Ricardo Arroyo', 'Richard Donaldson', 'Jacob Hall', 'Kelly Flores', 'Chad Dennis', 'Katrina Rodriguez', 'Rhonda Glass']",0.7
https://www.nsf.gov/pubs/2026/nsf26074/nsf26074.htm,Stacey Green,"['Stacey Green', 'Deborah Patton', 'Douglas Torres', 'Christopher Townsend', 'Amy Jackson', 'Russell Velez', 'Zachary Walker', 'Amy Henry']",0.7
https://www.nsf.gov/pubs/2026/nsf26075/nsf26075.htm,Clinton Fischer,"['Clinton Fischer', 'Cynthia Hartman', 'Michelle Dawson', 'Anthony Miller', 'Shawn Guerrero', 'Gregory Oneill', 'Ellen Fields', 'Ann Farley']",0.7
https://www.nsf.gov/pubs/2026/nsf26076/nsf26076.htm,Brandon King,"['Brandon King', 'Maria Mccoy', 'Timothy Escobar', 'Kenneth King', 'Ariana Green', 'Julia Raymond', 'Alex Cunningham', 'Kathryn Peterson']",0.7
https://www.nsf.gov/pubs/2026/nsf26077/nsf26077.htm,April Petersen,"['April Petersen', 'Michael Avila', 'Dennis Lewis', 'Stephanie Baker', 'Crystal Washington', 'Daniel Freeman', 'Joshua Jackson', 'Brenda Arnold']",0.7
https://www.nsf.gov/pubs/2026/nsf26078/nsf26078.htm,Pamela Oliver,"['Pamela Oliver', 'Victor Cain', 'Michael Miller', 'John Salinas', 'Natasha Harris', 'Darren Edwards', 'Brittany Bryant', 'Susan Woods']",0.7
https://www.nsf.gov/pubs/2026/nsf26079/nsf26079.htm,Brian Huerta,"['Brian Huerta', 'Phyllis Myers', 'Kelly Douglas', 'Nicole Turner', 'Randall Harris', 'Jennifer Martinez', 'Robert Lester', 'Johnny Austin']",0.7
https://www.nsf.gov/pubs/2026/nsf26080/nsf26080.htm,Victoria Tucker,"['Victoria Tucker', 'Ryan Lopez', 'Stephen Cunningham', 'Jessica Roberts', 'Crystal Austin', 'Bobby Wolf', 'Michelle Morales', 'Barbara Stewart']",0.7
https://www.nsf.gov/pubs/2026/nsf26081/nsf26081.htm,Paula Murphy,"['Paula Murphy', 'Crystal Washington', 'Stacey Dawson', 'April Petersen', 'Amy Rivera', 'Evan Raymond', 'David Norris', 'Dr. Nathaniel Harris']",0.7
https://www.nsf.gov/pubs/2026/nsf26082/nsf26082.htm,Diane Stone,"['Diane Stone', 'Sylvia Roth', 'George Cantrell', 'James Bishop', 'Marisa Bowen', 'Heather Greene', 'Joseph Cisneros', 'Monica Santiago']",0.7
https://www.nsf.gov/pubs/2026/nsf26083/nsf26083.htm,Taylor York,"['Taylor York', 'Ryan Espinoza', 'Luis Ingram', 'Tristan Hoffman', 'Kelly Douglas', 'Michael Decker', 'Scott Green', 'Steven Smith']",0.7
https://www.nsf.gov/pubs/2026/nsf26084/nsf26084.htm,Brandon Mclean,"['Brandon Mclean', 'Pamela Oliver', 'Shelby Wood', 'Monica Santiago', 'Aaron Smith', 'Dominic Johnson', 'Michael Richardson', 'Joan Benitez']",0.7
https://www.nsf.gov/pubs/2026/nsf26085/nsf26085.htm,Stephanie Edwards,"['Stephanie Edwards', 'Johnny Williams', 'Anthony Powers', 'Andrea Cain', 'Julie Conrad', 'Charlene Reynolds', 'Cody Mccall', 'Sharon Lee']",0.7
https://www.nsf.gov/pubs/2026/nsf26086/nsf26086.htm,Keith Mills,"['Keith Mills', 'Stephanie Todd', 'Kayla Rowe', 'Krista Gonzalez', 'Hannah Chavez', 'Maria Mccoy', 'Benjamin Campbell', 'Elizabeth Santos']",0.7
https://www.nsf.gov/pubs/2026/nsf26087/nsf26087.htm,Sarah Lee,"['Sarah Lee', 'Jennifer Carey', 'James Jones', 'Stacy Smith', 'Phillip Williams Jr.', 'Kevin Duncan', 'Sarah Beasley', 'Angela Adams']",0.7
https://www.nsf.gov/pubs/2026/nsf26088/nsf26088.htm,Richard Hernandez,"['Richard Hernandez', 'Eileen Wright', 'Jacob Stone', 'Charles Wright', 'John Garza', 'Victor White', 'Michael Wu', 'Rachael Jenkins']",0.7
https://www.nsf.gov/pubs/2026/nsf26089/nsf26089.htm,Adrienne Richardson,"['Adrienne Richardson', 'Alexandra Alvarez MD', 'Tiffany Crawford', 'Kayla Miller', 'Julie Gates', 'Darren Hernandez', 'Erin Baker', 'Stephanie Baker']",0.7
https://www.nsf.gov/pubs/2026/nsf26090/nsf26090.htm,Renee Watkins,"['Renee Watkins', 'Julia Raymond', 'Kevin Campbell', 'Amanda Grimes', 'Tiffany Crawford', 'Casey Webb', 'Todd Bowman', 'Evan Hughes']",0.7
https://www.nsf.gov/pubs/2026/nsf26091/nsf26091.htm,Taylor York,"['Taylor York', 'Victoria Tucker', 'Ronald Bailey', 'Crystal Washington', 'Troy Hernandez', 'Christopher Walker', 'Tyler Harper', 'Robert Jordan']",0.7
https://www.nsf.gov/pubs/2026/nsf26092/nsf26092.htm,Samantha Burns,"['Samantha Burns', 'Stephanie West', 'Teresa Graves', 'Gregory Chang', 'William Park', 'Savannah Conley', 'Victor White', 'Jessica Hunter']",0.7
https://www.nsf.gov/pubs/2026/nsf26093/nsf26093.htm,Andrea Ruiz,"['Andrea Ruiz', 'Jesse Ramirez', 'Richard Donaldson', 'Johnathan Colon', 'Taylor York', 'Hector Yates', 'Michael Mcdowell', 'Andrea Jackson']",0.7
https://www.nsf.gov/pubs/2026/nsf26094/nsf26094.htm,Amanda Howard,"['Amanda Howard', 'Jason Schroeder', 'Lisa Pruitt', 'Natasha Harris', 'Michelle Park', 'Natalie Santiago']",0.65
https://www.nsf.gov/pubs/2026/nsf26095/nsf26095.htm,Janet Young,"['Janet Young', 'Olivia Patel', 'Mark Berg', 'Cynthia Orr', 'Ryan Sharp', 'Krystal Anderson', 'Alex Cunningham', 'Kathryn Nelson']",0.7
https://www.nsf.gov/pubs/2026/nsf26096/nsf26096.htm,Casey Jordan,"['Casey Jordan', 'Erin Baker', 'Rebecca Sanchez', 'Tanya Jenkins', 'Bryan Gomez', 'Carol Long', 'Jeffery Alvarez', 'Shawn Guerrero']",0.7
https://www.nsf.gov/pubs/2026/nsf26097/nsf26097.htm,Stephanie West,"['Stephanie West', 'Cody Riley Jr.', 'Tommy Hall', 'Stephanie Morris', 'Carl Lee', 'Amanda Valenzuela', 'David Crawford', 'Lisa Tate']",0.7
https://www.nsf.gov/pubs/2026/nsf26098/nsf26098.htm,Cody Wilson,"['Cody Wilson', 'John Holland', 'Kelly Flores', 'Joe Cardenas', 'Patrick Rivera', 'Jennifer Rodriguez', 'Heather Greene', 'James Strong']",0.7
https://www.nsf.gov/pubs/2026/nsf26099/nsf26099.htm,Michael Miller,"['Michael Miller', 'Yolanda Lewis', 'Joseph Webb', 'Ashley Wolfe', 'Megan Morrison', 'Carlos Davis', 'Jacob Moore', 'Lindsay Nunez']",0.7
https://www.nsf.gov/pubs/2026/nsf26100/nsf26100.htm,Angela Daugherty,"['Angela Daugherty', 'Tina Duke', 'Taylor Turner', 'Megan Ryan', 'Nicole Johnson', 'Ruth Chase']",0.65
https://www.nsf.gov/pubs/2026/nsf26101/nsf26101.htm,Maria Stewart,"['Maria Stewart', 'James Price', 'James Neal', 'Tyler Hill DVM', 'Raymond Diaz', 'Evan Hughes', 'Morgan Davis']",0.675
https://www.nsf.gov/pubs/2026/nsf26102/nsf26102.htm,David Hayes,"['David Hayes', 'Valerie Schaefer', 'Jacob Hall', 'Joshua Jackson', 'Chad Mcmahon', 'Benjamin Dunn', 'Ellen Fields', 'Stephanie Baker']",0.7
https://www.nsf.gov/pubs/2026/nsf26103/nsf26103.htm,Eric Lucas,"['Eric Lucas', 'Jeffrey Mcdonald', 'Victoria Gomez', 'Bernard Freeman', 'Tammy Jackson', 'Jimmy Doyle', 'Robert Smith', 'Adrienne Richardson']",0.7
https://www.nsf.gov/pubs/2026/nsf26104/nsf26104.htm,Monique Herring,"['Monique Herring', 'Johnny Williams', 'Julie Williams', 'Olivia Tucker', 'Edward Deleon Jr.', 'Melissa Murphy']",0.65
https://www.nsf.gov/pubs/2026/nsf26105/nsf26105.htm,Matthew Fleming,"['Matthew Fleming', 'Dr. Susan Huang', 'Patrick Rivera', 'Crystal Washington', 'Sara Odonnell', 'Jessica Hunter', 'Sarah Miller', 'Rodney Jones']",0.7
https://www.nsf.gov/pubs/2026/nsf26106/nsf26106.htm,Jeffrey Hill,"['Jeffrey Hill', 'Bryan Gomez', 'Beth Johnson', 'Edward Deleon Jr.', 'Maria Simmons', 'Lindsey King']",0.65
https://www.nsf.gov/pubs/2026/nsf26107/nsf26107.htm,Linda Johnson,"['Linda Johnson', 'James Ramos', 'Angela Richards', 'Kathryn Williams', 'Jessica Davis', 'Sara Schultz']",0.65
https://www.nsf.gov/pubs/2026/nsf26108/nsf26108.htm,Robin Collins,"['Robin Collins', 'Karen Brown', 'James Armstrong', 'Julie Mckenzie', 'Eric Robinson', 'Regina Dominguez', 'Maria Mccoy', 'Omar Nelson']",0.7
https://www.nsf.gov/pubs/2026/nsf26109/nsf26109.htm,Cynthia Orr,"['Cynthia Orr', 'Debbie Thomas', 'Alexis Suarez', 'Michael Stewart', 'Katrina Rodriguez', 'Crystal Goodman', 'Cory Pace', 'Stephen Cunningham']",0.7
https://www.nsf.gov/pubs/2026/nsf26110/nsf26110.htm,Tony Abbott,"['Tony Abbott', 'Steven Brown', 'Amanda Martinez', 'Brett Young', 'Ashley Garcia', 'Tiffany Crawford', 'Joyce Dickson', 'Joseph Cisneros']",0.7
https://www.nsf.gov/pubs/2026/nsf26111/nsf26111.htm,Christopher Gray,"['Christopher Gray', 'Tracy Zimmerman', 'Raymond Walker', 'Russell Walker', 'Amanda Grimes', 'Krystal Lara', 'Johnny Williams', 'Cindy Brown']",0.7
https://www.nsf.gov/pubs/2026/nsf26112/nsf26112.htm,Michael Jacobson,"['Michael Jacobson', 'Megan Daniel DDS', 'Nicole Tucker', 'Jared Martin', 'Jonathan Li', 'Jose Watson', 'Lisa Brown', 'Hannah Chavez']",0.7
https://www.nsf.gov/pubs/2026/nsf26113/nsf26113.htm,Cindy Glover,"['Cindy Glover', 'Mrs. Diana Ramos', 'Michael Decker', 'Richard Hernandez', 'Richard Ferguson', 'Edward Aguilar', 'David Meyer', 'Jessica Davis']",0.7
https://www.nsf.gov/pubs/2026/nsf26114/nsf26114.htm,Kyle Lopez,"['Kyle Lopez', 'Thomas Robertson', 'Anthony Orr', 'Chad Mckenzie', 'Jacob Obrien', 'Christopher Phillips', 'Rebecca Collins', 'Julia Raymond']",0.7
https://www.nsf.gov/pubs/2026/nsf26115/nsf26115.htm,Samuel Cooper,"['Samuel Cooper', 'Sarah Miller', 'Nicholas Vega', 'Nicole Hall', 'Andrew Roth', 'Brian Martin']",0.65
https://www.nsf.gov/pubs/2026/nsf26116/nsf26116.htm,Bruce Perez,"['Bruce Perez', 'Martin Hebert', 'James Lee MD', 'Lisa Williams', 'Phillip Robertson', 'Manuel Wilson', 'Garrett Blair', 'Dr. Susan Huang']",0.7
https://www.nsf.gov/pubs/2026/nsf26117/nsf26117.htm,Dr. Nathaniel Harris,"['Dr. Nathaniel Harris', 'Austin Graham PhD', 'Michelle Morales', 'James Dickerson', 'Carl Lee', 'Michael West']",0.65
https://www.nsf.gov/pubs/2026/nsf26118/nsf26118.htm,Michael Palmer,"['Michael Palmer', 'Zachary Walker', 'Rodney Sanchez', 'Charles Wright', 'Linda Johnson', 'Travis Wise']",0.65
https://www.nsf.gov/pubs/2026/nsf26119/nsf26119.htm,Victoria Gomez,"['Victoria Gomez', 'Eric Carlson', 'Jason Ryan', 'Maria Stewart', 'James Bishop', 'Shelby Miller', 'Aaron Davis', 'Nicholas Taylor']",0.7
https://www.nsf.gov/pubs/2026/nsf26120/nsf26120.htm,Kenneth Gonzalez,"['Kenneth Gonzalez', 'Nicole Johnson', 'James Page DDS', 'Scott Rose', 'James Williams', 'Timothy Escobar', 'Samantha Burns', 'Amy Stevens']",0.7
https://www.nsf.gov/pubs/2026/nsf26121/nsf26121.htm,Jacob Burnett,"['Jacob Burnett', 'John Turner', 'Shawn Hays', 'Peter Norton', 'Natasha Harris', 'Courtney Hendrix']",0.65
https://www.nsf.gov/pubs/2026/nsf26122/nsf26122.htm,Jacob Ford,"['Jacob Ford', 'Elizabeth Watkins', 'Hayley Gutierrez', 'Megan Lopez', 'Mark Berg', 'Darren Hernandez', 'Paige Bolton', 'Nicole Snyder']",0.7
https://www.nsf.gov/pubs/2026/nsf26123/nsf26123.htm,Sarah Holt,"['Sarah Holt', 'Victor White', 'Monica Moore', 'Brooke Anderson', 'Sharon Hernandez', 'Patrick Rivera', 'Jennifer Wilson', 'Jessica Hunter']",0.7
https://www.nsf.gov/pubs/2026/nsf26124/nsf26124.htm,Natalie Miles,"['Natalie Miles', 'Rebecca Collins', 'Rebecca Pennington', 'Victoria Roach', 'Leslie Williams', 'Jeanne Ramsey', 'Jennifer Chen', 'Ryan Cooper']",0.7
https://www.nsf.gov/pubs/2026/nsf26125/nsf26125.htm,Katherine Gordon,"['Katherine Gordon', 'Andrea Moyer', 'Johnathan Colon', 'James Armstrong', 'Maria Simmons', 'David Heath', 'Michael Le', 'Melissa Cole']",0.7
https://www.nsf.gov/pubs/2026/nsf26126/nsf26126.htm,Mr. Eric Bruce DVM,"['Mr. Eric Bruce DVM', 'Donald Romero', 'Michelle Clark', 'Jonathan Lin', 'Laura Davis', 'Devon Mendoza', 'Sarah Holt', 'Michael Hopkins']",0.7
https://www.nsf.gov/pubs/2026/nsf26127/nsf26127.htm,David Meyer,"['David Meyer', 'Tony Wood', 'Mary Herrera', 'William Lee', 'Donna Farley', 'Joseph King', 'Gregory Collins', 'James Sanchez']",0.7
https://www.nsf.gov/pubs/2026/nsf26128/nsf26128.htm,Natalie Santiago,"['Natalie Santiago', 'Sherri Gonzalez', 'Mrs. Victoria Diaz', 'Jessica Morris DVM', 'Mary Hubbard', 'Paul Armstrong', 'Johnny Williams', 'Robert Daniels']",0.7
https://www.nsf.gov/pubs/2026/nsf26129/nsf26129.htm,Yolanda Hunt,"['Yolanda Hunt', 'Kenneth King', 'Alexandra Alvarez MD', 'Julia Raymond', 'Carol Long', 'David Jackson MD', 'Tyler Campos', 'Kendra Meadows']",0.7
https://www.nsf.gov/pubs/2026/nsf26130/nsf26130.htm,Terry Gomez,"['Terry Gomez', 'Tammy Peters', 'Samuel Collins', 'Kaitlyn Jones', 'Lori Bartlett', 'Zachary Meyer', 'Ronald Hart', 'Anthony Osborn']",0.7
https://www.nsf.gov/pubs/2026/nsf26131/nsf26131.htm,Megan Lopez,"['Megan Lopez', 'Russell Walker', 'Zachary Walker', 'Andrew Ashley', 'Stephanie Sanchez', 'Jonathan Wilson', 'Sarah Lee', 'Terry Gomez']",0.7
https://www.nsf.gov/pubs/2026/nsf26132/nsf26132.htm,Allison Carpenter,"['Allison Carpenter', 'Elizabeth Keller', 'Anthony Bolton', 'Richard Little', 'Julie Williams', 'Derek Schaefer', 'Anthony Orr', 'Jessica Hunter']",0.7
https://www.nsf.gov/pubs/2026/nsf26133/nsf26133.htm,Mary Carter,"['Mary Carter', 'Jacob Burnett', 'Alexandra Alvarez MD', 'Kristen Ruiz', 'Jessica Morris DVM', 'Zachary Meyer', 'Cynthia Orr', 'Gregory Robinson']",0.7
https://www.nsf.gov/pubs/2026/nsf26134/nsf26134.htm,Diane Kline,"['Diane Kline', 'James Lee MD', 'Carlos Barton', 'Christy Lewis', 'Samuel Spence', 'Kristy Patrick', 'Lori Bartlett', 'Cassandra Hughes']",0.7
https://www.nsf.gov/pubs/2026/nsf26135/nsf26135.htm,Casey Webb,"['Casey Webb', 'Misty Flynn', 'Gina Valencia', 'Anthony Powers', 'Evan Hughes', 'Jennifer White', 'David Mccarthy', 'Gregory Robinson']",0.7
https://www.nsf.gov/pubs/2026/nsf26136/nsf26136.htm,Zachary Walker,"['Zachary Walker', 'John Wiggins', 'Natasha Harris', 'Carol Green', 'Jasmine White', 'Taylor Williams']",0.65
https://www.nsf.gov/pubs/2026/nsf26137/nsf26137.htm,Robin Collins,"['Robin Collins', 'Brian Reeves', 'Michael Anderson', 'Jacob Miller', 'Keith Johnson', 'Kenneth Shaffer']",0.65
https://www.nsf.gov/pubs/2026/nsf26138/nsf26138.htm,April Petersen,"['April Petersen', 'Bryan Gomez', 'Michael Barry', 'Cynthia Orr', 'Lisa Sloan', 'Sharon Lee', 'Heidi Ware', 'Brenda Arnold']",0.7
https://www.nsf.gov/pubs/2026/nsf26139/nsf26139.htm,Anthony George,"['Anthony George', 'Jacqueline Lewis', 'Kevin King', 'Stephanie West', 'Denise Hudson', 'Randall Harris', 'Gregory Chang', 'Cody Riley Jr.']",0.7
https://www.nsf.gov/pubs/2026/nsf26140/nsf26140.htm,Sandra Villegas,"['Sandra Villegas', 'Daniel Hayes', 'Michael Decker', 'Kimberly Walters', 'Michael Hopkins', 'Stephanie Sanchez', 'Carl Lee', 'Samantha Burns']",0.7
https://www.nsf.gov/pubs/2026/nsf26141/nsf26141.htm,Michelle Morales,"['Michelle Morales', 'Keith Johnson', 'Nicole Hughes', 'Megan Norman', 'Jessica Parker', 'Anthony Orr', 'Drew Hall', 'Casey Lewis']",0.7
https://www.nsf.gov/pubs/2026/nsf26142/nsf26142.htm,Annette Serrano,"['Annette Serrano', 'Alexander Anderson', 'Kara Jones', 'Diana Suarez', 'Stacie Landry', 'Linda Johnson', 'Elizabeth Hernandez', 'Samantha Shannon']",0.7
https://www.nsf.gov/pubs/2026/nsf26143/nsf26143.htm,Isabel Davis,"['Isabel Davis', 'Steve Ramirez', 'Jessica Pollard', 'Timothy Escobar', 'Scott Anderson', 'Jeffrey Tran', 'Donna Flores', 'William Norris']",0.7
https://www.nsf.gov/pubs/2026/nsf26144/nsf26144.htm,Calvin Lawrence,"['Calvin Lawrence', 'Deborah Patton', 'Carrie Johnson', 'Melissa White', 'Jeffrey Mccarthy', 'Jacqueline Thomas', 'Mary Carter', 'Eric Williams']",0.7
https://www.nsf.gov/pubs/2026/nsf26145/nsf26145.htm,David Norris,"['David Norris', 'Jason Wilson', 'Michael Barnett', 'Joseph King', 'Tina Duke', 'James Ramos']",0.65
https://www.nsf.gov/pubs/2026/nsf26146/nsf26146.htm,Ryan Espinoza,"['Ryan Espinoza', 'Carol Scott', 'Nicole Hall', 'Cynthia Orr', 'Johnny Williams', 'Kristen Ruiz', 'Alexander Anderson', 'Jessica Hunter']",0.7
https://www.nsf.gov/pubs/2026/nsf26147/nsf26147.htm,Anna Simmons,"['Anna Simmons', 'Lauren Novak', 'Adrian Johnson', 'Kelly Douglas', 'Kathryn Nelson', 'Alexander Olson', 'Edward Deleon Jr.', 'Anna Bennett']",0.7
https://www.nsf.gov/pubs/2026/nsf26148/nsf26148.htm,Michelle Murray,"['Michelle Murray', 'Dennis Lewis', 'Olivia Patel', 'Anthony Sanchez', 'Carol Wallace', 'Kristen Middleton', 'Jacob Ford', 'Sarah Miller']",0.7
https://www.nsf.gov/pubs/2026/nsf26149/nsf26149.htm,Victoria Chen,"['Victoria Chen', 'Steven Smith', 'Timothy Torres', 'Erik Krause IV', 'Michael Richardson', 'Heather Greene', 'Ronald Wilson', 'Nicole Morton']",0.7
https://www.nsf.gov/pubs/2026/nsf26150/nsf26150.htm,Anthony Powers,"['Anthony Powers', 'Susan Woodard', 'Chelsea Henderson', 'Adrienne Richardson', 'Brian Reeves', 'Jared Martin']",0.65
https://www.nsf.gov/pubs/2026/nsf26151/nsf26151.htm,Kevin King,"['Kevin King', 'Jodi Crawford', 'Jessica Clayton', 'Peter Martinez', 'Erin Baker', 'Mr. Ryan Yates']",0.65
https://www.nsf.gov/pubs/2026/nsf26152/nsf26152.htm,Cody Riley Jr.,"['Cody Riley Jr.', 'Adrienne Richardson', 'John Anderson MD', 'Aaron Brown', 'Megan Daniel DDS', 'Steven Davis']",0.65
https://www.nsf.gov/pubs/2026/nsf26153/nsf26153.htm,Stephen Cunningham,"['Stephen Cunningham', 'Kristen Middleton', 'Scott Rose', 'Margaret Ball', 'Donald Romero', 'Kyle Lopez', 'Michael Palmer', 'Emily Smith']",0.7
https://www.nsf.gov/pubs/2026/nsf26154/nsf26154.htm,Brianna Murphy,"['Brianna Murphy', 'Carol Wallace', 'Casey Webb', 'Michelle Goodwin', 'Kelly Douglas', 'Ronald Bailey', 'Mr. Kevin Ford MD', 'Kevin King']",0.7
https://www.nsf.gov/pubs/2026/nsf26155/nsf26155.htm,Taylor Jefferson,"['Taylor Jefferson', 'Meghan Black', 'Kevin Duncan', 'Krista Gonzalez', 'Cindy Brown', 'Omar Nelson', 'James Green', 'Heather Wagner']",0.7
https://www.nsf.gov/pubs/2026/nsf26156/nsf26156.htm,Peter Davis,"['Peter Davis', 'Zachary Mckinney', 'Donald Taylor', 'Richard Patterson', 'Amy Kim', 'Anthony Hernandez', 'John Reid', 'John Byrd']",0.7
https://www.nsf.gov/pubs/2026/nsf26157/nsf26157.htm,Adrian Johnson,"['Adrian Johnson', 'Shelby Miller', 'James Bishop', 'Benjamin Campbell', 'Tom Rivera', 'Lori Owens', 'Eric Noble', 'Cody Lewis']",0.7
https://www.nsf.gov/pubs/2026/nsf26158/nsf26158.htm,Michael Decker,"['Michael Decker', 'Anna Bennett', 'Laura Thomas', 'Brian Johnson', 'Christopher Rodriguez', 'Manuel Wilson']",0.65
https://www.nsf.gov/pubs/2026/nsf26159/nsf26159.htm,Jennifer Massey,"['Jennifer Massey', 'Jasmine White', 'Crystal Long', 'Jacob Santos PhD', 'Kevin Delacruz', 'Joshua Larson', 'Pamela Briggs', 'Christina Thomas']",0.7
https://www.nsf.gov/pubs/2026/nsf26160/nsf26160.htm,Samantha Burns,"['Samantha Burns', 'Chad Mckenzie', 'Jessica Pollard', 'Jeffrey Mcdonald', 'Sarah Holt', 'James Harris', 'Ruth Chase', 'Patricia Moore']",0.7
https://www.nsf.gov/pubs/2026/nsf26161/nsf26161.htm,Robin Bailey,"['Robin Bailey', 'Benjamin Dunn', 'Jason Bird', 'Susan Reynolds', 'Joseph Webb', 'Michael Curry', 'Gina Reese', 'Dennis Brown']",0.7
https://www.nsf.gov/pubs/2026/nsf26162/nsf26162.htm,Joseph Cisneros,"['Joseph Cisneros', 'Devon Mendoza', 'Angela Short', 'Kimberly Williams', 'Karla Mann', 'Robert Smith', 'Joshua Larson', 'Thomas Brown']",0.7
https://www.nsf.gov/pubs/2026/nsf26163/nsf26163.htm,Cheryl Forbes,"['Cheryl Forbes', 'Brooke Anderson', 'Joshua Lewis', 'Marissa Flores', 'Amanda Bishop', 'John Wiggins']",0.65
https://www.nsf.gov/pubs/2026/nsf26164/nsf26164.htm,Samuel Cooper,"['Samuel Cooper', 'Jamie Jordan', 'Heather Gonzales', 'Ryan Robertson', 'Stephen Cunningham', 'Frederick Haynes']",0.65
https://www.nsf.gov/pubs/2026/nsf26165/nsf26165.htm,Michael Le,"['Michael Le', 'Amy Jackson', 'Yolanda Lewis', 'Lori Archer', 'Gregory Serrano', 'Mary Carter', 'Ashley Wolfe', 'Sarah Wyatt']",0.7
https://www.nsf.gov/pubs/2026/nsf26166/nsf26166.htm,Hannah Chavez,"['Hannah Chavez', 'James Sanchez', 'Jacqueline Lewis', 'Valerie Schaefer', 'Wendy Patrick', 'Kristen Ruiz', 'Rebecca Collins', 'Kimberly Allen']",0.7
https://www.nsf.gov/pubs/2026/nsf26167/nsf26167.htm,Keith Johnson,"['Keith Johnson', 'Chloe Johnson', 'Michael Stewart', 'Kelly Ryan', 'Jerry Mayo', 'Casey Webb', 'Fred Rowe', 'Donna Gibbs']",0.7
https://www.nsf.gov/pubs/2026/nsf26168/nsf26168.htm,John Jackson,"['John Jackson', 'Christopher Gray', 'Kevin Gordon', 'Catherine Anderson', 'Mrs. Jessica Lee', 'Shari Marshall', 'Devon Arellano', 'Linda Garcia']",0.7
https://www.nsf.gov/pubs/2026/nsf26169/nsf26169.htm,Victoria Tucker,"['Victoria Tucker', 'Victor Lewis', 'Sharon Lee', 'Timothy Smith', 'John West', 'Rick Sharp']",0.65
https://www.nsf.gov/pubs/2026/nsf26170/nsf26170.htm,Maria Simmons,"['Maria Simmons', 'Tracey Anderson', 'Kevin King', 'Denise Castaneda', 'Mr. Charles Olson', 'Katie Rodriguez', 'Johnny Williams', 'Kevin Garcia']",0.7
https://www.nsf.gov/pubs/2026/nsf26171/nsf26171.htm,Gabriel Patterson,"['Gabriel Patterson', 'Katherine Brown', 'Jessica Pollard', 'Amanda Howard', 'Clinton Fischer', 'Eric Aguilar', 'Jason Mendoza', 'Jason Schroeder']",0.7
https://www.nsf.gov/pubs/2026/nsf26172/nsf26172.htm,Bobby Wolf,"['Bobby Wolf', 'Steven Davis', 'Donna Stone', 'Scott Rose', 'Jacob Burnett', 'Kimberly Hancock']",0.65
https://www.nsf.gov/pubs/2026/nsf26173/nsf26173.htm,Stephanie Collins,"['Stephanie Collins', 'Carlos Barton', 'Michael Dougherty', 'Patricia Garza', 'Michael Hopkins', 'James Lee MD', 'Susan Woods', 'Mark Vargas']",0.7
https://www.nsf.gov/pubs/2026/nsf26174/nsf26174.htm,Elizabeth Moore,"['Elizabeth Moore', 'Samantha Alexander', 'Karen Lopez', 'Erin Baker', 'Ellen Fields', 'Mark Lewis']",0.65
https://www.nsf.gov/pubs/2026/nsf26175/nsf26175.htm,Michael Decker,"['Michael Decker', 'Jose Watson', 'Carl Schwartz', 'Dr. Dennis Sexton', 'Ashley Carey', 'Matthew Fleming', 'Dawn David', 'Matthew Davenport']",0.7
https://www.nsf.gov/pubs/2026/nsf26176/nsf26176.htm,John Brown,"['John Brown', 'Angela Adams', 'Robert Daniels', 'Philip Young', 'Audrey Fields', 'David Wright', 'Anthony George', 'Michelle Clark']",0.7
https://www.nsf.gov/pubs/2026/nsf26177/nsf26177.htm,Gabriel Patterson,"['Gabriel Patterson', 'Rodney Sanchez', 'Robert Jones', 'Marissa Flores', 'Zachary Mckinney', 'Jacob Burnett', 'Jacob Webster', 'Julie Williams']",0.7
https://www.nsf.gov/pubs/2026/nsf26178/nsf26178.htm,Jay Perez,"['Jay Perez', 'Richard Anderson', 'Morgan West', 'Jennifer Wilson', 'Manuel Norris', 'Briana Singh', 'Robert Wright', 'Shaun Avila']",0.7
https://www.nsf.gov/pubs/2026/nsf26179/nsf26179.htm,Amy Martin,"['Amy Martin', 'Joshua Williams', 'Bobby Hughes', 'Kendra Meadows', 'Jacob Moore', 'Martha Miller', 'Mark Vargas', 'Donna Stone']",0.7
https://www.nsf.gov/pubs/2026/nsf26180/nsf26180.htm,Maria Mccoy,"['Maria Mccoy', 'Richard Glass', 'Casey Webb', 'Colleen Carter DVM', 'James Mueller', 'Jessica Page', 'Ronald Hart', 'David Farrell']",0.7
https://www.nsf.gov/pubs/2026/nsf26181/nsf26181.htm,Samuel Collins,"['Samuel Collins', 'Joseph King', 'Amanda Forbes', 'Brianna Friedman', 'Donald Romero', 'Sharon Robinson', 'Amanda Wagner', 'John Guerra']",0.7
https://www.nsf.gov/pubs/2026/nsf26182/nsf26182.htm,Theresa Moore,"['Theresa Moore', 'Cindy Williams', 'Maxwell Wilson', 'Victoria Carpenter', 'Sara Odonnell', 'Hayley Gutierrez', 'Nancy Oliver', 'Robert Barron']",0.7
https://www.nsf.gov/pubs/2026/nsf26183/nsf26183.htm,Carmen Meyer,"['Carmen Meyer', 'Tiffany Crawford', 'Timothy Jones', 'Luis Ingram', 'Beth Johnson', 'Jessica Hunter']",0.65
https://www.nsf.gov/pubs/2026/nsf26184/nsf26184.htm,Barbara Stewart,"['Barbara Stewart', 'Michael Patterson', 'Jeffrey Thornton', 'Margaret Ball', 'Lisa Brown', 'Kevin Garcia', 'Johnny Williams', 'John Spencer Jr.']",0.7
https://www.nsf.gov/pubs/2026/nsf26185/nsf26185.htm,Matthew Mccullough,"['Matthew Mccullough', 'John Turner', 'Jacqueline Thomas', 'Travis Braun', 'Valerie Schaefer', 'Richard Little', 'Casey Webb', 'Kimberly Williams']",0.7
https://www.nsf.gov/pubs/2026/nsf26186/nsf26186.htm,Sara Odonnell,"['Sara Odonnell', 'Logan Mills', 'Audrey Pace', 'Rodney Jones', 'Katrina Rodriguez', 'Eric Krause', 'Karen House', 'Gina Reese']",0.7
https://www.nsf.gov/pubs/2026/nsf26187/nsf26187.htm,Amy Pearson,"['Amy Pearson', 'Kelsey Thomas', 'Susan Woodard', 'Martin Hebert', 'Caleb Key', 'Robert Green', 'Miss Adriana Murray', 'David Mccarthy']",0.7
https://www.nsf.gov/pubs/2026/nsf26188/nsf26188.htm,Christina Thomas,"['Christina Thomas', 'John Adams', 'Isabel Davis', 'Raymond Espinoza', 'Stacy Smith', 'Carol Scott', 'Derek Schaefer', 'Andre Vazquez']",0.7
https://www.nsf.gov/pubs/2026/nsf26189/nsf26189.htm,Kayla James,"['Kayla James', 'Maria Moore', 'Rebecca Collins', 'Brian Huerta', 'Benjamin Camacho', 'Jeffrey Houston', 'Jonathan Jones', 'Tony Abbott']",0.7
https://www.nsf.gov/pubs/2026/nsf26190/nsf26190.htm,Stephanie Sanchez,"['Stephanie Sanchez', 'Martin Hebert', 'Megan Ryan', 'Joshua Little', 'Jason Ryan', 'Julie Williams', 'Zachary Aguilar', 'Justin Wilson']",0.7
https://www.nsf.gov/pubs/2026/nsf26191/nsf26191.htm,Misty Flynn,"['Misty Flynn', 'David Martin', 'Omar Nelson', 'Patricia Duke', 'John Adams', 'Robert Jordan']",0.65
https://www.nsf.gov/pubs/2026/nsf26192/nsf26192.htm,Megan Ryan,"['Megan Ryan', 'Jacqueline Lewis', 'Hannah Huber', 'Andrew Ingram', 'Michael Richardson', 'Donald Gonzalez', 'Laura Thomas', 'Stephen Jackson']",0.7
https://www.nsf.gov/pubs/2026/nsf26193/nsf26193.htm,Nicole Hall,"['Nicole Hall', 'Charles Perry', 'Kelly Flores', 'Mark Lewis', 'John Byrd', 'Randy Hernandez', 'Jason Arnold', 'Mr. Ian Gonzalez']",0.7
https://www.nsf.gov/pubs/2026/nsf26194/nsf26194.htm,Natasha Harris,"['Natasha Harris', 'Desiree Watkins', 'Bryan Myers', 'Daniel Coffey', 'Susan Woods', 'Kevin Gordon', 'Rachael Taylor']",0.675
https://www.nsf.gov/pubs/2026/nsf26195/nsf26195.htm,Emily Smith,"['Emily Smith', 'Tom Rivera', 'John Adams', 'Julia Pierce', 'Sara Lee', 'Jermaine Holder', 'David Heath', 'Cheryl Crane']",0.7
https://www.nsf.gov/pubs/2026/nsf26196/nsf26196.htm,Teresa Clark,"['Teresa Clark', 'Matthew Pitts', 'Nicole Hughes', 'Jonathan Lin', 'Nicholas Lloyd', 'Bryan Gomez', 'David Chen', 'Susan Murphy']",0.7
https://www.nsf.gov/pubs/2026/nsf26197/nsf26197.htm,Kevin Delacruz,"['Kevin Delacruz', 'Richard Ferguson', 'Kristy Patrick', 'Lisa Flores', 'John Brown', 'Jill Barron', 'Kimberly Walters', 'Elizabeth Moore']",0.7
https://www.nsf.gov/pubs/2026/nsf26198/nsf26198.htm,Hannah Ward,"['Hannah Ward', 'Nicole Morton', 'Michael Jenkins', 'Jonathan Dunlap', 'Karen Blanchard', 'Kayla Roy', 'Leslie Williams']",0.675
https://www.nsf.gov/pubs/2026/nsf26199/nsf26199.htm,Alex Cunningham,"['Alex Cunningham', 'Robert Johnson', 'Stacy Miller', 'Marissa Flores', 'Morgan West', 'Hailey Rush', 'John West', 'Ronald King']",0.7
https://www.nsf.gov/pubs/2026/nsf26200/nsf26200.htm,Angelica Brennan,"['Angelica Brennan', 'Charlene Reynolds', 'Sharon Lee', 'Misty Flynn', 'Evan Hughes', 'Tyler Mcgee', 'Stephanie Gibson', 'Victor White']",0.7
https://www.nsf.gov/pubs/2026/nsf26201/nsf26201.htm,Jeffrey Mcdonald,"['Jeffrey Mcdonald', 'Jeffrey Adams', 'John Hood', 'Christopher Thomas', 'Rachel Evans', 'Crystal Novak']",0.65
https://www.nsf.gov/pubs/2026/nsf26202/nsf26202.htm,Stephanie Baker,"['Stephanie Baker', 'Steven Browning', 'Sara Odonnell', 'Lisa Tate', 'Summer Hart', 'Chloe Johnson', 'Victor White', 'Jose Watson']",0.7
https://www.nsf.gov/pubs/2026/nsf26203/nsf26203.htm,Kevin King,"['Kevin King', 'Tyler Willis', 'John West', 'Mary Crane', 'Richard Anderson', 'Cindy Brown']",0.65
https://www.nsf.gov/pubs/2026/nsf26204/nsf26204.htm,Samuel Cooper,"['Samuel Cooper', 'William Young', 'Christina Jenkins', 'Lisa Brown', 'Micheal Brown', 'Donald Taylor', 'Tammy Jackson', 'Margaret Ball']",0.7
https://www.nsf.gov/pubs/2026/nsf26205/nsf26205.htm,Sharon Lee,"['Sharon Lee', 'Samuel Collins', 'Kelly Jackson', 'Mary Gray', 'Alan Richardson', 'Caroline Martin']",0.65
https://www.nsf.gov/pubs/2026/nsf26206/nsf26206.htm,Jose Watson,"['Jose Watson', 'Mr. Ryan Yates', 'Marissa Flores', 'Katherine Gordon', 'Tracey Anderson', 'Frederick Haynes', 'Benjamin Dunn', 'Sarah Bullock']",0.7
https://www.nsf.gov/pubs/2026/nsf26207/nsf26207.htm,Mary Campbell,"['Mary Campbell', 'Bryan Myers', 'William Pierce', 'Anna Barnes', 'Luis Ingram', 'Gregory Cooper', 'Cameron Bruce', 'Omar Nelson']",0.7
https://www.nsf.gov/pubs/2026/nsf26208/nsf26208.htm,Joshua Vang,"['Joshua Vang', 'Kristen Middleton', 'Michael Henson', 'Christopher Thomas', 'Cody Riley Jr.', 'Adrienne Richardson', 'Gabriel Patterson', 'Brandon Mclean']",0.7
https://www.nsf.gov/pubs/2026/nsf26209/nsf26209.htm,Phillip Robertson,"['Phillip Robertson', 'Eddie Russell', 'Eric Carlson', 'Kevin Gordon', 'Gina Reese', 'Adrienne Allen', 'Kevin King']",0.675
https://www.nsf.gov/pubs/2026/nsf26210/nsf26210.htm,Gregory Cooper,"['Gregory Cooper', 'Rebecca Pennington', 'Jamie Holmes', 'Dave Farmer', 'Morgan West', 'Michael Hopkins']",0.65
https://www.nsf.gov/pubs/2026/nsf26211/nsf26211.htm,Matthew Mccullough,"['Matthew Mccullough', 'Stephen Jackson', 'Zachary Aguilar', 'Hannah Jacobs', 'Jared Martin', 'Donna Stone', 'Mary Kaufman', 'John Turner']",0.7
https://www.nsf.gov/pubs/2026/nsf26212/nsf26212.htm,Jose Watson,"['Jose Watson', 'Jason Jackson', 'Jason Bird', 'Raymond Johnson', 'Matthew Mccullough', 'Jeremy Nelson', 'Kendra Meadows', 'Christopher Daniels']",0.7
https://www.nsf.gov/pubs/2026/nsf26213/nsf26213.htm,Garrett Blair,"['Garrett Blair', 'Andrew Munoz', 'James Harris', 'Adrienne Richardson', 'Ronald Wilson', 'John Brown', 'Daniel Taylor', 'Jeffrey Adams']",0.7
https://www.nsf.gov/pubs/2026/nsf26214/nsf26214.htm,Larry Beck,"['Larry Beck', 'Joshua Larson', 'Carla Cohen', 'David Norris', 'Karen Blanchard', 'Lisa Brown', 'Kevin Campbell', 'Mark Vargas']",0.7
https://www.nsf.gov/pubs/2026/nsf26215/nsf26215.htm,Aaron Smith,"['Aaron Smith', 'Stephanie Todd', 'Benjamin Gilbert', 'Eric Robinson', 'James Jones', 'Robin Collins', 'Joseph Alexander', 'Taylor Jefferson']",0.7
https://www.nsf.gov/pubs/2026/nsf26216/nsf26216.htm,Elizabeth Moore,"['Elizabeth Moore', 'Jason Bird', 'Crystal Novak', 'James Young', 'Anthony Hernandez', 'Evan Warren']",0.65
https://www.nsf.gov/pubs/2026/nsf26217/nsf26217.htm,Richard Anderson,"['Richard Anderson', 'Chad Wagner', 'Jacob Burnett', 'Raymond Johnson', 'Dylan Jones', 'Laura Thomas', 'Austin Williamson', 'Robert Wright']",0.7
https://www.nsf.gov/pubs/2026/nsf26218/nsf26218.htm,Carmen Meyer,"['Carmen Meyer', 'Caitlin Kennedy', 'Keith Mills', 'Karla Campbell', 'Michael Johnson', 'Janet Young', 'James Thompson', 'Rachel Gross']",0.7
https://www.nsf.gov/pubs/2026/nsf26219/nsf26219.htm,Kenneth Gonzalez,"['Kenneth Gonzalez', 'James Mueller', 'Yvonne Ross', 'Stephanie Mays MD', 'Benjamin Lara', 'David Travis', 'Samantha Burns', 'Kayla James']",0.7
https://www.nsf.gov/pubs/2026/nsf26220/nsf26220.htm,Tonya Hurley,"['Tonya Hurley', 'Amanda Elliott', 'Charles Perry', 'Victoria Tucker', 'Alexandra Alvarez MD', 'Karen Shaw', 'Hailey Rush', 'Stephanie Baker']",0.7
https://www.nsf.gov/pubs/2026/nsf26221/nsf26221.htm,Heather Greene,"['Heather Greene', 'Monica Santiago', 'Shannon Ruiz', 'Andrew West', 'Kelly Flores', 'Benjamin Gilbert', 'Jacob Allen', 'Cameron Bruce']",0.7
https://www.nsf.gov/pubs/2026/nsf26222/nsf26222.htm,Monique Herring,"['Monique Herring', 'Samuel Cooper', 'Stephanie Gibson', 'Rachael Jenkins', 'Ronnie Miles', 'Brian Bonilla', 'Benjamin Evans', 'Danielle Schwartz']",0.7
https://www.nsf.gov/pubs/2026/nsf26223/nsf26223.htm,Jacqueline Lewis,"['Jacqueline Lewis', 'Yvonne Bennett', 'Sean Woodward', 'Mary Herrera', 'Andrew Hall', 'Jessica Hunter', 'Miss Adriana Murray', 'Audrey Fields']",0.7
https://www.nsf.gov/pubs/2026/nsf26224/nsf26224.htm,Brooke Anderson,"['Brooke Anderson', 'Carrie Johnson', 'Deborah Patton', 'Teresa Graves', 'James Williams', 'Lisa Perez', 'Kenneth Gonzalez', 'Terry Gomez']",0.7
https://www.nsf.gov/pubs/2026/nsf26225/nsf26225.htm,Aaron Smith,"['Aaron Smith', 'John Johnson', 'Dr. Robert Stevens', 'Johnny Austin', 'Gregory Ayala', 'Pamela Oliver', 'Kayla Paul', 'Jonathan Li']",0.7
https://www.nsf.gov/pubs/2026/nsf26226/nsf26226.htm,Bryan Gomez,"['Bryan Gomez', 'Rachel Sims', 'Casey Jordan', 'Anna Bennett', 'April Petersen', 'Theresa Bryan', 'Scott Rose', 'Jose Watson']",0.7
https://www.nsf.gov/pubs/2026/nsf26227/nsf26227.htm,Sarah Beasley,"['Sarah Beasley', 'David Meyer', 'Elizabeth Moore', 'Jacob Hall', 'Nathaniel Snow', 'Susan Hall', 'Robert Mccoy', 'Anthony Patterson']",0.7
https://www.nsf.gov/pubs/2026/nsf26228/nsf26228.htm,Diana Ali,"['Diana Ali', 'Matthew Campbell', 'Ashley Wolfe', 'Seth Moore', 'Heidi Ware', 'John Guerra', 'Allison Andrews', 'William Harvey']",0.7
https://www.nsf.gov/pubs/2026/nsf26229/nsf26229.htm,Terry Gomez,"['Terry Gomez', 'Joseph King', 'Richard Allison', 'Jeffrey Hill', 'Jeremy Nelson', 'Bianca Hamilton', 'Sarah Holt', 'Christopher Townsend']",0.7
https://www.nsf.gov/pubs/2026/nsf26230/nsf26230.htm,Dr. Dennis Sexton,"['Dr. Dennis Sexton', 'Terry Gomez', 'Ellen Fields', 'Jasmine White', 'Matthew Campbell', 'Hayley Gutierrez', 'Holly Jensen', 'Jeremiah Davis']",0.7
https://www.nsf.gov/pubs/2026/nsf26231/nsf26231.htm,Monique Herring,"['Monique Herring', 'Omar Nelson', 'Derek Schaefer', 'Taylor Jefferson', 'James Stephens', 'Cindy Brown']",0.65
https://www.nsf.gov/pubs/2026/nsf26232/nsf26232.htm,Yolanda Hunt,"['Yolanda Hunt', 'Maria Moore', 'Ann Curry', 'Alexandra Alvarez MD', 'Scott Lewis', 'Mrs. Diana Ramos', 'Roy Olson', 'Teresa Clark']",0.7
https://www.nsf.gov/pubs/2026/nsf26233/nsf26233.htm,Mr. Christopher Gardner,"['Mr. Christopher Gardner', 'John Shelton', 'Kevin Delacruz', 'Joseph Cisneros', 'Christina Ware', 'Kenneth Foster', 'Cassie Ross', 'Karla Mann']",0.7
https://www.nsf.gov/pubs/2026/nsf26234/nsf26234.htm,Debra Mcdaniel,"['Debra Mcdaniel', 'Peter Norton', 'Kristine Spence', 'David Farrell', 'James Barker', 'Brianna Murphy', 'Nancy Oliver', 'Jacob Burnett']",0.7
https://www.nsf.gov/pubs/2026/nsf26235/nsf26235.htm,Louis Walters,"['Louis Walters', 'Julie Conrad', 'Kenneth Marquez', 'Cody Mccall', 'Mary Herrera', 'Jeffrey Hill', 'Victor Day']",0.675
https://www.nsf.gov/pubs/2026/nsf26236/nsf26236.htm,Jason Mendoza,"['Jason Mendoza', 'David Roberts', 'Megan Ryan', 'Sandra Villegas', 'Ashley Hernandez', 'Jacob Ford', 'Thomas Adams', 'Ellen Fields']",0.7
https://www.nsf.gov/pubs/2026/nsf26237/nsf26237.htm,Tiffany Crawford,"['Tiffany Crawford', 'Stacey Green', 'Roger Keller', 'Mindy Chase', 'Tyler Mcgee', 'Robert Short', 'Caitlin Harrison', 'Lisa Tate']",0.7
https://www.nsf.gov/pubs/2026/nsf26238/nsf26238.htm,Stephanie Baker,"['Stephanie Baker', 'Rachel Ballard', 'Heather Gonzales', 'Miss Adriana Murray', 'James Armstrong', 'Lisa Tate', 'James Bishop', 'Rachael Jenkins']",0.7
https://www.nsf.gov/pubs/2026/nsf26239/nsf26239.htm,Yolanda Anderson,"['Yolanda Anderson', 'Christopher Rodriguez', 'Tonya Miller', 'Jennifer Mendez', 'Thomas Robertson', 'Amanda Forbes', 'Margaret Ball', 'Kimberly Walters']",0.7
https://www.nsf.gov/pubs/2026/nsf26240/nsf26240.htm,James Sanchez,"['James Sanchez', 'Mary Carter', 'Stephanie Garcia', 'Mary Herrera', 'Jonathan Jensen', 'Michael Shah', 'Zachary Meyer', 'Mark Reyes']",0.7
https://www.nsf.gov/pubs/2026/nsf26241/nsf26241.htm,Diana Ali,"['Diana Ali', 'Jessica Pollard', 'Todd Nolan', 'Stephanie Todd', 'Jennifer Chen', 'Misty Flynn', 'Courtney Hendrix']",0.675
https://www.nsf.gov/pubs/2026/nsf26242/nsf26242.htm,Zachary Walker,"['Zachary Walker', 'Natalie Santiago', 'Philip Young', 'Jessica Taylor', 'Jordan Graham', 'Frank Carter', 'Amy Cochran', 'Rick Sharp']",0.7
https://www.nsf.gov/pubs/2026/nsf26243/nsf26243.htm,Gregory Cooper,"['Gregory Cooper', 'Douglas Deleon', 'Stacey Maxwell', 'John Weeks', 'Nicholas Taylor', 'Heidi Johnson', 'Devon Arellano', 'Krystal Anderson']",0.7
https://www.nsf.gov/pubs/2026/nsf26244/nsf26244.htm,Samuel Cooper,"['Samuel Cooper', 'Raven Ingram', 'Mary Crane', 'Michael Henson', 'Yolanda Lewis', 'Phillip Williams Jr.', 'Christy Lewis', 'Crystal Washington']",0.7
https://www.nsf.gov/pubs/2026/nsf26245/nsf26245.htm,Mark Allen,"['Mark Allen', 'Christine Smith', 'David Wright', 'Morgan West', 'Joshua Jackson', 'Brandon Mclean', 'Brittany Strickland', 'Amanda Howard']",0.7
https://www.nsf.gov/pubs/2026/nsf26246/nsf26246.htm,Whitney Gallegos,"['Whitney Gallegos', 'Samuel Collins', 'Peter Martinez', 'Jacob Webster', 'Holly Soto', 'Jeffery Clark', 'Julie Gates', 'Misty Flynn']",0.7
https://www.nsf.gov/pubs/2026/nsf26247/nsf26247.htm,Rachael Carter,"['Rachael Carter', 'Geoffrey Bradley', 'Jennifer Blankenship', 'Mary Carter', 'Maria Moore', 'Susan Murphy', 'Alexandra Alvarez MD', 'Donna Stone']",0.7
https://www.nsf.gov/pubs/2026/nsf26248/nsf26248.htm,Travis Braun,"['Travis Braun', 'Cynthia Orr', 'Michael Avila', 'Sarah Miller', 'April Petersen', 'Brandon Mathis', 'David Scott', 'Brian Bonilla']",0.7
https://www.nsf.gov/pubs/2026/nsf26249/nsf26249.htm,Jennifer Martinez,"['Jennifer Martinez', 'Alicia Robinson', 'Eric Wolfe', 'Ronald Bailey', 'Vanessa Ruiz', 'Roger Keller', 'Emily Escobar', 'Cheryl Forbes']",0.7
https://www.nsf.gov/pubs/2026/nsf26250/nsf26250.htm,Melanie Jones,"['Melanie Jones', 'Paul Gates', 'Randall Harris', 'Michael Henson', 'Susan Reynolds', 'Debbie Thomas MD', 'Desiree Watkins', 'Julie Williams']",0.7
https://www.nsf.gov/pubs/2026/nsf26251/nsf26251.htm,Michelle Koch,"['Michelle Koch', 'Ronald Bailey', 'Mark Douglas', 'Brandy Holt', 'Ashley Hinton', 'Barbara Roberts', 'Thomas Perez', 'Christopher Townsend']",0.7
https://www.nsf.gov/pubs/2026/nsf26252/nsf26252.htm,Larry Mendoza,"['Larry Mendoza', 'Kelly Douglas', 'Michael Palmer', 'Jacob Allen', 'Dave Farmer', 'Michael Decker', 'Ann Curry', 'Zachary Walker']",0.7
https://www.nsf.gov/pubs/2026/nsf26253/nsf26253.htm,Jacob Moore,"['Jacob Moore', 'John Reid', 'Marisa Bowen', 'Jacob Ford', 'Joseph Jones', 'Zachary Mckinney', 'Elizabeth Keller', 'Drew Hall']",0.7
https://www.nsf.gov/pubs/2026/nsf26254/nsf26254.htm,Adrienne Richardson,"['Adrienne Richardson', 'Robert Green', 'Matthew Fleming', 'Carol Scott', 'David Mccarthy', 'Michelle Price', 'Jessica Taylor', 'Michelle Koch']",0.7
https://www.nsf.gov/pubs/2026/nsf26255/nsf26255.htm,Erica Nielsen,"['Erica Nielsen', 'Christopher Townsend', 'Carlos Anderson Jr.', 'Sara Lee', 'Hannah Donovan', 'Amanda Johnson', 'Laura Castillo', 'Nicholas Vega']",0.7
https://www.nsf.gov/pubs/2026/nsf26256/nsf26256.htm,Rachael Taylor,"['Rachael Taylor', 'Yolanda Anderson', 'Joseph Jones', 'David Mccarthy', 'Stephanie Collins', 'Erin Conway', 'Anthony Patterson', 'David Martin']",0.7
https://www.nsf.gov/pubs/2026/nsf26257/nsf26257.htm,Jonathan Dunlap,"['Jonathan Dunlap', 'Tyler Mcgee', 'Stephanie Collins', 'Nicholas Vega', 'David Martin', 'Kayla Roy', 'Theresa Peterson', 'James Martinez']",0.7
https://www.nsf.gov/pubs/2026/nsf26258/nsf26258.htm,Diana Ali,"['Diana Ali', 'Danielle Schwartz', 'Sharon Lee', 'Jeffrey Hill', 'John West', 'Timothy Smith', 'Justin Jimenez', 'Michael Avila']",0.7
https://www.nsf.gov/pubs/2026/nsf26259/nsf26259.htm,Lisa Tate,"['Lisa Tate', 'Roger Keller', 'Randall Harris', 'Danielle Rodriguez PhD', 'Katherine Gordon', 'Michael Medina DDS', 'Seth Moore', 'Christine Thomas']",0.7
https://www.nsf.gov/pubs/2026/nsf26260/nsf26260.htm,Benjamin Dunn,"['Benjamin Dunn', 'Jennifer Massey', 'Maria Brock', 'Tracy Moses', 'Stacey Green', 'Nathaniel Snow', 'Allen Smith', 'Tiffany Crawford']",0.7
https://www.nsf.gov/pubs/2026/nsf26261/nsf26261.htm,Elizabeth Moore,"['Elizabeth Moore', 'Nathaniel Snow', 'Leslie Williams', 'Tristan Hoffman', 'Anthony Hernandez', 'Gregory Leonard', 'David Ward', 'Kyle Lopez']",0.7
https://www.nsf.gov/pubs/2026/nsf26262/nsf26262.htm,Michael Hopkins,"['Michael Hopkins', 'Christy Lewis', 'Johnny Austin', 'Julie Gates', 'Jason Gordon', 'Carl Lee', 'John Shelton', 'Kathryn Williams']",0.7
https://www.nsf.gov/pubs/2026/nsf26263/nsf26263.htm,Luis Ingram,"['Luis Ingram', 'Andrew Roth', 'Mrs. Victoria Diaz', 'Lauren Novak', 'Cindy Brown', 'Mary Campbell']",0.65
https://www.nsf.gov/pubs/2026/nsf26264/nsf26264.htm,Sarah Bullock,"['Sarah Bullock', 'Kimberly Allen', 'Kathryn Perry', 'Brenda Thomas', 'John Johnson', 'James Ramos', 'Omar Nelson', 'Terry Gomez']",0.7
https://www.nsf.gov/pubs/2026/nsf26265/nsf26265.htm,Kristen Ruiz,"['Kristen Ruiz', 'Krystal Anderson', 'Chris Blackwell', 'Cheryl Forbes', 'John Anderson MD', 'James Bishop', 'Brittany Nguyen', 'Jillian Vargas']",0.7
https://www.nsf.gov/pubs/2026/nsf26266/nsf26266.htm,Debbie Thomas MD,"['Debbie Thomas MD', 'Brian Bonilla', 'Michael Hicks', 'Micheal Brown', 'Carrie Gutierrez', 'Sarah Wyatt', 'Amy Martin', 'Jacqueline Richard']",0.7
https://www.nsf.gov/pubs/2026/nsf26267/nsf26267.htm,Rebecca Casey,"['Rebecca Casey', 'Evan Hughes', 'Logan Mills', 'Tiffany Crawford', 'Amy Stevens', 'Tommy Hall', 'Samuel Cooper', 'Ann Curry']",0.7
https://www.nsf.gov/pubs/2026/nsf26268/nsf26268.htm,Brandon Mclean,"['Brandon Mclean', 'Monica Santiago', 'Ronald King', 'Margaret Clark', 'Kevin King', 'Tyler Willis', 'Natalie Santiago', 'Sarah Wyatt']",0.7
https://www.nsf.gov/pubs/2026/nsf26269/nsf26269.htm,Tyler Mcgee,"['Tyler Mcgee', 'Tina Duke', 'Dawn Nielsen', 'David Norris', 'Ronald Hart', 'Anthony Patterson', 'Brian Miller', 'Samuel Collins']",0.7
https://www.nsf.gov/pubs/2026/nsf26270/nsf26270.htm,James Page DDS,"['James Page DDS', 'Erica Alexander', 'Bianca Hamilton', 'Shannon Campbell', 'Cindy Brown', 'Kelly Flores', 'Christopher Daniels', 'Sandra Villegas']",0.7
https://www.nsf.gov/pubs/2026/nsf26271/nsf26271.htm,Fred Rowe,"['Fred Rowe', 'Allen Smith', 'Rachel Ballard', 'Johnathan Colon', 'Melissa Cole', 'Anna Bennett']",0.65
https://www.nsf.gov/pubs/2026/nsf26272/nsf26272.htm,Brianna Murphy,"['Brianna Murphy', 'Jacob Allen', 'Ryan Lopez', 'Alexandra Shepherd', 'Mary Carter', 'Brian Martin', 'Rachael Jenkins', 'Teresa Clark']",0.7
https://www.nsf.gov/pubs/2026/nsf26273/nsf26273.htm,Jennifer Blankenship,"['Jennifer Blankenship', 'Andrew Meadows', 'Alexandra Alvarez MD', 'Seth Moore', 'Stephanie Baker', 'Sarah Wyatt', 'Jessica Parker', 'Dominic Johnson']",0.7
https://www.nsf.gov/pubs/2026/nsf26274/nsf26274.htm,Ellen Fields,"['Ellen Fields', 'Ronald Hart', 'Kurt Solis', 'Thomas Brown', 'Brian Thomas', 'Stephanie Sanchez']",0.65
https://www.nsf.gov/pubs/2026/nsf26275/nsf26275.htm,Julia Raymond,"['Julia Raymond', 'Johnny Williams', 'Michael Johnson', 'Rhonda Stein', 'Kelly Jackson', 'Andrea Cain']",0.65
https://www.nsf.gov/pubs/2026/nsf26276/nsf26276.htm,Gregory Cooper,"['Gregory Cooper', 'John West', 'Maria Stewart', 'Rachael Taylor', 'Michele Jackson', 'Michelle Morgan']",0.65
https://www.nsf.gov/pubs/2026/nsf26277/nsf26277.htm,Jacob Allen,"['Jacob Allen', 'Stephanie Morris', 'Raymond Walker', 'David Crawford', 'Adrienne Richardson', 'Stacie Landry']",0.65
https://www.nsf.gov/pubs/2026/nsf26278/nsf26278.htm,Diane Stone,"['Diane Stone', 'Betty Perez', 'John Anderson', 'Kathryn Peterson', 'Rachel Evans', 'Deborah Patton', 'Lisa Pruitt', 'Ricardo Arroyo']",0.7
https://www.nsf.gov/pubs/2026/nsf26279/nsf26279.htm,Dennis Lewis,"['Dennis Lewis', 'Kristy Patrick', 'Kristin Keller', 'Matthew Clark', 'Kristen Ruiz', 'Benjamin Camacho', 'Jason Sheppard', 'Julie Williams']",0.7
https://www.nsf.gov/pubs/2026/nsf26280/nsf26280.htm,Austin Williamson,"['Austin Williamson', 'Melanie Jones', 'Marissa Flores', 'Tyler Hancock', 'David Farrell', 'Jacob Burnett', 'Lauren Macdonald', 'Karen Blanchard']",0.7
https://www.nsf.gov/pubs/2026/nsf26281/nsf26281.htm,Nicole Morton,"['Nicole Morton', 'Samuel Collins', 'Regina Dominguez', 'Jennifer Morrow', 'Joshua Herring', 'Courtney Hendrix', 'Stephen Lambert', 'Ashley Palmer']",0.7
https://www.nsf.gov/pubs/2026/nsf26282/nsf26282.htm,Adrienne Richardson,"['Adrienne Richardson', 'Valerie Serrano', 'Tracy Smith', 'Jared Martin', 'Kevin Garcia', 'Natasha Harris']",0.65
https://www.nsf.gov/pubs/2026/nsf26283/nsf26283.htm,Cathy Bruce,"['Cathy Bruce', 'Kimberly Walters', 'Jared Martin', 'Edwin Spencer', 'Sabrina Rivera', 'David Farrell', 'Theresa Moore', 'Joshua Williams']",0.7
https://www.nsf.gov/pubs/2026/nsf26284/nsf26284.htm,Thomas Brown,"['Thomas Brown', 'Matthew Jordan', 'Cody Mccall', 'Lisa Pruitt', 'April Petersen', 'Matthew Newton', 'Kenneth Shaffer', 'Frederick Haynes']",0.7
https://www.nsf.gov/pubs/2026/nsf26285/nsf26285.htm,Eric Wolfe,"['Eric Wolfe', 'Kara Peterson', 'Emily Escobar', 'Steve Ramirez', 'Alicia Reed', 'Michael Palmer', 'Cody Wilson', 'Jessica Brown']",0.7
https://www.nsf.gov/pubs/2026/nsf26286/nsf26286.htm,John Weeks,"['John Weeks', 'Judith Willis', 'Brandon King', 'Michelle Koch', 'John Anderson MD', 'Joseph Bell', 'Samantha Shannon', 'Teresa Walsh']",0.7
https://www.nsf.gov/pubs/2026/nsf26287/nsf26287.htm,Anthony Mccarthy,"['Anthony Mccarthy', 'Mary Crane', 'James Barker', 'Kevin Garcia', 'Benjamin Dunn', 'Charles Wright', 'Megan Franklin', 'Jill Bowman']",0.7
https://www.nsf.gov/pubs/2026/nsf26288/nsf26288.htm,Bethany Bartlett,"['Bethany Bartlett', 'Hannah Ward', 'Adam Howell', 'Carlos Davis', 'Gabriel Patterson', 'Miss Stephanie Long', 'Shawn Macdonald', 'Nicholas Lloyd']",0.7
https://www.nsf.gov/pubs/2026/nsf26289/nsf26289.htm,Ryan Espinoza,"['Ryan Espinoza', 'Jacob Santos PhD', 'Patrick Rivera', 'Jasmine White', 'Crystal Long', 'Diamond Barnes', 'Cassie Ross', 'James Sanchez']",0.7
https://www.nsf.gov/pubs/2026/nsf26290/nsf26290.htm,Hannah Chavez,"['Hannah Chavez', 'Joshua Herring', 'Rick Hernandez', 'Katherine Young', 'Cody Lewis', 'Angela Richards', 'Elizabeth Keller', 'Jason Mcdonald']",0.7
https://www.nsf.gov/pubs/2026/nsf26291/nsf26291.htm,Kevin Gordon,"['Kevin Gordon', 'Tyler Mcgee', 'Ellen Powell', 'Chad Mckenzie', 'Johnny Williams', 'Betty Massey']",0.65
https://www.nsf.gov/pubs/2026/nsf26292/nsf26292.htm,Jay Perez,"['Jay Perez', 'Caroline Martin', 'Emily Escobar', 'Holly Arnold', 'Justin Avila', 'Jennifer Morrow', 'Gregory Leonard', 'Susan Murphy']",0.7
https://www.nsf.gov/pubs/2026/nsf26293/nsf26293.htm,Jessica Pollard,"['Jessica Pollard', 'Todd Nolan', 'Manuel Wilson', 'Tom Rivera', 'Maria Simmons', 'Donna Stone', 'Megan Morrison', 'Michael Shah']",0.7
https://www.nsf.gov/pubs/2026/nsf26294/nsf26294.htm,Dr. Nathaniel Harris,"['Dr. Nathaniel Harris', 'Richard Grimes', 'James Bishop', 'Nathan Barron', 'Hannah Ward', 'Sandra Williams', 'Sheila Martin', 'Victoria Gomez']",0.7
https://www.nsf.gov/pubs/2026/nsf26295/nsf26295.htm,Taylor Jefferson,"['Taylor Jefferson', 'Anthony George', 'Emily Escobar', 'Joseph Cisneros', 'Sharon Robinson', 'Elizabeth Hernandez', 'Angela Richards', 'Linda Garcia']",0.7
https://www.nsf.gov/pubs/2026/nsf26296/nsf26296.htm,Gregory Collins,"['Gregory Collins', 'Monica Moore', 'Patricia Garza', 'Crystal Huerta', 'Megan Daniel DDS', 'Mark Vargas', 'Deborah Patton', 'Jeanne Ramsey']",0.7
https://www.nsf.gov/pubs/2026/nsf26297/nsf26297.htm,Marisa Bowen,"['Marisa Bowen', 'Kaitlyn Jones', 'Martin Hebert', 'Austin Davis', 'Taylor Jefferson', 'Tina Duke']",0.65
https://www.nsf.gov/pubs/2026/nsf26298/nsf26298.htm,Kevin Campbell,"['Kevin Campbell', 'Ronnie Miles', 'Christina Rodriguez', 'Tiffany Crawford', 'Joan Benitez', 'Donna Flores', 'Joshua Larson', 'Charles Mendoza']",0.7
https://www.nsf.gov/pubs/2026/nsf26299/nsf26299.htm,Carol Green,"['Carol Green', 'Crystal Long', 'Paul Armstrong', 'Jasmine White', 'Rebecca Pennington', 'Zachary Walker', 'Rachael Jenkins', 'Shawn Taylor']",0.7
https://www.nsf.gov/pubs/2026/nsf26300/nsf26300.htm,Sarah Lee,"['Sarah Lee', 'Molly Powell', 'Jeffery Alvarez', 'George Kirby', 'Heidi Ware', 'Jose Parks', 'Jessica Taylor', 'Cathy Smith']",0.7
https://www.nsf.gov/pubs/2026/nsf26301/nsf26301.htm,Christopher Daniels,"['Christopher Daniels', 'Kenneth Marquez', 'Sarah Holt', 'Victoria Tucker', 'Jacqueline Richard', 'Leslie Williams', 'Jamie Jordan', 'Nicole Johnson']",0.7
https://www.nsf.gov/pubs/2026/nsf26302/nsf26302.htm,Todd Nolan,"['Todd Nolan', 'Andrea Cain', 'William Lee', 'Paige Bolton', 'Claudia Stewart', 'Morgan West', 'Alexis Suarez', 'Theresa Peterson']",0.7
https://www.nsf.gov/pubs/2026/nsf26303/nsf26303.htm,Helen Moran,"['Helen Moran', 'Brandon Mclean', 'Stephanie Sanchez', 'Kristen Ruiz', 'Linda Johnson', 'Steven Smith', 'Amy Stevens', 'Aaron Smith']",0.7
https://www.nsf.gov/pubs/2026/nsf26304/nsf26304.htm,Lindsay Nunez,"['Lindsay Nunez', 'Maria Stewart', 'Kathryn Nelson', 'Levi Hanna', 'Richard Little', 'Roy Olson', 'James Neal', 'Ronald Bailey']",0.7
https://www.nsf.gov/pubs/2026/nsf26305/nsf26305.htm,Michael Anderson,"['Michael Anderson', 'Jessica Morris DVM', 'Margaret Baker', 'Megan Daniel DDS', 'David Scott', 'Michelle Baker', 'Steven Smith']",0.675
https://www.nsf.gov/pubs/2026/nsf26306/nsf26306.htm,Phillip Robertson,"['Phillip Robertson', 'Ashley Wolfe', 'Ann Farley', 'Valerie Serrano', 'Rhonda Stein', 'Edward Nelson']",0.65
https://www.nsf.gov/pubs/2026/nsf26307/nsf26307.htm,Susan Woodard,"['Susan Woodard', 'Lindsey Bennett', 'Joseph Jones', 'Gregory Ayala', 'Melanie Knight', 'Abigail Baxter', 'Cameron Bruce', 'Cheryl White']",0.7
https://www.nsf.gov/pubs/2026/nsf26308/nsf26308.htm,John Adams,"['John Adams', 'Benjamin Gilbert', 'Benjamin Camacho', 'Danielle Rodriguez PhD', 'Cathy Bruce', 'Stephanie Todd', 'Edwin Spencer']",0.675
https://www.nsf.gov/pubs/2026/nsf26309/nsf26309.htm,Keith Mills,"['Keith Mills', 'Angela Adams', 'Tiffany Woods', 'Courtney Hendrix', 'Christina Reed', 'Tyler Guerrero', 'Jonathan Ballard', 'Victoria Tucker']",0.7
https://www.nsf.gov/pubs/2026/nsf26310/nsf26310.htm,Jose Watson,"['Jose Watson', 'Kathryn Perry', 'John Pitts', 'Victor White', 'Sarah Bullock', 'Carol Long', 'Kaitlyn Jones', 'Brian Bonilla']",0.7
https://www.nsf.gov/pubs/2026/nsf26311/nsf26311.htm,Aaron Brown,"['Aaron Brown', 'Gregory Robinson', 'Tammy Peters', 'Erin Baker', 'Marisa Bowen', 'Jodi Crawford', 'Jason Schroeder']",0.675
https://www.nsf.gov/pubs/2026/nsf26312/nsf26312.htm,Anthony George,"['Anthony George', 'Raymond Walker', 'Christina Rodriguez', 'Larry Mendoza', 'Sarah Lee', 'Nathaniel Snow', 'Rhonda Stein', 'Robert Barron']",0.7
https://www.nsf.gov/pubs/2026/nsf26313/nsf26313.htm,Dr. Nathaniel Harris,"['Dr. Nathaniel Harris', 'Diamond Barnes', 'Beth Johnson', 'Tyler Guerrero', 'Bryan Gomez', 'William Norris']",0.65
https://www.nsf.gov/pubs/2026/nsf26314/nsf26314.htm,Christopher Rodriguez,"['Christopher Rodriguez', 'Jacob Hall', 'Kimberly Walters', 'Heather Hansen', 'Steve Sanchez', 'Tom Rivera', 'Laura Davis', 'Cynthia Hartman']",0.7
https://www.nsf.gov/pubs/2026/nsf26315/nsf26315.htm,Alexander Olson,"['Alexander Olson', 'Barbara Stewart', 'Brian Martin', 'Robert Castro', 'Holly Soto', 'Nicholas Vega', 'John Garcia', 'Gregory Leonard']",0.7
https://www.nsf.gov/pubs/2026/nsf26316/nsf26316.htm,Joseph Cisneros,"['Joseph Cisneros', 'Melanie Jones', 'Nicole Hill', 'Mary Gray', 'Anthony George', 'Kelly Wilson', 'Keith Johnson', 'Timothy Jones']",0.7
https://www.nsf.gov/pubs/2026/nsf26317/nsf26317.htm,Nicole Hall,"['Nicole Hall', 'Melanie Jones', 'Dr. Nathaniel Harris', 'Rhonda Stein', 'Jason Arnold', 'Jennifer Nguyen', 'John Weeks', 'Mark Lewis']",0.7
https://www.nsf.gov/pubs/2026/nsf26318/nsf26318.htm,Krista Gonzalez,"['Krista Gonzalez', 'Austin Williamson', 'Nicholas Lloyd', 'Rachael Taylor', 'Sharon Hernandez', 'Michael Decker', 'Victor White', 'Devon Arellano']",0.7
https://www.nsf.gov/pubs/2026/nsf26319/nsf26319.htm,Jimmy Doyle,"['Jimmy Doyle', 'Jonathan Jensen', 'Michael Patterson', 'Eric Lucas', 'Victor Nichols', 'Jonathan Li', 'Shari Marshall', 'Andrea Jackson']",0.7
https://www.nsf.gov/pubs/2026/nsf26320/nsf26320.htm,Glenn Rodriguez,"['Glenn Rodriguez', 'Stephen Cunningham', 'Diana Ross', 'Dr. Susan Huang', 'Monica Moore', 'James Mueller', 'Anthony Osborn', 'Jacqueline Lewis']",0.7
https://www.nsf.gov/pubs/2026/nsf26321/nsf26321.htm,Jamie Jordan,"['Jamie Jordan', 'William Norris', 'Manuel Wilson', 'Devon Mendoza', 'Kevin King', 'Alexander Olson', 'Stephanie Collins', 'Jonathan Li']",0.7
https://www.nsf.gov/pubs/2026/nsf26322/nsf26322.htm,David Scott,"['David Scott', 'Omar Nelson', 'Sarah Pruitt', 'Bryan Hull', 'Kevin Lang', 'Juan Nelson', 'Laura Thomas', 'Cynthia Orr']",0.7
https://www.nsf.gov/pubs/2026/nsf26323/nsf26323.htm,Amanda Howard,"['Amanda Howard', 'Cody Riley Jr.', 'Yolanda Lewis', 'Paula Murphy', 'Tanya Bush', 'Kaitlyn Jones', 'Barbara Gill', 'Samuel Smith']",0.7
https://www.nsf.gov/pubs/2026/nsf26324/nsf26324.htm,Eric Garcia,"['Eric Garcia', 'Joshua Williams', 'Donna Stone', 'Hannah Chavez', 'Courtney Hendrix', 'Amanda Day']",0.65
https://www.nsf.gov/pubs/2026/nsf26325/nsf26325.htm,Stephen Cunningham,"['Stephen Cunningham', 'Chris Blackwell', 'Deborah Patton', 'Dr. Susan Huang', 'Victoria Carpenter', 'Caroline Martin']",0.65
https://www.nsf.gov/pubs/2026/nsf26326/nsf26326.htm,Tonya Hurley,"['Tonya Hurley', 'Joyce Dickson', 'Allison Andrews', 'Shelby Wood', 'Mr. Eric Bruce DVM', 'Jacob Stone', 'Brenda Pierce', 'Michele Johnson']",0.7
https://www.nsf.gov/pubs/2026/nsf26327/nsf26327.htm,Joshua Williams,"['Joshua Williams', 'Robert Shields', 'Diamond Barnes', 'Deborah Patton', 'Robert Jenkins', 'Carrie Johnson', 'Jack Thompson', 'Jonathan Li']",0.7
https://www.nsf.gov/pubs/2026/nsf26328/nsf26328.htm,Rhonda Glass,"['Rhonda Glass', 'Christopher Townsend', 'Michelle Baker', 'Christopher Rodriguez', 'Kevin Garcia', 'Elizabeth Watkins']",0.65
https://www.nsf.gov/pubs/2026/nsf26329/nsf26329.htm,Amanda Valenzuela,"['Amanda Valenzuela', 'Anne Cruz', 'Theresa Peterson', 'Travis Wise', 'Tommy Hall', 'Marissa Flores', 'Cody Wilson', 'Clinton Fischer']",0.7
https://www.nsf.gov/pubs/2026/nsf26330/nsf26330.htm,Patricia Garza,"['Patricia Garza', 'Anna Simmons', 'Shelley Shaw', 'Cassie Ross', 'James Rasmussen', 'Anna Bennett', 'Natalie Miles', 'Miguel Smith']",0.7
https://www.nsf.gov/pubs/2026/nsf26331/nsf26331.htm,John Freeman,"['John Freeman', 'Anthony George', 'Anthony Orr', 'Cindy Glover', 'Todd Nolan', 'Christopher Rodriguez', 'Theresa Peterson', 'Danielle Schwartz']",0.7
https://www.nsf.gov/pubs/2026/nsf26332/nsf26332.htm,Kevin King,"['Kevin King', 'John West', 'Chris Blackwell', 'David Norris', 'Mrs. Victoria Diaz', 'Scott Rose']",0.65
https://www.nsf.gov/pubs/2026/nsf26333/nsf26333.htm,Megan Morrison,"['Megan Morrison', 'Ronald Hart', 'Rhonda Stein', 'Kurt Solis', 'Aaron Smith', 'Ashley Wolfe']",0.65
https://www.nsf.gov/pubs/2026/nsf26334/nsf26334.htm,Elizabeth Moore,"['Elizabeth Moore', 'David Scott', 'Jonathan Li', 'Susan Hall', 'Jack Camacho', 'Stephen Phillips', 'Holly Jones', 'Zachary Walker']",0.7
https://www.nsf.gov/pubs/2026/nsf26335/nsf26335.htm,Yolanda Anderson,"['Yolanda Anderson', 'Heidi Ware', 'Robert Jenkins', 'Paul Gates', 'Tom Rivera', 'Desiree Watkins', 'Megan Daniel DDS', 'Stephen Jackson']",0.7
https://www.nsf.gov/pubs/2026/nsf26336/nsf26336.htm,Lisa Pruitt,"['Lisa Pruitt', 'Cody Mccall', 'Jocelyn West', 'Earl Giles', 'Benjamin Gilbert', 'Sarah Lowe', 'Joseph Bell', 'Kelly Flores']",0.7
https://www.nsf.gov/pubs/2026/nsf26337/nsf26337.htm,Jacqueline Lewis,"['Jacqueline Lewis', 'Emily Smith', 'Michael Johnson', 'Cody Wilson', 'Cheryl Forbes', 'Timothy Smith']",0.65
https://www.nsf.gov/pubs/2026/nsf26338/nsf26338.htm,Marisa Bowen,"['Marisa Bowen', 'Andrea Ruiz', 'Jeffrey Cooke', 'Luis Pitts', 'Frederick Haynes', 'Rick Hernandez']",0.65
https://www.nsf.gov/pubs/2026/nsf26339/nsf26339.htm,Margaret Clark,"['Margaret Clark', 'Stephen Cunningham', 'Lauren Johnson', 'Hannah Jones', 'Joshua Ferguson', 'Theresa Moore', 'Austin Davis', 'Amy Burke']",0.7
https://www.nsf.gov/pubs/2026/nsf26340/nsf26340.htm,Steven Smith,"['Steven Smith', 'Richard Carter', 'Erica Nielsen', 'Joyce Dickson', 'Dr. Nathaniel Harris', 'Anthony Allen', 'Christina Thomas', 'Nicole Tucker']",0.7
https://www.nsf.gov/pubs/2026/nsf26341/nsf26341.htm,Omar Nelson,"['Omar Nelson', 'Timothy Escobar', 'Tammie Nguyen', 'Michelle Morgan', 'Kevin King', 'Angela Hooper', 'James Ramos', 'Linda Johnson']",0.7
https://www.nsf.gov/pubs/2026/nsf26342/nsf26342.htm,Diamond Barnes,"['Diamond Barnes', 'Karen Lopez', 'Manuel Wilson', 'Morgan West', 'Amanda Howard', 'Gilbert Owen']",0.65
https://www.nsf.gov/pubs/2026/nsf26343/nsf26343.htm,Brooke Anderson,"['Brooke Anderson', 'Lori Smith', 'Evan Hughes', 'Tyler Willis', 'Christopher Townsend', 'Daniel Wolfe', 'David Thomas', 'Ellen Fields']",0.7
https://www.nsf.gov/pubs/2026/nsf26344/nsf26344.htm,Bryan Myers,"['Bryan Myers', 'Anthony Orr', 'Rhonda Stein', 'Tonya Hurley', 'Jeffrey Clarke', 'Kelly Wilson', 'Vanessa Ruiz', 'Mindy Chase']",0.7
https://www.nsf.gov/pubs/2026/nsf26345/nsf26345.htm,Mr. Ryan Yates,"['Mr. Ryan Yates', 'Victor White', 'Christina Ware', 'Charles Wright', 'Kevin Garcia', 'Sara Lee', 'Lori Rosario', 'Jessica Davis']",0.7
https://www.nsf.gov/pubs/2026/nsf26346/nsf26346.htm,Melanie Jones,"['Melanie Jones', 'Jessica Brown', 'Erica Alexander', 'Robert Jenkins', 'Stephanie Mays MD', 'Larry Beck', 'Gwendolyn Kaufman', 'Mr. Paul Logan DDS']",0.7
https://www.nsf.gov/pubs/2026/nsf26347/nsf26347.htm,Daniel Buchanan,"['Daniel Buchanan', 'Natalie Santiago', 'Stephen Lambert', 'William Craig', 'Cory Ward DVM', 'Brianna Friedman', 'Joan Benitez', 'Gina Reese']",0.7
https://www.nsf.gov/pubs/2026/nsf26348/nsf26348.htm,Gabriel Patterson,"['Gabriel Patterson', 'Shawn Macdonald', 'David Heath', 'Carol Long', 'William Lee', 'Tom Rivera', 'Diana Ali', 'Kendra Meadows']",0.7
https://www.nsf.gov/pubs/2026/nsf26349/nsf26349.htm,Julie Williams,"['Julie Williams', 'Diane Stone', 'Victoria Gomez', 'Victoria Tucker', 'Nicole Morton', 'Ronald Wilson', 'Richard Ferguson', 'Travis Wise']",0.7
https://www.nsf.gov/pubs/2026/nsf26350/nsf26350.htm,Maria Moore,"['Maria Moore', 'Jacob Miller', 'Jose Watson', 'Stephanie Baker', 'Rachael Carter', 'Jason Pearson', 'Jennifer Morrow', 'Kimberly Walters']",0.7
https://www.nsf.gov/pubs/2026/nsf26351/nsf26351.htm,David Wright,"['David Wright', 'Jeffery Clark', 'Julie Williams', 'Amy Stevens', 'William Norris', 'Tracy Moses', 'Michael Schaefer', 'Ashley Carey']",0.7
https://www.nsf.gov/pubs/2026/nsf26352/nsf26352.htm,Michael Decker,"['Michael Decker', 'Anthony Patterson', 'Heather Hansen', 'Matthew Campbell', 'Stephanie Collins', 'Stephen Jackson', 'Christine Chavez', 'Johnny Austin']",0.7
https://www.nsf.gov/pubs/2026/nsf26353/nsf26353.htm,Tammie Nguyen,"['Tammie Nguyen', 'Cody Mccall', 'Aaron Smith', 'Andrew Ashley', 'Jason Jackson', 'Jeffrey Hill', 'Eduardo Reed', 'Donna Flores']",0.7
https://www.nsf.gov/pubs/2026/nsf26354/nsf26354.htm,Michael Brady,"['Michael Brady', 'Michael Johnson', 'Beth Johnson', 'Rick Edwards', 'Megan Williams', 'Diane Stone']",0.65
https://www.nsf.gov/pubs/2026/nsf26355/nsf26355.htm,Anthony Bolton,"['Anthony Bolton', 'Zachary Mckinney', 'Mary Kaufman', 'Chad Mckenzie', 'Michael Palmer', 'Brittany Bridges', 'John Reid', 'Christopher Horn']",0.7
https://www.nsf.gov/pubs/2026/nsf26356/nsf26356.htm,Shelby Wood,"['Shelby Wood', 'Julia Pierce', 'Hailey Rush', 'Carol Scott', 'Megan Ryan', 'Terry Gomez', 'Jaime Baker', 'Alexander Anderson']",0.7
https://www.nsf.gov/pubs/2026/nsf26357/nsf26357.htm,Angela Daugherty,"['Angela Daugherty', 'Deborah Patton', 'Kristen Ruiz', 'Nicole Johnson', 'Julie Williams', 'William Ferrell']",0.65
https://www.nsf.gov/pubs/2026/nsf26358/nsf26358.htm,Cynthia Orr,"['Cynthia Orr', 'Susan Murphy', 'Jason Mcdonald', 'Cindy Brown', 'Dawn Ritter', 'Ashley Wolfe', 'Scott Green', 'Amy Martin']",0.7
https://www.nsf.gov/pubs/2026/nsf26359/nsf26359.htm,Alexis Suarez,"['Alexis Suarez', 'Michael Decker', 'Christopher Rodriguez', 'Ashley Garcia', 'Jennifer Tyler', 'Stephen Lambert', 'Yolanda Hunt', 'Jonathan Ballard']",0.7
https://www.nsf.gov/pubs/2026/nsf26360/nsf26360.htm,Christopher Rodriguez,"['Christopher Rodriguez', 'Mark Lewis', 'Rachael Taylor', 'Alexandra Alvarez MD', 'Michael Decker', 'Kenneth King', 'Mrs. Diana Ramos', 'Laura Thomas']",0.7
https://www.nsf.gov/pubs/2026/nsf26361/nsf26361.htm,Joshua Vang,"['Joshua Vang', 'Thomas Robertson', 'Bethany Bartlett', 'Amy Rivera', 'Cory Pace', 'Laurie Johnson', 'Travis Braun', 'Jason Mcdonald']",0.7
https://www.nsf.gov/pubs/2026/nsf26362/nsf26362.htm,Michael Shah,"['Michael Shah', 'Jeffery Clark', 'Marisa Bowen', 'Debra Shaffer', 'Karen Baker', 'James Price', 'Martin Hebert', 'Nicole Hughes']",0.7
https://www.nsf.gov/pubs/2026/nsf26363/nsf26363.htm,Dr. Robert Stevens,"['Dr. Robert Stevens', 'Michele Johnson', 'Joshua Larson', 'Gregory Chang', 'Stephen Phillips', 'Shelley Davis', 'Joshua Williams', 'Sarah Miller']",0.7
https://www.nsf.gov/pubs/2026/nsf26364/nsf26364.htm,Phillip Williams Jr.,"['Phillip Williams Jr.', 'Lisa Flores', 'Elizabeth Gonzalez', 'Benjamin Camacho', 'Scott Anderson', 'Kyle Lopez', 'Linda Lowery', 'Patricia Duke']",0.7
https://www.nsf.gov/pubs/2026/nsf26365/nsf26365.htm,Jerome Williams,"['Jerome Williams', 'Shane Stewart', 'Joseph Alexander', 'Benjamin Camacho', 'Steven Shaw', 'Thomas Robertson', 'Susan Jones', 'Brooke Anderson']",0.7
https://www.nsf.gov/pubs/2026/nsf26366/nsf26366.htm,Brittany Nguyen,"['Brittany Nguyen', 'Cynthia Orr', 'Richard Carter', 'Monique Escobar', 'Alyssa Gutierrez', 'Kurt Solis', 'Robert Barron', 'Cynthia Hartman']",0.7
https://www.nsf.gov/pubs/2026/nsf26367/nsf26367.htm,Kelly Wilson,"['Kelly Wilson', 'Ann Farley', 'Timothy Jones', 'Victoria Willis', 'Jennifer Rodriguez', 'Marco Burns', 'Danielle Schwartz', 'Victoria Blevins']",0.7
https://www.nsf.gov/pubs/2026/nsf26368/nsf26368.htm,Marisa Bowen,"['Marisa Bowen', 'Dennis Lewis', 'Michael Schaefer', 'Holly Soto', 'Cory Pace', 'Emily Smith', 'Keith Anderson', 'Judith Willis']",0.7
https://www.nsf.gov/pubs/2026/nsf26369/nsf26369.htm,Katherine Smith,"['Katherine Smith', 'Brittany Nguyen', 'Cheryl Forbes', 'Jennifer Floyd', 'James Mueller', 'Randy Hernandez', 'Jessica Pollard', 'Marissa Perkins DDS']",0.7
https://www.nsf.gov/pubs/2026/nsf26370/nsf26370.htm,Bryan Myers,"['Bryan Myers', 'Diana Suarez', 'Kevin Garcia', 'Stacie Landry', 'Angela Richards', 'Jessica Morris DVM', 'Cindy Glover', 'Ruben Martinez']",0.7
https://www.nsf.gov/pubs/2026/nsf26371/nsf26371.htm,Troy Hernandez,"['Troy Hernandez', 'Carl Waters', 'Teresa Clark', 'Ryan Lopez', 'Rachael Jenkins', 'Sharon Jacobs', 'Barbara Stewart', 'Angela Cantu']",0.7
https://www.nsf.gov/pubs/2026/nsf26372/nsf26372.htm,Emily Pena,"['Emily Pena', 'Anthony Orr', 'James Krueger', 'Zoe Diaz', 'Alexander Anderson', 'Benjamin Dunn', 'Jeffrey Tran', 'Tiffany Crawford']",0.7
https://www.nsf.gov/pubs/2026/nsf26373/nsf26373.htm,Kristen Ruiz,"['Kristen Ruiz', 'Micheal Brown', 'Valerie Schaefer', 'Juan Long', 'Ronnie Miles', 'Julie Garcia', 'Laura Houston', 'Carol Wallace']",0.7
https://www.nsf.gov/pubs/2026/nsf26374/nsf26374.htm,Marisa Bowen,"['Marisa Bowen', 'Erica Nielsen', 'Amanda Howard', 'Jamie Holmes', 'Stephanie Johnson', 'Chad Mckenzie']",0.65
https://www.nsf.gov/pubs/2026/nsf26375/nsf26375.htm,Eric Robinson,"['Eric Robinson', 'Nicole Tucker', 'Benjamin Dunn', 'Kenneth Foster', 'Kathryn Perry', 'Michael Anderson', 'Amanda Elliott', 'Russell Velez']",0.7
https://www.nsf.gov/pubs/2026/nsf26376/nsf26376.htm,Jessica Taylor,"['Jessica Taylor', 'Deborah Patton', 'Terri Kim', 'Rick Hernandez', 'Carol Scott', 'Diana Suarez', 'Ashley Hayes', 'William Norris']",0.7
https://www.nsf.gov/pubs/2026/nsf26377/nsf26377.htm,Aaron Dickson,"['Aaron Dickson', 'Tammy Jackson', 'Diane Kline', 'Jamie Ortiz', 'Sabrina Ball', 'Kathryn Robinson', 'Mandy Morrison', 'Karen Lopez']",0.7
https://www.nsf.gov/pubs/2026/nsf26378/nsf26378.htm,Taylor York,"['Taylor York', 'Jacob Hall', 'Alexis Allen', 'Joshua Little', 'Kirsten Serrano', 'Anthony George', 'Katherine Gordon', 'Manuel Wilson']",0.7
https://www.nsf.gov/pubs/2026/nsf26379/nsf26379.htm,Gregory Ayala,"['Gregory Ayala', 'Cheryl Holloway', 'Helen Clark', 'Paul Gates', 'Brian Richardson', 'Kelly Ryan', 'Raymond Walker']",0.675
https://www.nsf.gov/pubs/2026/nsf26380/nsf26380.htm,Christopher Rodriguez,"['Christopher Rodriguez', 'Cynthia Hartman', 'Cassandra Hughes', 'Tommy Hall', 'Samuel Cooper', 'Michelle Koch', 'Ashley Hernandez', 'Gene Arroyo']",0.7
https://www.nsf.gov/pubs/2026/nsf26381/nsf26381.htm,Megan Lopez,"['Megan Lopez', 'Rachel Evans', 'Valerie Schaefer', 'Gregory Robinson', 'Pamela Briggs', 'Paul Lucas', 'Nicole Valdez', 'Andrea Ruiz']",0.7
https://www.nsf.gov/pubs/2026/nsf26382/nsf26382.htm,Jeffrey Clarke,"['Jeffrey Clarke', 'Kayla Paul', 'Lori Owens', 'Ronnie Miles', 'Donald Gonzalez', 'Monique Herring', 'Taylor York', 'Jay Perez']",0.7
https://www.nsf.gov/pubs/2026/nsf26383/nsf26383.htm,Eric Robinson,"['Eric Robinson', 'Megan Ryan', 'William Craig', 'Michael Curry', 'David English', 'Stephen Lambert', 'Austin Williamson', 'Maria Mccoy']",0.7
https://www.nsf.gov/pubs/2026/nsf26384/nsf26384.htm,Melanie Jones,"['Melanie Jones', 'Samuel Spence', 'Amy Pearson', 'Rodney Sanchez', 'Kelly Flores', 'Manuel Norris', 'Kristine Spence', 'Roy Olson']",0.7
https://www.nsf.gov/pubs/2026/nsf26385/nsf26385.htm,Melanie Jones,"['Melanie Jones', 'Renee Watkins', 'Susan Woodard', 'David Farrell', 'Michael Avila', 'Lauren Bailey']",0.65
https://www.nsf.gov/pubs/2026/nsf26386/nsf26386.htm,Dr. Susan Huang,"['Dr. Susan Huang', 'Teresa Graves', 'Dr. David Wallace', 'Tony Powell', 'Wendy Brown', 'Shawn Taylor', 'Jennifer White']",0.675
https://www.nsf.gov/pubs/2026/nsf26387/nsf26387.htm,Andrew Ashley,"['Andrew Ashley', 'Brandon Mclean', 'Amber King', 'Steven Shaw', 'Caroline Martin', 'Dominic Johnson', 'Beverly Perez', 'Cheryl Forbes']",0.7
https://www.nsf.gov/pubs/2026/nsf26388/nsf26388.htm,Anthony Powers,"['Anthony Powers', 'Tommy Hall', 'Susan Woodard', 'Olivia Tucker', 'Zachary Meyer', 'Danielle Young']",0.65
https://www.nsf.gov/pubs/2026/nsf26389/nsf26389.htm,Ronnie Miles,"['Ronnie Miles', 'Joshua Griffin', 'Jerry Mayo', 'John Ross', 'Keith Johnson', 'Tyler Mcgee', 'Kathleen Moore', 'Victor White']",0.7
https://www.nsf.gov/pubs/2026/nsf26390/nsf26390.htm,Erica Nielsen,"['Erica Nielsen', 'Joshua Herring', 'Eileen Wright', 'Paula Christian', 'Stephen Brewer', 'Scott Campbell', 'Ashley Wolfe', 'Megan Daniel DDS']",0.7
https://www.nsf.gov/pubs/2026/nsf26391/nsf26391.htm,Tyler Mcgee,"['Tyler Mcgee', 'Rhonda Hansen', 'Evan Hughes', 'Katherine Smith', 'James Neal', 'Tristan Hoffman', 'Cassandra Hughes', 'Anna Simmons']",0.7
https://www.nsf.gov/pubs/2026/nsf26392/nsf26392.htm,Kathleen Moore,"['Kathleen Moore', 'Shawn Taylor', 'Jason Arnold', 'Tiffany Crawford', 'Sandra Villegas', 'Mary Carter', 'Angel Montoya', 'Richard Little']",0.7
https://www.nsf.gov/pubs/2026/nsf26393/nsf26393.htm,Shaun Avila,"['Shaun Avila', 'Victor Day', 'Samuel Collins', 'Yolanda Lewis', 'Dawn Nielsen', 'Jeffery Clark', 'Steve Sanchez', 'Stephanie Todd']",0.7
https://www.nsf.gov/pubs/2026/nsf26394/nsf26394.htm,Regina Dominguez,"['Regina Dominguez', 'Stephen Lambert', 'Yolanda Lewis', 'Dr. Susan Huang', 'Jasmine White', 'Shelby Wood', 'Jessica Hunter', 'Raymond Espinoza']",0.7
https://www.nsf.gov/pubs/2026/nsf26395/nsf26395.htm,Tammy Wu,"['Tammy Wu', 'Kevin Lang', 'Eric Carlson', 'William Harvey', 'Rhonda Stein', 'Mrs. Jessica Lee', 'Kara Jones', 'Bruce Perez']",0.7
https://www.nsf.gov/pubs/2026/nsf26396/nsf26396.htm,Sarah Ramos,"['Sarah Ramos', 'Renee Watkins', 'Anthony Patterson', 'Raymond Walker', 'Amanda Grimes', 'William Ferrell', 'Helen Clark', 'Todd Bowman']",0.7
https://www.nsf.gov/pubs/2026/nsf26397/nsf26397.htm,Robert Jenkins,"['Robert Jenkins', 'Michael Hopkins', 'Ariana Green', 'Matthew Fleming', 'Richard Carter', 'Megan Daniel DDS', 'Erica Alexander', 'Christy Anderson']",0.7
https://www.nsf.gov/pubs/2026/nsf26398/nsf26398.htm,Alison Mccarthy,"['Alison Mccarthy', 'Jessica Parker', 'Michael Decker', 'Isabel Davis', 'John West', 'Scott Anderson', 'Mary Crane', 'Krista Gonzalez']",0.7
https://www.nsf.gov/pubs/2026/nsf26399/nsf26399.htm,Anthony Hernandez,"['Anthony Hernandez', 'Olivia Patel', 'Kristen Ruiz', 'Jose Parks', 'Andrea Cain', 'Maria Simmons', 'Donna Flores', 'Alexandra Shepherd']",0.7
https://www.nsf.gov/pubs/2026/nsf26400/nsf26400.htm,Paula Christian,"['Paula Christian', 'Benjamin Campbell', 'Kelly Flores', 'Lisa Pruitt', 'Sheila Martin', 'Tanya Jenkins', 'David Scott', 'Sarah Foster']",0.7
https://www.nsf.gov/pubs/2026/nsf26401/nsf26401.htm,Mark Vargas,"['Mark Vargas', 'Nicholas Taylor', 'Karla Campbell', 'John Reid', 'Michael Spencer', 'Ellen Fields', 'Kayla Estrada', 'Anna Barnes']",0.7
https://www.nsf.gov/pubs/2026/nsf26402/nsf26402.htm,Phyllis Myers,"['Phyllis Myers', 'John Adams', 'Karen Lopez', 'Diamond Barnes', 'Edwin Spencer', 'Stephanie Johnson', 'Stephanie Camacho', 'Emily Smith']",0.7
https://www.nsf.gov/pubs/2026/nsf26403/nsf26403.htm,Steven Davis,"['Steven Davis', 'Randall Harris', 'Jacob Burnett', 'Travis Braun', 'Amy Pearson', 'Frank Powell', 'Michelle Goodwin', 'Jeffrey Cooke']",0.7
https://www.nsf.gov/pubs/2026/nsf26404/nsf26404.htm,Jocelyn West,"['Jocelyn West', 'Kelly Campos', 'James Bishop', 'Rachael Jenkins', 'Valerie Serrano', 'Cindy Brown']",0.65
https://www.nsf.gov/pubs/2026/nsf26405/nsf26405.htm,Andrew Ashley,"['Andrew Ashley', 'Julian Brennan', 'Emily Escobar', 'Joshua Vang', 'Mr. Ryan Yates', 'Chris Blackwell', 'Mr. Charles Olson', 'Christopher Wilkins']",0.7
https://www.nsf.gov/pubs/2026/nsf26406/nsf26406.htm,Julia Pierce,"['Julia Pierce', 'William Pierce', 'Jennifer Rodriguez', 'Kevin King', 'Megan Williams', 'Jared Martin', 'Jacob Hall', 'Diane Stone']",0.7
https://www.nsf.gov/pubs/2026/nsf26407/nsf26407.htm,Alyssa Gutierrez,"['Alyssa Gutierrez', 'Benjamin Gilbert', 'Rachael Jenkins', 'Andrew Ashley', 'Amanda Forbes', 'Jonathan Jensen', 'Zachary Walker', 'Andrea Jackson']",0.7
https://www.nsf.gov/pubs/2026/nsf26408/nsf26408.htm,Rachael Carter,"['Rachael Carter', 'Evan Hughes', 'Casey Webb', 'Megan Daniel DDS', 'Mark Gallagher', 'Holly Soto', 'Adrienne Richardson', 'Melissa White']",0.7
https://www.nsf.gov/pubs/2026/nsf26409/nsf26409.htm,Omar Nelson,"['Omar Nelson', 'Sarah Lee', 'Joshua Little', 'Kevin Nichols', 'Victoria Tucker', 'Johnny Williams', 'Jose Parks']",0.675
https://www.nsf.gov/pubs/2026/nsf26410/nsf26410.htm,Eric Lucas,"['Eric Lucas', 'Steven Brown', 'Chad Mckenzie', 'Kerry Davis', 'David Ward', 'Lisa Tate', 'Beth Gay', 'Natalie Miles']",0.7
https://www.nsf.gov/pubs/2026/nsf26411/nsf26411.htm,Shawn Macdonald,"['Shawn Macdonald', 'Benjamin Camacho', 'Victor Nichols', 'Jillian Davis', 'Bethany Bartlett', 'Melissa Reynolds', 'Jerome Williams', 'Crystal Austin']",0.7
https://www.nsf.gov/pubs/2026/nsf26412/nsf26412.htm,Morgan West,"['Morgan West', 'Joyce Dickson', 'John Anderson', 'Kaitlin Matthews', 'Christine Thomas', 'Danielle Rodriguez PhD', 'Joseph Williams', 'Debbie Ewing']",0.7
https://www.nsf.gov/pubs/2026/nsf26413/nsf26413.htm,Cynthia Orr,"['Cynthia Orr', 'Casey Faulkner', 'Joshua Larson', 'Louis Walters', 'David Farrell', 'Jennifer Massey', 'James Ramos', 'Crystal Long']",0.7
https://www.nsf.gov/pubs/2026/nsf26414/nsf26414.htm,Amanda Forbes,"['Amanda Forbes', 'Julia Raymond', 'Kendra Meadows', 'Kathryn Peterson', 'Miss Adriana Murray', 'April Petersen', 'David Mercado', 'Travis Wise']",0.7
https://www.nsf.gov/pubs/2026/nsf26415/nsf26415.htm,Jeffrey Hill,"['Jeffrey Hill', 'Jason Schroeder', 'Tiffany Crawford', 'Lori Smith', 'Stephen Phillips', 'Kristine Spence', 'Ellen Fields', 'John Byrd']",0.7
https://www.nsf.gov/pubs/2026/nsf26416/nsf26416.htm,Shelley Davis,"['Shelley Davis', 'Daniel Coffey', 'Claudia Bennett', 'Adrienne Richardson', 'Erica Nielsen', 'Michelle Morales']",0.65
https://www.nsf.gov/pubs/2026/nsf26417/nsf26417.htm,Gregory Chang,"['Gregory Chang', 'Bryan Myers', 'Tanya Bush', 'Yvonne Ross', 'Megan Lopez', 'Jonathan Li', 'John Brown', 'Chad Dennis']",0.7
https://www.nsf.gov/pubs/2026/nsf26418/nsf26418.htm,David Norris,"['David Norris', 'Sherry Love', 'Kelly Campos', 'Darren Edwards', 'Yolanda Anderson', 'Margaret Clark']",0.65
https://www.nsf.gov/pubs/2026/nsf26419/nsf26419.htm,Carrie Acosta,"['Carrie Acosta', 'Dr. Susan Huang', 'Deborah Patton', 'Vanessa Nelson', 'Michael Schaefer', 'Caroline Martin', 'Donald Roberts', 'Ariana Green']",0.7
https://www.nsf.gov/pubs/2026/nsf26420/nsf26420.htm,Andrew West,"['Andrew West', 'Amanda Howard', 'Austin Davis', 'David Meyer', 'Brandon King', 'Monique Williams', 'David Norris', 'Elizabeth Terry']",0.7
https://www.nsf.gov/pubs/2026/nsf26421/nsf26421.htm,Valerie Serrano,"['Valerie Serrano', 'Amy Stevens', 'Anna Bennett', 'Alyssa Gutierrez', 'Johnathan Colon', 'Jared Martin', 'Linda Johnson', 'Hannah Ward']",0.7
https://www.nsf.gov/pubs/2026/nsf26422/nsf26422.htm,Rick Hernandez,"['Rick Hernandez', 'Michael Smith', 'Hannah Ward', 'Mike Lee', 'Andrew Rodriguez', 'Ann Curry', 'Stacey Dawson', 'Clinton Adkins']",0.7
https://www.nsf.gov/pubs/2026/nsf26423/nsf26423.htm,Danielle Schwartz,"['Danielle Schwartz', 'Tanner Case', 'Maxwell Wilson', 'Steven Shaw', 'Kurt Solis', 'Clinton Fischer', 'James Sanchez', 'Joseph Alexander']",0.7
https://www.nsf.gov/pubs/2026/nsf26424/nsf26424.htm,Benjamin Camacho,"['Benjamin Camacho', 'Kaitlyn Jones', 'Steven Armstrong', 'Chad Hunt', 'Andrew Martinez', 'Martin Hebert', 'Hannah Ward', 'Alicia Robinson']",0.7
https://www.nsf.gov/pubs/2026/nsf26425/nsf26425.htm,Clinton Fischer,"['Clinton Fischer', 'Randy Hernandez', 'Kathleen Moore', 'Daniel Mccarthy', 'Cheryl Forbes', 'Katherine Smith', 'Michelle Goodwin', 'Amanda Valenzuela']",0.7
https://www.nsf.gov/pubs/2026/nsf26426/nsf26426.htm,Garrett Blair,"['Garrett Blair', 'Beverly Perez', 'Jose Watson', 'James Jones', 'Michael Smith', 'Ronald Wilson', 'Denise Hudson', 'Susan Reynolds']",0.7
https://www.nsf.gov/pubs/2026/nsf26427/nsf26427.htm,Hannah Ward,"['Hannah Ward', 'Andrew West', 'Holly Soto', 'Kristen Ruiz', 'Devon Arellano', 'Stephanie Sanchez', 'Lauren Macdonald', 'Michele Johnson']",0.7
https://www.nsf.gov/pubs/2026/nsf26428/nsf26428.htm,Amy Burke,"['Amy Burke', 'Mary Crane', 'Olivia Patel', 'Michael Stewart', 'Sharon Young', 'Donna Stone', 'Catherine Brooks', 'Benjamin Camacho']",0.7
https://www.nsf.gov/pubs/2026/nsf26429/nsf26429.htm,Terry Gomez,"['Terry Gomez', 'Michael Richardson', 'Christopher Townsend', 'Cheryl Forbes', 'Mary Hubbard', 'Bryan Myers', 'James Page DDS']",0.675
https://www.nsf.gov/pubs/2026/nsf26430/nsf26430.htm,Justin Wilson,"['Justin Wilson', 'Benjamin Gilbert', 'Dr. Nathaniel Harris', 'Helen Moran', 'Diana Suarez', 'Stephanie Collins', 'James Mills', 'Robert Barron']",0.7
https://www.nsf.gov/pubs/2026/nsf26431/nsf26431.htm,Michael Jacobson,"['Michael Jacobson', 'Angel Montoya', 'Evan Hughes', 'Samantha Burns', 'Scott Rose', 'Ryan Robertson', 'Tanya Jenkins', 'Justin Avila']",0.7
https://www.nsf.gov/pubs/2026/nsf26432/nsf26432.htm,Marisa Bowen,"['Marisa Bowen', 'Jose Parks', 'Anthony Miller', 'Martin Hebert', 'Angela Daugherty', 'Anthony Hernandez', 'Christopher Rodriguez', 'Chad Dennis']",0.7
https://www.nsf.gov/pubs/2026/nsf26433/nsf26433.htm,Crystal Flowers,"['Crystal Flowers', 'Erica Alexander', 'Ashley Wolfe', 'Cody Riley Jr.', 'Wendy Patrick', 'Michelle Murray', 'Brooke Anderson', 'Wendy Brown']",0.7
https://www.nsf.gov/pubs/2026/nsf26434/nsf26434.htm,Laurie Johnson,"['Laurie Johnson', 'Lisa Flores', 'Jessica Roberts', 'Katherine Thompson', 'Jason Ryan', 'Emily Escobar', 'Sarah Holt', 'Gregory Cooper']",0.7
https://www.nsf.gov/pubs/2026/nsf26435/nsf26435.htm,Troy Hernandez,"['Troy Hernandez', 'Tracey Anderson', 'Justin Jimenez', 'Alicia Reed', 'Martin Hebert', 'Fred Rowe', 'Kyle Lopez']",0.675
https://www.nsf.gov/pubs/2026/nsf26436/nsf26436.htm,Steven Archer,"['Steven Archer', 'Stephanie Collins', 'Rick Sharp', 'Shawn Macdonald', 'Hannah Donovan', 'Robin Nelson']",0.65
https://www.nsf.gov/pubs/2026/nsf26437/nsf26437.htm,Kevin Campbell,"['Kevin Campbell', 'John Garza', 'Robin Bailey', 'Tina Duke', 'Nicholas Lloyd', 'Anthony Allen', 'Rhonda Glass', 'Brittany Bridges']",0.7
https://www.nsf.gov/pubs/2026/nsf26438/nsf26438.htm,Eric Lucas,"['Eric Lucas', 'Nicholas Davis', 'Jeffrey Tran', 'Philip Young', 'Tony Abbott', 'John Anderson MD', 'Shelby Wood', 'James Strong']",0.7
https://www.nsf.gov/pubs/2026/nsf26439/nsf26439.htm,Teresa Clark,"['Teresa Clark', 'Deborah Patton', 'Dr. Susan Huang', 'Maria Miller', 'Michelle Clark', 'Daniel Hayes']",0.65
https://www.nsf.gov/pubs/2026/nsf26440/nsf26440.htm,Kevin Duncan,"['Kevin Duncan', 'Dr. David Wallace', 'Yolanda Hunt', 'Kevin Mathis', 'Monique Escobar', 'Robert Barron', 'Jermaine Holder', 'Benjamin Camacho']",0.7
https://www.nsf.gov/pubs/2026/nsf26441/nsf26441.htm,Melanie Short,"['Melanie Short', 'Kristen Middleton', 'Ronald Hart', 'Brandon Mclean', 'Seth Moore', 'John Reid', 'Olivia Patel', 'Stephanie Sanchez']",0.7
https://www.nsf.gov/pubs/2026/nsf26442/nsf26442.htm,Stephanie Gibson,"['Stephanie Gibson', 'Keith Johnson', 'Robert Johnson', 'Shawn Macdonald', 'Caitlin Kennedy', 'Briana Singh']",0.65
https://www.nsf.gov/pubs/2026/nsf26443/nsf26443.htm,Kimberly Weaver,"['Kimberly Weaver', 'Joseph Smith', 'Jason Mendoza', 'Jacob Moore', 'Jacob Zamora', 'Casey Webb', 'Zachary Meyer', 'Raymond Johnson']",0.7
https://www.nsf.gov/pubs/2026/nsf26444/nsf26444.htm,Ryan Lopez,"['Ryan Lopez', 'Emily Smith', 'Teresa Clark', 'Karen Blanchard', 'Kristen Ruiz', 'Martin Hebert', 'Jeffrey Hill', 'Holly Soto']",0.7
https://www.nsf.gov/pubs/2026/nsf26445/nsf26445.htm,Alexandra Alvarez MD,"['Alexandra Alvarez MD', 'John Turner', 'Cody Riley Jr.', 'Bryan Gomez', 'Travis Wise', 'Austin Williamson']",0.65
https://www.nsf.gov/pubs/2026/nsf26446/nsf26446.htm,Kevin Lang,"['Kevin Lang', 'Mr. Eric Bruce DVM', 'Stephanie Edwards', 'Ronnie Miles', 'Melanie Knight', 'Victoria Gomez', 'Stephanie Mays MD', 'Cody Mccall']",0.7
https://www.nsf.gov/pubs/2026/nsf26447/nsf26447.htm,Geoffrey Bradley,"['Geoffrey Bradley', 'Richard Donaldson', 'Holly Soto', 'Sarah Wyatt', 'Matthew Davenport', 'Shaun Avila', 'Michael Smith', 'Yvonne Ross']",0.7
https://www.nsf.gov/pubs/2026/nsf26448/nsf26448.htm,Gregory Robinson,"['Gregory Robinson', 'Gregory Oneill', 'Carlos Davis', 'Gina Reese', 'Aaron Dickson', 'Hannah Ward', 'Erin Baker', 'Victoria Gomez']",0.7
https://www.nsf.gov/pubs/2026/nsf26449/nsf26449.htm,Julie Gates,"['Julie Gates', 'Beverly Perez', 'John Anderson', 'Richard Brown', 'Maria Brown', 'Michelle Gutierrez', 'Dominic Johnson', 'Adam Howell']",0.7
https://www.nsf.gov/pubs/2026/nsf26450/nsf26450.htm,Steven Davis,"['Steven Davis', 'Zachary Walker', 'Patrick Rivera', 'Jeffrey Cooke', 'Amanda Young', 'James Kirby', 'Cody Lewis', 'Andrea Cain']",0.7
https://www.nsf.gov/pubs/2026/nsf26451/nsf26451.htm,Tonya Hurley,"['Tonya Hurley', 'Stephen Mullins', 'Troy English', 'David Hayes', 'Benjamin Camacho', 'Michelle Baker', 'Dr. Nathaniel Harris', 'Stephanie Johnson']",0.7
https://www.nsf.gov/pubs/2026/nsf26452/nsf26452.htm,Anthony George,"['Anthony George', 'Brittany Nguyen', 'Hailey Ford', 'Nathaniel Snow', 'Andrea Cain', 'Amy Martin', 'Gregory Leonard', 'Anthony Orr']",0.7
https://www.nsf.gov/pubs/2026/nsf26453/nsf26453.htm,Casey Faulkner,"['Casey Faulkner', 'Mary Hubbard', 'Amy Stevens', 'Benjamin Dunn', 'Sara Odonnell', 'Crystal Soto', 'Tracey Anderson', 'Christopher Townsend']",0.7
https://www.nsf.gov/pubs/2026/nsf26454/nsf26454.htm,Jeffrey Hill,"['Jeffrey Hill', 'Christopher Townsend', 'Megan Lopez', 'Holly Soto', 'Renee Rivas', 'Susan Jones', 'James Stephens']",0.675
https://www.nsf.gov/pubs/2026/nsf26455/nsf26455.htm,Jacob Zamora,"['Jacob Zamora', 'Taylor Jefferson', 'Brooke Anderson', 'Michael Stewart', 'Jacqueline Richard', 'Michael Henson', 'Victoria Tucker', 'Patrick Rivera']",0.7
https://www.nsf.gov/pubs/2026/nsf26456/nsf26456.htm,Courtney Mayer,"['Courtney Mayer', 'Gina Alvarado', 'Charles Black', 'Sheila Martin', 'Kelly Jackson', 'Karen Lopez']",0.65
https://www.nsf.gov/pubs/2026/nsf26457/nsf26457.htm,Tracy Moses,"['Tracy Moses', 'Jack Camacho', 'Sarah Beasley', 'Stephanie Collins', 'Elizabeth Moore', 'Stephanie Mays MD', 'Jennifer Massey', 'Brenda Pierce']",0.7
https://www.nsf.gov/pubs/2026/nsf26458/nsf26458.htm,Christine Mclean,"['Christine Mclean', 'Melvin Vega', 'Stephen Lambert', 'William Hogan', 'Jillian Vargas', 'Robert Stephenson', 'Dr. Susan Huang', 'Amy Burke']",0.7
https://www.nsf.gov/pubs/2026/nsf26459/nsf26459.htm,Aaron Smith,"['Aaron Smith', 'Robert Daniels', 'Rachael Taylor', 'Allison Andrews', 'Bryan Myers', 'Shaun Avila', 'Mary Herrera', 'Thomas Hines']",0.7
https://www.nsf.gov/pubs/2026/nsf26460/nsf26460.htm,Teresa Clark,"['Teresa Clark', 'Marissa Flores', 'Jessica Clayton', 'Martin Turner', 'Donna Stone', 'Cindy Brown', 'Casey Jordan', 'Scott Rose']",0.7
https://www.nsf.gov/pubs/2026/nsf26461/nsf26461.htm,Johnny Austin,"['Johnny Austin', 'Crystal Washington', 'Timothy Smith', 'Fred Rowe', 'Brett Young', 'Melissa White', 'Crystal Miller', 'Austin Williamson']",0.7
https://www.nsf.gov/pubs/2026/nsf26462/nsf26462.htm,Jonathan Young,"['Jonathan Young', 'Christina Bush', 'Jeffrey Hill', 'Bobby Wolf', 'Joyce Dickson', 'Christopher Townsend', 'Tyler Willis', 'Crystal Baker']",0.7
https://www.nsf.gov/pubs/2026/nsf26463/nsf26463.htm,Katherine Gordon,"['Katherine Gordon', 'Shari Daniel', 'Mr. Ryan Yates', 'Lisa White', 'Tyler Harper', 'Kevin Garcia', 'Chelsea Henderson', 'Omar Nelson']",0.7
https://www.nsf.gov/pubs/2026/nsf26464/nsf26464.htm,Jeffrey Butler,"['Jeffrey Butler', 'Erica Nielsen', 'James Page DDS', 'Jason Arnold', 'Eric Warren', 'Dr. Michael Stephens', 'Samantha Burns', 'Kelly Flores']",0.7
https://www.nsf.gov/pubs/2026/nsf26465/nsf26465.htm,Ariana Green,"['Ariana Green', 'Benjamin Camacho', 'Jason Mendoza', 'Shelby Miller', 'Jacqueline Lewis', 'Alexandra Alvarez MD', 'Tom Rivera', 'Jessica Roberts']",0.7
https://www.nsf.gov/pubs/2026/nsf26466/nsf26466.htm,Mrs. Jessica Lee,"['Mrs. Jessica Lee', 'Kimberly Campbell', 'Zachary Walker', 'Martin Hebert', 'Rodney Sanchez', 'Heather Rodriguez', 'Joseph King', 'Angela Morrison']",0.7
https://www.nsf.gov/pubs/2026/nsf26467/nsf26467.htm,Thomas Hicks,"['Thomas Hicks', 'Lisa Tate', 'Valerie Schaefer', 'Daniel Freeman', 'Michael Jenkins', 'Mary Crane']",0.65
https://www.nsf.gov/pubs/2026/nsf26468/nsf26468.htm,Luke Jones,"['Luke Jones', 'Michael Dougherty', 'Anne Cruz', 'Melissa White', 'Teresa Clark', 'Scott Rose', 'Kara Zavala', 'Michelle Morales']",0.7
https://www.nsf.gov/pubs/2026/nsf26469/nsf26469.htm,Erin Baker,"['Erin Baker', 'Samuel Collins', 'Christina Ware', 'Jack Thompson', 'Amanda Howard', 'Rhonda Stein', 'Clinton Fischer', 'Jessica Taylor']",0.7
https://www.nsf.gov/pubs/2026/nsf26470/nsf26470.htm,Mary Carter,"['Mary Carter', 'Robert Short', 'Rick Edwards', 'Kevin Campbell', 'Tiffany Crawford', 'Jonathan Lin', 'Linda Leblanc', 'Kevin Hurley']",0.7
https://www.nsf.gov/pubs/2026/nsf26471/nsf26471.htm,Martin Hebert,"['Martin Hebert', 'Robin Nelson', 'David Chen', 'Julie Williams', 'Michelle Morales', 'Melanie Jones', 'Crystal Novak', 'Michael Henson']",0.7
https://www.nsf.gov/pubs/2026/nsf26472/nsf26472.htm,Anna Bennett,"['Anna Bennett', 'Gina Valencia', 'Robert Santos', 'Robert Smith', 'Ashley Hayes', 'Misty Flynn', 'Riley Joseph', 'Robert Jordan']",0.7
https://www.nsf.gov/pubs/2026/nsf26473/nsf26473.htm,Andrew Meadows,"['Andrew Meadows', 'Anthony Bolton', 'Kayla James', 'Gilbert Owen', 'Debbie Thomas', 'Kimberly Campbell', 'Samantha Carroll', 'Alexandra Alvarez MD']",0.7
https://www.nsf.gov/pubs/2026/nsf26474/nsf26474.htm,Troy Hernandez,"['Troy Hernandez', 'Rachael Jenkins', 'Timothy Escobar', 'Christopher Meyer', 'William Mclaughlin', 'Julie Larson', 'Monique Herring', 'Shannon Adams']",0.7
https://www.nsf.gov/pubs/2026/nsf26475/nsf26475.htm,Alexander Olson,"['Alexander Olson', 'Donna Flores', 'Mark Holt', 'Gregory Leonard', 'Aaron Smith', 'John Garcia', 'Darlene Blake', 'Christopher Gray']",0.7
https://www.nsf.gov/pubs/2026/nsf26476/nsf26476.htm,Mary Ayala,"['Mary Ayala', 'Kimberly Allen', 'Jessica Clayton', 'Michael Barnett', 'Jamie Holmes', 'Joseph King']",0.65
https://www.nsf.gov/pubs/2026/nsf26477/nsf26477.htm,Katherine Smith,"['Katherine Smith', 'Stephanie West', 'Melanie Knight', 'Zachary Aguilar', 'Brent Fisher', 'Brian Martin', 'Robert Barron', 'Molly Powell']",0.7
https://www.nsf.gov/pubs/2026/nsf26478/nsf26478.htm,Steven Armstrong,"['Steven Armstrong', 'Victoria Tucker', 'Anthony Powers', 'Evan Hughes', 'Alexandria Wolfe', 'Jeffery Alvarez', 'Renee Watkins', 'Shawn Guerrero']",0.7
https://www.nsf.gov/pubs/2026/nsf26479/nsf26479.htm,Sarah Miller,"['Sarah Miller', 'Louis Solomon', 'Dave Farmer', 'Samuel Cooper', 'Donald Taylor', 'Kevin Campbell', 'Travis Montoya', 'Tanya Jenkins']",0.7
https://www.nsf.gov/pubs/2026/nsf26480/nsf26480.htm,Jeffrey Tran,"['Jeffrey Tran', 'Jason Schroeder', 'Donna Mckenzie', 'Jason Mcdonald', 'Michael Anderson', 'Donald Gonzalez', 'Stacy Smith', 'Adrienne Richardson']",0.7
https://www.nsf.gov/pubs/2026/nsf26481/nsf26481.htm,Kevin King,"['Kevin King', 'David Farrell', 'Bianca Hamilton', 'Richard Glass', 'Rhonda Stein', 'Michelle Goodwin', 'Brian Bonilla', 'Tamara Pierce']",0.7
https://www.nsf.gov/pubs/2026/nsf26482/nsf26482.htm,Michael Decker,"['Michael Decker', 'Stephanie Collins', 'Brenda Arnold', 'Rick Sharp', 'Carl Lee', 'Jennifer Keller']",0.65
https://www.nsf.gov/pubs/2026/nsf26483/nsf26483.htm,Cody Wilson,"['Cody Wilson', 'David Norris', 'Kelly Flores', 'Teresa Clark', 'Aaron Davis', 'John Anderson MD', 'Michael Henson', 'Sarah Miller']",0.7
https://www.nsf.gov/pubs/2026/nsf26484/nsf26484.htm,Tony Abbott,"['Tony Abbott', 'Yvonne Bennett', 'Jacob Moore', 'Evan Hughes', 'Marisa Bowen', 'Ellen Fields', 'William Mclaughlin', 'Krista Gonzalez']",0.7
https://www.nsf.gov/pubs/2026/nsf26485/nsf26485.htm,Jocelyn West,"['Jocelyn West', 'Keith Johnson', 'Michelle Clark', 'Kelly Campos', 'Cory Pace', 'Adrienne Allen', 'Rachael Jenkins', 'Matthew Fleming']",0.7
https://www.nsf.gov/pubs/2026/nsf26486/nsf26486.htm,Brenda Pierce,"['Brenda Pierce', 'Jennifer Nguyen', 'Dr. Nathaniel Harris', 'Jacqueline Lewis', 'Dr. David Wallace', 'Jennifer Rodriguez', 'Michael Hopkins', 'Jerome Williams']",0.7
https://www.nsf.gov/pubs/2026/nsf26487/nsf26487.htm,Deborah Patton,"['Deborah Patton', 'Michelle Koch', 'Carl Lee', 'Jeanne Ramsey', 'Theresa Williams', 'Megan Ryan']",0.65
https://www.nsf.gov/pubs/2026/nsf26488/nsf26488.htm,Benjamin Camacho,"['Benjamin Camacho', 'Kaitlyn Jones', 'Stephen Cunningham', 'Marissa Flores', 'Charles Black', 'Cheryl Forbes']",0.65
https://www.nsf.gov/pubs/2026/nsf26489/nsf26489.htm,Lindsay Nunez,"['Lindsay Nunez', 'Richard Grimes', 'Christopher Townsend', 'Sharon Hernandez', 'Darren Hernandez', 'Kaitlin Matthews', 'Katherine Gordon', 'Lisa James']",0.7
https://www.nsf.gov/pubs/2026/nsf26490/nsf26490.htm,Scott Green,"['Scott Green', 'Evan Hughes', 'Gregory Cooper', 'Nicholas Sloan', 'Eric Warren', 'Margaret Ball', 'Brooke Anderson', 'Samantha Burns']",0.7
https://www.nsf.gov/pubs/2026/nsf26491/nsf26491.htm,Erin Baker,"['Erin Baker', 'Shelia Anderson', 'Kayla Roy', 'Casey Jordan', 'Shawn Guerrero', 'Kevin Gordon', 'Teresa Clark']",0.675
https://www.nsf.gov/pubs/2026/nsf26492/nsf26492.htm,Debbie Ewing,"['Debbie Ewing', 'Joshua Williams', 'Carmen Meyer', 'Lisa Sloan', 'Deborah Patton', 'Justin Jimenez', 'Joseph Williams', 'Jessica Morris DVM']",0.7
https://www.nsf.gov/pubs/2026/nsf26493/nsf26493.htm,Tammie Nguyen,"['Tammie Nguyen', 'Rodney Jones', 'Holly Soto', 'Darren Edwards', 'Jason Jackson', 'Andrew Ashley']",0.65
https://www.nsf.gov/pubs/2026/nsf26494/nsf26494.htm,Steve Bowen,"['Steve Bowen', 'Ashley Carey', 'Kelly Wilson', 'Brian Martin', 'Joan Benitez', 'Jessica Davis', 'Megan Franklin', 'Natalie Santiago']",0.7
https://www.nsf.gov/pubs/2026/nsf26495/nsf26495.htm,David Farrell,"['David Farrell', 'Casey Webb', 'Anthony Grant', 'Melanie Jones', 'Michelle Koch', 'Nancy Oliver', 'Ronnie Gibson', 'Tyler Hancock']",0.7
https://www.nsf.gov/pubs/2026/nsf26496/nsf26496.htm,Kristen Middleton,"['Kristen Middleton', 'Natalie Santiago', 'John Stanley', 'Jonathan Gordon', 'Robert Santos', 'Janet Lester', 'Brandon Thompson', 'Richard Brown']",0.7
https://www.nsf.gov/pubs/2026/nsf26497/nsf26497.htm,Mr. Ryan Yates,"['Mr. Ryan Yates', 'John Brown', 'Hailey Ford', 'Steve Sanchez', 'Stacy Miller', 'Darren Edwards', 'Andrew Ashley', 'Theresa Moore']",0.7
https://www.nsf.gov/pubs/2026/nsf26498/nsf26498.htm,Brandon King,"['Brandon King', 'Joan Benitez', 'Jacob Webster', 'Matthew Jordan', 'John Weeks', 'Donna Flores', 'Steve Sanchez', 'Austin Williamson']",0.7
https://www.nsf.gov/pubs/2026/nsf26499/nsf26499.htm,Mary Carter,"['Mary Carter', 'Sarah Holt', 'Geoffrey Bradley', 'Karla Campbell', 'Jacob Webster', 'Kristen Ruiz', 'Tyler Mcgee', 'Savannah Conley']",0.7
